movie,speaker,utterance,srt_index,emotion,emotion_id,start_time,end_time
Brave,LordDingwall,Men: Dingwall!,0280,neutral,4,"00:19:46,602","00:19:48,593"
Brave,LordDingwall,and he took out a whole armada singlehandedly.,0283,neutral,4,"00:19:58,447","00:20:02,690"
Brave,LordDingwall,"With one arm, he was...",0284,neutral,4,"00:20:02,827","00:20:04,283"
Brave,LordDingwall,With one arm he was steering the ship,0285,neutral,4,"00:20:05,579","00:20:08,286"
Brave,LordDingwall,and with the other he held his mighty sword,0286,neutral,4,"00:20:08,332","00:20:11,449"
Brave,LordDingwall,Man: Lies! What? I heard that.,0288,angry,0,"00:20:14,338","00:20:16,704"
Brave,LordDingwall,Go on. Say it to my face.,0289,neutral,4,"00:20:16,966","00:20:18,957"
Brave,LordDingwall,"Or are ye scared, simpering jackanapes,",0290,neutral,4,"00:20:19,301","00:20:21,963"
Brave,LordDingwall,"And we don't hide under Bridges, you grumpy old troll.",0294,neutral,4,"00:20:32,148","00:20:35,640"
Brave,LordDingwall,"You want to laugh, huh?",0295,disgust,1,"00:20:39,155","00:20:41,271"
Brave,LordDingwall,With a mighty throw of his spear!,0817,neutral,4,"01:06:23,480","01:06:25,562"
Brave,LordDingwall,What? Aye. Why shouldn't we choose?,0851,angry,0,"01:08:30,064","01:08:33,397"
Brave,LordDingwall,If they can.,0858,others,7,"01:08:58,593","01:08:59,924"
Brave,LordMacGuffin,Men: Macguffin!,0274,neutral,4,"00:19:25,915","00:19:27,576"
Brave,LordMacGuffin,"Good majesty, I present my eldest son,",0275,neutral,4,"00:19:28,376","00:19:32,585"
Brave,LordMacGuffin,who scuttled the viking longships,0276,neutral,4,"00:19:32,672","00:19:35,459"
Brave,LordMacGuffin,Here we go. Another hunt through the castle.,0555,neutral,4,"00:41:43,793","00:41:46,535"
Brave,LordMacGuffin,No more talk. No more traditions.,0766,angry,0,"01:03:35,520","01:03:38,227"
Brave,LordMacGuffin,Once there was an ancient kingdom.,0792,neutral,4,"01:05:16,287","01:05:19,905"
Brave,LordMacGuffin,I did not pick her out. It was your idea.,0853,neutral,4,"01:08:35,653","01:08:38,645"
Brave,LordMacGuffin,Good?,0855,neutral,4,"01:08:47,081","01:08:49,538"
Brave,LordMacGuffin,"Well, that settles it.",0856,happy,3,"01:08:52,170","01:08:53,706"
Brave,LordMacGuffin,Let these lads try and win her heart before they win her hand.,0857,happy,3,"01:08:53,796","01:08:58,540"
Brave,Macintosh,Men: Macintosh!,0267,neutral,4,"00:19:04,560","00:19:06,892"
Brave,Macintosh,"Your majesty, I present my heir and scion,",0268,neutral,4,"00:19:06,979","00:19:10,517"
Brave,Macintosh,"who defended our land from the northern invaders,",0269,neutral,4,"00:19:10,566","00:19:14,058"
Brave,Macintosh,"and with his own sword, stab blooder,",0270,neutral,4,"00:19:14,153","00:19:18,317"
Brave,Macintosh,Man: Huh?,0293,others,7,"00:20:30,312","00:20:32,052"
Brave,Macintosh,You're the king.,0768,surprise,6,"01:03:39,733","01:03:41,314"
Brave,Macintosh,"Well, where is she, then? She, uh...",0784,others,7,"01:04:46,466","01:04:48,707"
Brave,Macintosh,and chaos and ruin...,0795,others,7,"01:05:25,505","01:05:27,587"
Brave,Macintosh,Huh?,0846,neutral,4,"01:08:18,720","01:08:19,755"
Brave,Macintosh,"Well, since you've obviously made up your minds about this,",0847,neutral,4,"01:08:19,846","01:08:23,009"
Brave,Macintosh,"I say, the wee Dingwall has a fighting chance.",0859,others,7,"01:09:00,011","01:09:03,003"
Brave,Macintosh,"Fine, then. Seems for once we agree.",0860,surprise,6,"01:09:03,056","01:09:05,513"
Brave,Merida,She's in charge of every single day of my life.,0059,neutral,4,"00:05:50,934","00:05:53,767"
Brave,Merida,or it's all for naught.,0064,neutral,4,"00:06:07,617","00:06:09,232"
Brave,Merida,This is all for naught. I heard that!,0065,others,7,"00:06:09,286","00:06:11,777"
Brave,Merida,Whoosh!,0113,neutral,4,"00:09:41,164","00:09:42,700"
Brave,Merida,"One swipe, his sword shattered.",0114,neutral,4,"00:09:42,791","00:09:44,907"
Brave,Merida,Then chomp! Dad's leg was clean off.,0115,others,7,"00:09:45,001","00:09:48,118"
Brave,Merida,"Merida, a Princess does not place her weapons on the table.",0122,others,7,"00:10:07,565","00:10:11,353"
Brave,Merida,Mum? You'll never guess what I did today.,0127,happy,3,"00:10:22,122","00:10:24,909"
Brave,Merida,"Hm? I climbed the crone's tooth,",0128,happy,3,"00:10:24,999","00:10:27,160"
Brave,Merida,Hey!,0158,neutral,4,"00:11:44,746","00:11:46,031"
Brave,Merida,"This year, each clan will present a suitor to compete in the games for your hand.",0169,angry,0,"00:12:23,993","00:12:27,986"
Brave,Merida,"Merida, this is what you've been preparing for your whole life.",0172,angry,0,"00:12:34,087","00:12:37,124"
Brave,Merida,"No, it's what you've been preparing me for my whole life.",0173,angry,0,"00:12:37,674","00:12:41,087"
Brave,Merida,Boys!,0178,fear,2,"00:12:51,604","00:12:53,845"
Brave,Merida,Once there was an ancient kingdom...,0180,others,7,"00:13:01,823","00:13:04,189"
Brave,Merida,"Oh, mum!",0181,others,7,"00:13:04,242","00:13:06,858"
Brave,Merida,"to war, and chaos and ruin.",0189,neutral,4,"00:13:36,607","00:13:39,565"
Brave,Merida,Legends are lessons. They ring with truths.,0192,neutral,4,"00:13:43,990","00:13:47,073"
Brave,Merida,Call off the gathering. Would that kill them?,0218,angry,0,"00:15:09,242","00:15:12,325"
Brave,Merida,You're the queen.,0219,angry,0,"00:15:12,412","00:15:13,743"
Brave,Merida,You can just tell the lords the Princess is not ready for this.,0220,angry,0,"00:15:13,830","00:15:17,163"
Brave,Merida,"In fact, she might not ever be ready for this, so that's that.",0221,angry,0,"00:15:17,208","00:15:20,871"
Brave,Merida,But we can't just run away from who we are.,0225,angry,0,"00:15:31,222","00:15:34,714"
Brave,Merida,I don't want my life to be over.,0226,angry,0,"00:15:34,809","00:15:37,300"
Brave,Merida,But are you willing to pay the price your freedom will cost?,0228,neutral,4,"00:15:38,855","00:15:42,097"
Brave,Merida,"If you could just try to see what I do, I do out of love.",0230,neutral,4,"00:15:44,360","00:15:49,900"
Brave,Merida,"But it's my life, it's...",0231,neutral,4,"00:15:49,991","00:15:52,949"
Brave,Merida,"I think you'd see, if you could just...",0233,neutral,4,"00:15:55,204","00:15:57,069"
Brave,Merida,Listen. __listen.,0235,neutral,4,"00:16:00,293","00:16:01,874"
Brave,Merida,"I swear, Angus, this isn't going to happen.",0236,neutral,4,"00:16:05,214","00:16:08,377"
Brave,Merida,"Och, shush! Give us a turn.",0246,neutral,4,"00:16:58,392","00:17:00,383"
Brave,Merida,I can't move.,0247,neutral,4,"00:17:01,854","00:17:04,140"
Brave,Merida,It is customary that the challenge be determined by the Princess herself.,0319,happy,3,"00:22:39,733","00:22:44,397"
Brave,Merida,Archery! Archery.,0320,neutral,4,"00:22:44,446","00:22:46,152"
Brave,Merida,"At least you hit the target, son.",0339,neutral,4,"00:24:56,996","00:25:00,409"
Brave,Merida,Fergus. “What?,0343,sad,5,"00:25:12,928","00:25:14,543"
Brave,Merida,"By the way, hope you don't mind being called lady ding...",0351,neutral,4,"00:25:54,678","00:25:57,795"
Brave,Merida,I am Merida.,0352,neutral,4,"00:26:04,980","00:26:07,642"
Brave,Merida,Firstborn descendant of clan dun broch.,0353,neutral,4,"00:26:07,691","00:26:10,933"
Brave,Merida,You listen to me!,0368,others,7,"00:27:38,574","00:27:40,110"
Brave,Merida,Ha! Unfair?,0370,angry,0,"00:27:42,578","00:27:44,284"
Brave,Merida,You're never there for me.,0371,angry,0,"00:27:44,371","00:27:46,407"
Brave,Merida,This whole marriage is what you want.,0372,angry,0,"00:27:46,498","00:27:49,160"
Brave,Merida,Do you ever bother to ask what I want? No.,0373,angry,0,"00:27:49,251","00:27:52,414"
Brave,Merida,"You walk around telling me what to do, what not to do,",0374,angry,0,"00:27:52,504","00:27:55,337"
Brave,Merida,trying to make me be like you.,0375,angry,0,"00:27:55,424","00:27:57,915"
Brave,Merida,"Oh, you're acting like a child.",0377,angry,0,"00:28:00,387","00:28:02,093"
Brave,Merida,"I'll never be like you. No, stop that!",0380,angry,0,"00:28:07,060","00:28:09,426"
Brave,Merida,and I expect you to act like one. Mum!,0383,surprise,6,"00:28:19,656","00:28:22,443"
Brave,Merida,Whoa!,0392,sad,5,"00:29:18,507","00:29:20,589"
Brave,Merida,"Come on, Angus.",0394,happy,3,"00:30:09,391","00:30:12,383"
Brave,Merida,Angus!,0395,neutral,4,"00:30:12,477","00:30:13,683"
Brave,Merida,Why would the wisps lead me here?,0396,neutral,4,"00:31:02,569","00:31:05,026"
Brave,Merida,Everything is half off.,0400,neutral,4,"00:31:34,476","00:31:36,808"
Brave,Merida,Uh...,0401,neutral,4,"00:31:37,312","00:31:38,347"
Brave,Merida,Who are you? Just a humble woodcarver.,0402,neutral,4,"00:31:42,192","00:31:45,275"
Brave,Merida,Um...,0403,surprise,6,"00:31:45,320","00:31:46,810"
Brave,Merida,Perhaps a touch of whimsy to brighten any dank chamber?,0406,neutral,4,"00:31:52,119","00:31:56,203"
Brave,Merida,I'll make you a deal for this rare prize.,0409,neutral,4,"00:32:01,169","00:32:02,830"
Brave,Merida,"If you're not going to buy anything, get out.",0427,fear,2,"00:33:00,228","00:33:05,188"
Brave,Merida,"And how are you going to pay for that, sweetie?",0432,neutral,4,"00:33:19,289","00:33:23,578"
Brave,Merida,"Merida: Ah, ah, ah.",0436,neutral,4,"00:33:35,305","00:33:36,715"
Brave,Merida,Are you sure you know what you're doing?,0438,neutral,4,"00:33:43,355","00:33:46,313"
Brave,Merida,I want a spell to change my mum.,0439,neutral,4,"00:33:46,399","00:33:49,937"
Brave,Merida,A spell that would change his fate.,0451,neutral,4,"00:34:23,562","00:34:25,518"
Brave,Merida,Hey!,0464,others,7,"00:35:19,409","00:35:20,489"
Brave,Merida,You don't want it? Yes! I want it.,0466,neutral,4,"00:35:23,455","00:35:26,447"
Brave,Merida,"You're sure if I give this to my mum,",0467,neutral,4,"00:35:27,000","00:35:31,084"
Brave,Merida,What was that thing about the spell?,0473,neutral,4,"00:35:46,770","00:35:48,977"
Brave,Merida,Did you say something about,0474,neutral,4,"00:35:49,731","00:35:52,643"
Brave,Merida,Elinor: Merida. Mum!,0479,neutral,4,"00:36:25,767","00:36:27,758"
Brave,Merida,What's this? It's a peace offering.,0492,neutral,4,"00:37:11,938","00:37:14,771"
Brave,Merida,Oh. Interesting flavor.,0496,neutral,4,"00:37:26,619","00:37:29,406"
Brave,Merida,"Tart and, um, gamy.",0499,neutral,4,"00:37:34,419","00:37:37,707"
Brave,Merida,"Mum! Oh, suddenly I'm not so well.",0508,neutral,4,"00:38:04,199","00:38:07,987"
Brave,Merida,"Just take all the time you need to getting yourself right, mum.",0529,neutral,4,"00:39:09,472","00:39:13,431"
Brave,Merida,Cake.,0532,neutral,4,"00:39:20,066","00:39:21,647"
Brave,Merida,Mum?,0533,neutral,4,"00:39:23,862","00:39:25,068"
Brave,Merida,"So I'll just tell them the wedding's off, then?",0534,neutral,4,"00:39:25,113","00:39:27,775"
Brave,Merida,Mum?,0535,fear,2,"00:39:32,871","00:39:34,862"
Brave,Merida,_oh!,0537,neutral,4,"00:40:26,799","00:40:27,799"
Brave,Merida,Mum?,0538,fear,2,"00:40:37,268","00:40:38,804"
Brave,Merida,You're... you're a bear!,0539,others,7,"00:40:40,563","00:40:43,805"
Brave,Merida,Why a bear?,0540,others,7,"00:40:45,944","00:40:47,309"
Brave,Merida,"Oh, that scaffy witch gave me a gammy spell.",0541,others,7,"00:40:47,570","00:40:51,563"
Brave,Merida,It's not my fault.,0542,others,7,"00:40:53,618","00:40:54,949"
Brave,Merida,I didn't ask her to change you into a bear.,0543,others,7,"00:40:55,036","00:40:57,027"
Brave,Merida,Something's not right.,0546,others,7,"00:41:10,301","00:41:12,542"
Brave,Merida,There's no point in having a go at me. The witch is to blame.,0547,others,7,"00:41:15,890","00:41:19,223"
Brave,Merida,"Merida: Mum, you can't go out there.",0558,others,7,"00:41:56,597","00:41:59,213"
Brave,Merida,What are you doing? Dad. The bear king?,0560,others,7,"00:42:04,272","00:42:08,140"
Brave,Merida,Stop!,0572,angry,0,"00:42:37,638","00:42:38,673"
Brave,Merida,You're covered with fur.,0573,angry,0,"00:42:42,018","00:42:44,179"
Brave,Merida,You're not naked.,0574,angry,0,"00:42:44,270","00:42:45,976"
Brave,Merida,Hm?,0588,neutral,4,"00:43:55,133","00:43:56,168"
Brave,Merida,"Oh, all right.",0591,neutral,4,"00:44:03,432","00:44:05,172"
Brave,Merida,You can have my desserts for two... three weeks.,0592,neutral,4,"00:44:05,226","00:44:08,514"
Brave,Merida,"Mum, we've got to hurry.",0618,neutral,4,"00:46:34,625","00:46:36,991"
Brave,Merida,Lead me to the witch's cottage.,0625,neutral,4,"00:47:15,583","00:47:18,165"
Brave,Merida,I'm here!,0626,neutral,4,"00:47:19,295","00:47:21,286"
Brave,Merida,Fine. Don't come out now that my mum's watching.,0627,neutral,4,"00:47:22,214","00:47:25,798"
Brave,Merida,I was standing right here and the wisp appeared right there.,0628,neutral,4,"00:47:27,011","00:47:32,005"
Brave,Merida,"Oh, does she think we're just going to happen upon the witch's cottage?",0630,neutral,4,"00:47:41,609","00:47:45,943"
Brave,Merida,"Oh, mum, I know this place.",0631,neutral,4,"00:47:59,960","00:48:02,167"
Brave,Merida,The witch's cottage...,0632,neutral,4,"00:48:02,713","00:48:04,669"
Brave,Merida,No. She was here.,0635,neutral,4,"00:48:25,528","00:48:28,270"
Brave,Merida,"No, really, she was just here.",0636,neutral,4,"00:48:29,240","00:48:32,403"
Brave,Merida,torn by pride.,0657,neutral,4,"00:50:01,582","00:50:03,618"
Brave,Merida,Thank you for visiting. Have a lovely day.,0671,neutral,4,"00:50:43,332","00:50:46,369"
Brave,Merida,I'll always be right here.,0675,neutral,4,"00:52:17,384","00:52:20,376"
Brave,Merida,Uh... good morning.,0676,neutral,4,"00:52:42,618","00:52:44,779"
Brave,Merida,So...,0677,neutral,4,"00:52:46,914","00:52:48,950"
Brave,Merida,What?,0680,neutral,4,"00:52:56,590","00:52:58,251"
Brave,Merida,Sorry. I don't speak bear.,0681,neutral,4,"00:53:05,015","00:53:06,926"
Brave,Merida,"Find those by the creek, did you? Mm-hm.",0684,neutral,4,"00:53:27,955","00:53:30,617"
Brave,Merida,They're poisonous.,0687,neutral,4,"00:53:34,628","00:53:36,243"
Brave,Merida,Come on.,0689,happy,3,"00:53:58,694","00:54:01,606"
Brave,Merida,Breakfast.,0690,neutral,4,"00:54:09,663","00:54:10,823"
Brave,Merida,Uh... mum?,0719,neutral,4,"00:57:14,056","00:57:16,763"
Brave,Merida,You changed.,0720,neutral,4,"00:57:23,523","00:57:25,514"
Brave,Merida,"I mean, like you were a bear on the inside.",0722,neutral,4,"00:57:27,945","00:57:31,403"
Brave,Merida,Mum...,0727,neutral,4,"00:57:52,552","00:57:54,543"
Brave,Merida,but we've got to keep our heads.,0731,neutral,4,"00:58:07,734","00:58:10,976"
Brave,Merida,Listen.,0733,neutral,4,"00:58:13,991","00:58:15,982"
Brave,Merida,Merida: Why did the wisps bring us here?,0736,neutral,4,"00:59:26,063","00:59:28,645"
Brave,Merida,a throne room.,0741,neutral,4,"01:00:20,700","01:00:21,780"
Brave,Merida,The oldest.,0749,neutral,4,"01:00:40,303","01:00:42,168"
Brave,Merida,"Split, like the tapestry.",0750,neutral,4,"01:00:45,142","01:00:47,303"
Brave,Merida,Strength of ten men.,0752,neutral,4,"01:01:00,866","01:01:03,357"
Brave,Merida,Changed his fate.,0754,neutral,4,"01:01:09,082","01:01:11,949"
Brave,Merida,"Oh, no.",0755,neutral,4,"01:01:13,044","01:01:14,705"
Brave,Merida,"If we don't hurry, you'll become like Mor'du.",0759,others,7,"01:02:33,458","01:02:36,791"
Brave,Merida,A bear!,0760,others,7,"01:02:36,836","01:02:38,201"
Brave,Merida,Mend the bond torn by pride.,0762,others,7,"01:02:40,715","01:02:44,299"
Brave,Merida,Then our alliance is over! This means war!,0771,others,7,"01:03:48,575","01:03:51,567"
Brave,Merida,They're gonna murder each other.,0772,others,7,"01:03:56,374","01:03:58,080"
Brave,Merida,"What are you doing, lass? It's all right, dad.",0778,neutral,4,"01:04:27,781","01:04:31,399"
Brave,Merida,"I, um...",0779,neutral,4,"01:04:31,451","01:04:34,113"
Brave,Merida,"Well, you see, I...",0781,neutral,4,"01:04:37,832","01:04:40,790"
Brave,Merida,That's right. Let's see her. Shut it!,0789,neutral,4,"01:04:57,519","01:04:59,680"
Brave,Merida,"Well, I, uh...",0790,neutral,4,"01:05:04,484","01:05:06,645"
Brave,Merida,Uh...,0791,neutral,4,"01:05:10,824","01:05:11,824"
Brave,Merida,"Och, we've all heard that tale. Lost kingdom.",0796,neutral,4,"01:05:27,674","01:05:30,757"
Brave,Merida,"Aye, but it's true.",0797,neutral,4,"01:05:30,844","01:05:32,425"
Brave,Merida,They ring with truths.,0801,neutral,4,"01:05:40,228","01:05:42,310"
Brave,Merida,Our kingdom is young.,0802,neutral,4,"01:05:43,356","01:05:44,937"
Brave,Merida,Our stories are not yet legend.,0803,neutral,4,"01:05:45,191","01:05:47,307"
Brave,Merida,"But in them, our bond was struck.",0804,neutral,4,"01:05:47,360","01:05:50,523"
Brave,Merida,you joined together to defend our lands.,0807,neutral,4,"01:05:56,202","01:05:59,194"
Brave,Merida,You fought for each other.,0808,neutral,4,"01:05:59,747","01:06:02,409"
Brave,Merida,"I was aiming at you, you big tumshie.",0818,neutral,4,"01:06:25,607","01:06:27,518"
Brave,Merida,My dad rallied your forces,0820,neutral,4,"01:06:32,780","01:06:35,362"
Brave,Merida,and you made him your king.,0821,neutral,4,"01:06:35,408","01:06:37,774"
Brave,Merida,It was an alliance forged in bravery and friendship,0822,neutral,4,"01:06:37,869","01:06:41,953"
Brave,Merida,and it lives to this day.,0823,neutral,4,"01:06:42,040","01:06:43,780"
Brave,Merida,But I've been selfish.,0824,neutral,4,"01:06:49,380","01:06:51,837"
Brave,Merida,There's no one to blame but me.,0826,neutral,4,"01:06:55,803","01:06:57,885"
Brave,Merida,And I know now that I need to amend my mistake,0827,neutral,4,"01:06:58,723","01:07:02,432"
Brave,Merida,"And so, there is the matter of my betrothal.",0829,neutral,4,"01:07:06,814","01:07:10,648"
Brave,Merida,and...,0831,neutral,4,"01:07:15,448","01:07:16,608"
Brave,Merida,And...,0833,neutral,4,"01:07:19,786","01:07:21,492"
Brave,Merida,My mother...,0835,neutral,4,"01:07:32,006","01:07:33,837"
Brave,Merida,"Uh, in her heart",0837,neutral,4,"01:07:38,471","01:07:41,634"
Brave,Merida,that I...,0838,neutral,4,"01:07:41,724","01:07:43,635"
Brave,Merida,That we be free to...,0839,neutral,4,"01:07:45,353","01:07:48,015"
Brave,Merida,Follow our hearts,0841,happy,3,"01:07:54,737","01:07:58,980"
Brave,Merida,"The queen and I put the decision to you, my lords.",0844,happy,3,"01:08:10,503","01:08:13,870"
Brave,Merida,You devil.,0863,fear,2,"01:09:20,573","01:09:21,858"
Brave,Merida,Mend the bond...,0870,neutral,4,"01:10:01,072","01:10:03,563"
Brave,Merida,Mend the bond.,0871,happy,3,"01:10:04,784","01:10:06,900"
Brave,Merida,Stitch it up. This'll change you back.,0872,happy,3,"01:10:06,953","01:10:09,740"
Brave,Merida,Mum?,0874,neutral,4,"01:10:18,589","01:10:20,671"
Brave,Merida,Mum.,0890,others,7,"01:11:41,130","01:11:43,712"
Brave,Merida,"Count your stars, lass. It almost had you. Are you hurt?",0896,others,7,"01:12:00,191","01:12:02,728"
Brave,Merida,You're talking nonsense! It's the truth!,0899,others,7,"01:12:13,246","01:12:15,362"
Brave,Merida,The second sunrise.,0949,sad,5,"01:19:50,327","01:19:53,069"
Brave,Merida,No...,0950,sad,5,"01:20:32,411","01:20:34,242"
Brave,Merida,"Oh, mum, I'm sorry.",0952,sad,5,"01:20:49,386","01:20:52,970"
Brave,Merida,This is all my fault.,0953,sad,5,"01:20:54,933","01:20:57,174"
Brave,Merida,I did this to you.,0954,sad,5,"01:20:57,269","01:20:59,260"
Brave,Merida,To us.,0955,sad,5,"01:20:59,772","01:21:01,262"
Brave,Merida,You've always been there for me.,0956,sad,5,"01:21:07,571","01:21:09,562"
Brave,Merida,I just want you back.,0958,sad,5,"01:21:15,037","01:21:16,698"
Brave,Merida,"I want you back, mummy.",0959,sad,5,"01:21:22,378","01:21:24,369"
Brave,Merida,I love you.,0960,happy,3,"01:21:44,149","01:21:46,140"
Brave,Merida,Mum! You're back!,0961,happy,3,"01:22:13,887","01:22:15,969"
Brave,Witch,You holler if you see anything you like.,0399,happy,3,"00:31:32,224","00:31:34,385"
Brave,Witch,I don't understand...,0404,happy,3,"00:31:47,114","00:31:49,651"
Brave,Witch,See anything you like? Uh...,0405,happy,3,"00:31:49,699","00:31:51,815"
Brave,Witch,Oh! This is one of a kind!,0408,happy,3,"00:31:58,792","00:32:00,783"
Brave,Witch,It was sweeping by itself. That's ridiculous.,0411,others,7,"00:32:07,884","00:32:10,876"
Brave,Witch,Wood cannot be imbued with magical properties.,0412,fear,2,"00:32:11,179","00:32:13,670"
Brave,Witch,I should know. I'm a wit... whittler.,0413,surprise,6,"00:32:13,765","00:32:17,257"
Brave,Witch,Of wood.,0414,neutral,4,"00:32:17,352","00:32:19,138"
Brave,Witch,"Woodcarver! You see, it's my mother.",0425,angry,0,"00:32:51,845","00:32:54,632"
Brave,Witch,I'm not a witch! Too many unsatisfied customers.,0426,angry,0,"00:32:54,723","00:32:57,806"
Brave,Witch,What? What was that? Every carving.,0430,neutral,4,"00:33:14,868","00:33:17,450"
Brave,Witch,Well...,0431,others,7,"00:33:17,537","00:33:19,243"
Brave,Witch,With this. “W...,0433,surprise,6,"00:33:23,668","00:33:26,330"
Brave,Witch,Every carving and one spell.,0437,others,7,"00:33:36,765","00:33:42,601"
Brave,Witch,That'll change my fate.,0440,others,7,"00:33:50,195","00:33:52,481"
Brave,Witch,Hmm... done!,0441,happy,3,"00:33:52,572","00:33:53,857"
Brave,Witch,Easy on the eyes. Tight pants.,0448,happy,3,"00:34:13,468","00:34:15,754"
Brave,Witch,He demanded I give him the strength of ten men.,0449,happy,3,"00:34:15,804","00:34:19,467"
Brave,Witch,Yes.,0453,neutral,4,"00:34:28,942","00:34:30,603"
Brave,Witch,And made off with an especially attractive mahogany cheese board.,0454,happy,3,"00:34:30,652","00:34:34,770"
Brave,Witch,it will change my fate?,0468,happy,3,"00:35:31,379","00:35:33,085"
Brave,Witch,Oh.,0469,happy,3,"00:35:33,381","00:35:34,917"
Brave,Witch,"Trust me. It'll do the trick, dearie.",0470,happy,3,"00:35:35,008","00:35:38,296"
Brave,Witch,Expect delivery of your purchase within a fortnight.,0471,fear,2,"00:35:38,970","00:35:43,839"
Brave,Witch,Ooh! Ooh...,0472,neutral,4,"00:35:43,892","00:35:45,883"
Brave,Witch,home of bear-themed carvings and novelties.,0642,happy,3,"00:49:13,534","00:49:17,026"
Brave,Witch,I am completely out of stock at this time.,0643,happy,3,"00:49:17,079","00:49:20,196"
Brave,Witch,unless you remember these words.,0653,neutral,4,"00:49:50,070","00:49:54,404"
Brave,Witch,"Fate be changed,",0654,neutral,4,"00:49:55,409","00:49:57,491"
Brave,Witch,"look inside,",0655,neutral,4,"00:49:57,578","00:49:59,534"
Brave,Witch,mend the bond,0656,neutral,4,"00:49:59,580","00:50:01,491"
Brave,Witch,One more time.,0659,neutral,4,"00:50:07,838","00:50:09,544"
Brave,Witch,torn by pride.,0663,happy,3,"00:50:15,554","00:50:18,091"
Brave,Witch,That's it. Ta-fa.,0664,happy,3,"00:50:18,182","00:50:19,547"
Brave,Elinor,,0001,neutral,4,,
Brave,Elinor,"Where is my little birthday girl, hm?",0007,neutral,4,"00:01:39,600","00:01:42,307"
Brave,Elinor,I'm going to eat you. I am.,0010,surprise,6,"00:01:48,400","00:01:50,356"
Brave,Elinor,"I missed. Go and fetch it, then.",0021,neutral,4,"00:02:25,395","00:02:27,386"
Brave,Elinor,I saw a wisp. A wisp?,0028,neutral,4,"00:03:38,510","00:03:40,626"
Brave,Elinor,Or a giant having a jigger in the bluebells.,0032,neutral,4,"00:03:51,732","00:03:54,144"
Brave,Elinor,I'm the Princess.,0052,happy,3,"00:05:34,626","00:05:36,662"
Brave,Elinor,From the top.,0066,neutral,4,"00:06:11,872","00:06:13,408"
Brave,Elinor,A Princess must be knowledgeable about her kingdom.,0067,angry,0,"00:06:13,456","00:06:16,414"
Brave,Elinor,She does not doodle.,0068,neutral,4,"00:06:17,961","00:06:19,952"
Brave,Elinor,Mm! Does not stuff her gob!,0071,happy,3,"00:06:33,476","00:06:35,512"
Brave,Elinor,Rises early.,0072,neutral,4,"00:06:35,604","00:06:37,310"
Brave,Elinor,Is compassionate...,0073,angry,0,"00:06:37,397","00:06:39,183"
Brave,Elinor,"Patient, cautious,",0074,neutral,4,"00:06:39,274","00:06:40,684"
Brave,Elinor,clean.,0075,neutral,4,"00:06:40,775","00:06:41,775"
Brave,Elinor,I'll finish what I guddled in the first place.,0121,neutral,4,"00:10:05,438","00:10:07,520"
Brave,Elinor,Mum! It's just my bow.,0123,neutral,4,"00:10:11,444","00:10:14,652"
Brave,Elinor,"What did you do, dear? Nothing, mum.",0132,neutral,4,"00:10:35,635","00:10:38,422"
Brave,Elinor,Mum! You'll get dreadful collywobbles.,0134,others,7,"00:10:40,056","00:10:42,422"
Brave,Elinor,"Oh, you great... Don't let them lick...",0137,angry,0,"00:10:47,605","00:10:50,096"
Brave,Elinor,"Urgh! Och, how do you know you don't like it,",0140,others,7,"00:10:53,903","00:10:56,690"
Brave,Elinor,if you won't try it?,0141,others,7,"00:10:56,739","00:10:58,821"
Brave,Elinor,"From the lords macintosh, macguffin and Dingwall.",0147,neutral,4,"00:11:13,173","00:11:15,539"
Brave,Elinor,Fergus?,0153,others,7,"00:11:27,061","00:11:29,097"
Brave,Elinor,What did I do now?,0159,angry,0,"00:11:46,998","00:11:49,831"
Brave,Elinor,Your father has something to discuss with you.,0160,neutral,4,"00:11:49,918","00:11:52,125"
Brave,Elinor,I suppose a Princess just does what she's told?,0170,angry,0,"00:12:28,039","00:12:30,781"
Brave,Elinor,A Princess does not raise her voice.,0171,neutral,4,"00:12:30,833","00:12:33,245"
Brave,Elinor,Mother. Suitors? Marriage?,0179,neutral,4,"00:12:58,027","00:13:01,736"
Brave,Elinor,Ancient kingdom.,0182,neutral,4,"00:13:06,953","00:13:08,568"
Brave,Elinor,"Its name long forgotten,",0183,neutral,4,"00:13:08,663","00:13:10,699"
Brave,Elinor,That's a nice story.,0190,neutral,4,"00:13:39,652","00:13:41,563"
Brave,Elinor,"It's not fair. Och, Merida.",0196,neutral,4,"00:13:52,832","00:13:55,164"
Brave,Elinor,"Aye, you do. You mutter, lass, when something's troubling you.",0199,angry,0,"00:14:10,099","00:14:13,387"
Brave,Elinor,I blame you. Stubbornness.,0200,angry,0,"00:14:13,644","00:14:15,726"
Brave,Elinor,"I take it the talk didn't go too well, then?",0202,others,7,"00:14:17,482","00:14:20,349"
Brave,Elinor,What would you say?,0207,others,7,"00:14:32,121","00:14:34,077"
Brave,Elinor,as I ride through the Glen firing arrows into the sunset.,0214,neutral,4,"00:14:47,428","00:14:51,341"
Brave,Elinor,"Merida, all this work, all the time spent preparing you,",0215,neutral,4,"00:14:56,771","00:15:01,765"
Brave,Elinor,"schooling you, giving you everything we never had.",0216,neutral,4,"00:15:01,818","00:15:05,436"
Brave,Elinor,Good day to you. We'll expect your declarations of war in the morning.,0222,neutral,4,"00:15:20,962","00:15:25,001"
Brave,Elinor,I understand this must all seem unfair.,0223,neutral,4,"00:15:25,091","00:15:28,800"
Brave,Elinor,I want my freedom!,0227,neutral,4,"00:15:37,353","00:15:38,763"
Brave,Elinor,I'm just not ready.,0232,neutral,4,"00:15:53,369","00:15:55,109"
Brave,Elinor,Oh.,0243,happy,3,"00:16:48,841","00:16:49,841"
Brave,Elinor,I can't breathe.,0245,happy,3,"00:16:57,016","00:16:58,301"
Brave,Elinor,It's too tight.,0248,happy,3,"00:17:04,232","00:17:06,268"
Brave,Elinor,Just...,0251,neutral,4,"00:17:26,963","00:17:28,954"
Brave,Elinor,"Ah, yes. In accordance with our laws,",0312,neutral,4,"00:22:14,250","00:22:17,868"
Brave,Elinor,"by the rights of our heritage,",0313,neutral,4,"00:22:18,128","00:22:20,460"
Brave,Elinor,by feats of strength or arms in the games.,0318,neutral,4,"00:22:35,479","00:22:39,643"
Brave,Elinor,Oh!,0355,surprise,6,"00:26:14,573","00:26:15,688"
Brave,Elinor,What are you doing?,0356,angry,0,"00:26:16,658","00:26:19,024"
Brave,Elinor,Don't you dare loose another arrow.,0360,angry,0,"00:26:38,847","00:26:41,680"
Brave,Elinor,Just listen! I am the queen!,0367,angry,0,"00:27:35,946","00:27:38,483"
Brave,Elinor,Ugh! This is so unfair!,0369,angry,0,"00:27:40,200","00:27:42,486"
Brave,Elinor,"Well, I'm not going to be like you.",0376,angry,0,"00:27:58,010","00:28:00,296"
Brave,Elinor,Elinor: Merida!,0385,angry,0,"00:28:30,876","00:28:32,867"
Brave,Elinor,Merida!,0386,fear,2,"00:28:33,879","00:28:35,369"
Brave,Elinor,"Oh, no. What have I done?",0389,sad,5,"00:28:42,012","00:28:44,594"
Brave,Elinor,"Ooh, uh... l, uh...",0480,happy,3,"00:36:27,852","00:36:29,683"
Brave,Elinor,"Oh, I've been worried sick. You... you were?",0481,others,7,"00:36:29,771","00:36:32,888"
Brave,Elinor,I didn't know where you'd gone or when you'd come back.,0482,others,7,"00:36:32,941","00:36:36,479"
Brave,Elinor,Oh. Angus threw me. But I'm not hurt.,0484,others,7,"00:36:39,531","00:36:42,443"
Brave,Elinor,Honestly? I've pacified the lords for now.,0486,happy,3,"00:36:47,622","00:36:50,955"
Brave,Elinor,"I'll hunt you, then I'll skin you, hang your noggin on a peg...",0490,neutral,4,"00:36:58,049","00:37:01,792"
Brave,Elinor,I made it. For you. Special.,0493,neutral,4,"00:37:14,816","00:37:17,979"
Brave,Elinor,You made this for me?,0494,happy,3,"00:37:18,069","00:37:20,936"
Brave,Elinor,Mm.,0495,disgust,1,"00:37:22,657","00:37:23,692"
Brave,Elinor,Different? Mm...,0498,disgust,1,"00:37:32,542","00:37:34,157"
Brave,Elinor,Ooh.,0505,neutral,4,"00:37:57,692","00:37:58,727"
Brave,Elinor,We've been waiting patiently.,0516,neutral,4,"00:38:28,056","00:38:31,014"
Brave,Elinor,"Milords, I am out of sorts at the moment.",0517,neutral,4,"00:38:31,059","00:38:36,053"
Brave,Elinor,Oh! Eh?,0519,neutral,4,"00:38:40,026","00:38:41,516"
Brave,Elinor,Presently.,0520,neutral,4,"00:38:41,569","00:38:43,560"
Brave,Elinor,Then maybe in a bit you might have something new to say on the marriage.,0530,others,7,"00:39:13,518","00:39:17,477"
Brave,Elinor,"Oh, darling,",0963,happy,3,"01:22:24,189","01:22:25,770"
Brave,Elinor,Er... urgh!,0969,happy,3,"01:22:42,291","01:22:44,122"
Brave,Elinor,Oh! Mum.,0973,happy,3,"01:22:52,217","01:22:54,208"
Brave,Elinor,Eh? I'm naked.,0974,neutral,4,"01:22:57,222","01:22:58,883"
Brave,Fergus,Please? Can I?,0013,neutral,4,"00:01:58,327","00:02:00,534"
Brave,Fergus,Not with that. Why not...,0014,neutral,4,"00:02:00,621","00:02:03,658"
Brave,Fergus,"Happy birthday, my wee darling!",0016,neutral,4,"00:02:05,125","00:02:08,413"
Brave,Fergus,"Oh, aye. Or an arrow. Och!",0030,angry,0,"00:03:46,101","00:03:48,558"
Brave,Fergus,Sirel,0036,happy,3,"00:04:03,452","00:04:05,408"
Brave,Fergus,Down the monster's throat it went.,0116,neutral,4,"00:09:48,505","00:09:50,871"
Brave,Fergus,Let him return.,0120,neutral,4,"00:10:02,852","00:10:05,343"
Brave,Fergus,Fergus: Leave her be.,0125,neutral,4,"00:10:17,742","00:10:19,073"
Brave,Fergus,"Oh, Fergus, will you look at your daughter's plate?",0135,surprise,6,"00:10:42,517","00:10:45,509"
Brave,Fergus,Fergus?,0161,neutral,4,"00:11:54,631","00:11:55,791"
Brave,Fergus,Oh.,0162,neutral,4,"00:11:56,633","00:11:58,498"
Brave,Fergus,Dad! What? I...,0166,surprise,6,"00:12:15,485","00:12:17,976"
Brave,Fergus,It's entirely from your side of the family.,0201,neutral,4,"00:14:15,772","00:14:17,458"
Brave,Fergus,"She just doesn't listen. Come on, now.",0205,neutral,4,"00:14:26,115","00:14:29,403"
Brave,Fergus,Pretend I'm Merida. Speak to me.,0206,neutral,4,"00:14:29,660","00:14:32,026"
Brave,Fergus,Och... I can't do this.,0208,neutral,4,"00:14:34,123","00:14:36,614"
Brave,Fergus,"There, there. That's my queen.",0210,neutral,4,"00:14:38,378","00:14:40,960"
Brave,Fergus,"Right, here we go.",0211,neutral,4,"00:14:41,047","00:14:43,003"
Brave,Fergus,I don't want to get married.,0212,neutral,4,"00:14:43,091","00:14:44,797"
Brave,Fergus,I want to stay single and let my hair flow in the wind,0213,neutral,4,"00:14:44,884","00:14:47,341"
Brave,Fergus,Ohl,0255,neutral,4,"00:17:53,781","00:17:55,772"
Brave,Fergus,Boy!,0260,neutral,4,"00:18:34,989","00:18:36,980"
Brave,Fergus,"So, here we are... er...",0261,neutral,4,"00:18:47,168","00:18:50,080"
Brave,Fergus,The four clans. Man: Aye.,0262,neutral,4,"00:18:50,880","00:18:53,041"
Brave,Fergus,Er... gathering... Oh.,0263,others,7,"00:18:53,132","00:18:55,123"
Brave,Fergus,Nut 'em! Nut 'em! That's the way to...,0298,others,7,"00:20:58,549","00:21:01,006"
Brave,Fergus,And may the lucky arrow find its target.,0333,happy,3,"00:24:18,207","00:24:20,869"
Brave,Fergus,Och! I bet he wishes he was tossing cabers.,0336,happy,3,"00:24:43,357","00:24:46,565"
Brave,Fergus,Man: I got it! Good arm.,0341,happy,3,"00:25:07,589","00:25:09,705"
Brave,Fergus,That's my boy.,0348,surprise,6,"00:25:45,294","00:25:48,036"
Brave,Fergus,"Well, that's just grand now, isn't it?",0349,happy,3,"00:25:48,297","00:25:51,789"
Brave,Fergus,Guess who's coming to dinner? Fergus.,0350,surprise,6,"00:25:51,842","00:25:54,629"
Brave,Fergus,It's Mor'du!,0523,fear,2,"00:38:49,911","00:38:51,902"
Brave,Fergus,Go about avenging your leg. Oh...,0526,neutral,4,"00:38:57,460","00:38:59,746"
Brave,Fergus,"Aye. You heard her, lads.",0527,neutral,4,"00:38:59,796","00:39:01,878"
Brave,Fergus,I just wanted her to change you.,0544,happy,3,"00:40:57,080","00:41:01,699"
Brave,Fergus,Shh. Did you hear that?,0545,others,7,"00:41:07,757","00:41:10,214"
Brave,Fergus,Merida: Why do I always get blamed for everything? It's just not fair.,0552,others,7,"00:41:31,739","00:41:34,500"
Brave,Fergus,Did you hear that? Shh.,0594,angry,0,"00:44:18,406","00:44:20,192"
Brave,Fergus,You decide which one of our sons your daughter will marry.,0769,angry,0,"01:03:41,401","01:03:45,314"
Brave,Fergus,It was my idea in the first place.,0861,happy,3,"01:09:05,558","01:09:08,595"
Brave,Fergus,"Whoa, whoa, whoa.",0867,neutral,4,"01:09:38,257","01:09:40,623"
Brave,Fergus,Dad!,0895,others,7,"01:11:58,064","01:12:00,100"
Brave,Fergus,Close the gate!,0898,angry,0,"01:12:08,407","01:12:09,817"
Brave,Fergus,"What the... avert your eyes, lads!",0977,others,7,"01:23:04,897","01:23:07,309"
CloudyII,Brent,Swallow Falls is in trouble Will you help us?,0431,neutral,4,"00:24:10,480","00:24:12,960"
CloudyII,Brent,You bet I will I just need someone to cover my shift,0432,happy,3,"00:24:13,200","00:24:16,921"
CloudyII,Brent,The man does have a boat,0453,neutral,4,"00:25:32,320","00:25:33,470"
CloudyII,Brent,My old van,0508,surprise,6,"00:29:07,360","00:29:08,805"
CloudyII,Brent,"It's like a cheesy spider web, made of",0512,fear,2,"00:29:24,440","00:29:28,001"
CloudyII,Brent,Hello? Anybody in here?,0518,neutral,4,"00:29:45,800","00:29:48,690"
CloudyII,Brent,Duck! Duck? I love,0622,happy,3,"00:35:27,440","00:35:29,488"
CloudyII,Brent,Yeah!,0623,happy,3,"00:35:40,840","00:35:41,727"
CloudyII,Brent,Those aren't skinny jeans Nope,0707,happy,3,"00:41:17,000","00:41:19,526"
CloudyII,Brent,I'll keep them safe,0727,happy,3,"00:42:32,880","00:42:33,961"
CloudyII,Brent,I call it Manny's Gorilla Stew,0796,happy,3,"00:46:13,360","00:46:15,488"
CloudyII,Brent,"Hey, guys Oh, that smells good",0799,happy,3,"00:46:20,920","00:46:22,410"
CloudyII,Brent,"Hey, Flint! Wanna try some of this special stew? I saved you a bowl",0800,happy,3,"00:46:22,640","00:46:25,928"
CloudyII,Brent,this syrup bog This is syrup?,0930,happy,3,"00:54:51,800","00:54:53,484"
CloudyII,Brent,"Goodbye, Senor Lockwood",0984,neutral,4,"00:57:19,960","00:57:21,883"
CloudyII,Brent,slowly,1007,fear,2,"00:58:37,560","00:58:39,642"
CloudyII,Brent,Yellow Dude!,1019,happy,3,"00:59:26,120","00:59:27,360"
CloudyII,Brent,Gasp!,1037,fear,2,"01:00:08,920","01:00:09,728"
CloudyII,Brent,"Easy, easy, you guys Don't cry",1094,neutral,4,"01:05:02,040","01:05:04,361"
CloudyII,Brent,"Okay, Steve If me and you put our two brilliant minds together",1095,fear,2,"01:05:50,680","01:05:54,002"
CloudyII,Brent,the feeling that maybe Steve Lockwood is just a monkey?,1098,fear,2,"01:05:58,320","01:06:01,370"
CloudyII,Brent,"Why would you say that about him, Earl?",1099,fear,2,"01:06:01,640","01:06:04,325"
CloudyII,Chester,"With your host, Chester V.",0005,happy,3,"00:01:03,240","00:01:05,510"
CloudyII,Chester,"Welcome back, science friends.",0006,happy,3,"00:01:05,760","00:01:07,910"
CloudyII,Chester,"You know, I have devoted my life to inventing the future.",0007,happy,3,"00:01:08,160","00:01:11,084"
CloudyII,Chester,But every dream has a beginning.,0008,happy,3,"00:01:11,320","00:01:13,527"
CloudyII,Chester,using the language of science,0012,happy,3,"00:01:22,840","00:01:24,490"
CloudyII,Chester,Now look at us.,0013,happy,3,"00:01:24,720","00:01:25,846"
CloudyII,Chester,Our new Food Bar XL with flavor crystals.,0014,happy,3,"00:01:26,080","00:01:29,402"
CloudyII,Chester,Still making people happy after all these years,0015,happy,3,"00:01:29,640","00:01:32,803"
CloudyII,Chester,"Now, kids, you'll almost certainly never be me.",0016,happy,3,"00:01:33,040","00:01:36,240"
CloudyII,Chester,"This could be our future Oh, yeah!",0078,happy,3,"00:04:19,120","00:04:23,602"
CloudyII,Chester,"Greetings, friends",0079,happy,3,"00:04:43,640","00:04:44,926"
CloudyII,Chester,Mustache,0082,happy,3,"00:04:49,200","00:04:50,281"
CloudyII,Chester,Your lab vest looks even cooler in person!,0086,happy,3,"00:04:57,440","00:04:59,841"
CloudyII,Chester,"Hand, what did you do?",0088,happy,3,"00:05:06,720","00:05:08,006"
CloudyII,Chester,"There's nothing wrong with your hand, young Lockwood",0089,happy,3,"00:05:08,280","00:05:11,329"
CloudyII,Chester,"You see, I am merely a hologram of the real Chester V",0090,happy,3,"00:05:11,560","00:05:15,565"
CloudyII,Chester,We'll get started on the cleanup right away,0095,happy,3,"00:05:28,720","00:05:31,761"
CloudyII,Chester,you expect us to skedaddle from our homes because of some nasty leftovers?,0099,happy,3,"00:05:37,560","00:05:41,121"
CloudyII,Chester,Everybody back up! Listen to ghost man,0102,happy,3,"00:05:47,080","00:05:49,526"
CloudyII,Chester,But do not fret,0103,happy,3,"00:05:49,760","00:05:51,125"
CloudyII,Chester,All of you will be temporarily relocated,0104,neutral,4,"00:05:51,360","00:05:54,762"
CloudyII,Chester,The home of Live Corp! The home of Live Corp!,0107,neutral,4,"00:06:00,920","00:06:02,840"
CloudyII,Chester,On my word as a hologram,0108,neutral,4,"00:06:03,000","00:06:04,684"
CloudyII,Chester,Me? Why?,0111,neutral,4,"00:06:11,080","00:06:12,241"
CloudyII,Chester,Just give it a second He's buffering,0115,neutral,4,"00:06:18,120","00:06:20,487"
CloudyII,Chester,You are going to join me at Live Corp,0116,neutral,4,"00:06:21,760","00:06:24,570"
CloudyII,Chester,"to build a lab with my friends, sir",0121,happy,3,"00:06:36,400","00:06:38,880"
CloudyII,Chester,"I understand, Lockwood",0122,neutral,4,"00:06:39,320","00:06:41,527"
CloudyII,Chester,This is the best day ever!,0131,neutral,4,"00:07:05,360","00:07:07,681"
CloudyII,Chester,"Sir, I've taken care of everything The locals have been evacuated",0132,neutral,4,"00:07:12,280","00:07:15,568"
CloudyII,Chester,Now we can keep an eye on him,0135,others,7,"00:07:20,560","00:07:22,085"
CloudyII,Chester,He has no idea of our real plan,0136,happy,3,"00:07:22,320","00:07:25,642"
CloudyII,Chester,It's a pleasure to welcome you,0234,happy,3,"00:13:15,200","00:13:16,400"
CloudyII,Chester,Chester V!,0236,happy,3,"00:13:20,960","00:13:22,121"
CloudyII,Chester,"I have built the coolest, hippest company in the world",0237,happy,3,"00:13:23,000","00:13:27,005"
CloudyII,Chester,"As you all know, the Food Bar is the lifeblood of this company",0238,happy,3,"00:13:28,560","00:13:32,167"
CloudyII,Chester,"And this year, I've challenged myself to reinvent taste",0239,happy,3,"00:13:32,400","00:13:36,121"
CloudyII,Chester,We have received thousands of invention submissions,0247,happy,3,"00:14:00,400","00:14:03,563"
CloudyII,Chester,"Thank you, Barb",0250,happy,3,"00:14:09,040","00:14:10,007"
CloudyII,Chester,This person comes from an island,0251,happy,3,"00:14:11,440","00:14:13,602"
CloudyII,Chester,That's me!,0254,happy,3,"00:14:19,720","00:14:20,562"
CloudyII,Chester,Our newest Live Corp Thinkquanaut is:,0255,happy,3,"00:14:20,800","00:14:23,485"
CloudyII,Chester,Should I send in Team Z?,0276,angry,0,"00:16:14,720","00:16:16,051"
CloudyII,Chester,"Are you mad, Barb? We'll be all out of alphabet",0277,happy,3,"00:16:16,320","00:16:19,449"
CloudyII,Chester,"Look, we're running low on Thinkquanauts We need",0278,happy,3,"00:16:19,680","00:16:23,287"
CloudyII,Chester,someone expendable,0279,happy,3,"00:16:23,520","00:16:25,370"
CloudyII,Chester,Someone who knows the island inside and out,0280,happy,3,"00:16:26,440","00:16:29,444"
CloudyII,Chester,"Someone who's smart, but still naive",0281,happy,3,"00:16:29,680","00:16:33,321"
CloudyII,Chester,Someone who idolizes me has recently hit rock bottom,0282,happy,3,"00:16:33,560","00:16:38,122"
CloudyII,Chester,Where are we gonna find someone so desperate?,0284,happy,3,"00:16:41,760","00:16:45,287"
CloudyII,Chester,Good day,0324,happy,3,"00:19:14,080","00:19:15,241"
CloudyII,Chester,Follow me,0328,neutral,4,"00:19:29,400","00:19:30,561"
CloudyII,Chester,Sorry about that,0336,happy,3,"00:19:53,560","00:19:55,130"
CloudyII,Chester,Our cleanup operation back on Swallow Falls,0341,neutral,4,"00:20:10,840","00:20:13,081"
CloudyII,Chester,It appears to be a living cheeseburger,0350,others,7,"00:20:37,520","00:20:40,126"
CloudyII,Chester,and it's still operating,0355,others,7,"00:20:51,400","00:20:53,528"
CloudyII,Chester,The BS-USB,0366,fear,2,"00:21:24,760","00:21:27,286"
CloudyII,Chester,A Bifurcating Systematic Universal Stop Button!,0368,happy,3,"00:21:28,720","00:21:31,564"
CloudyII,Chester,Precisely It would destroy the machine and everything it created,0369,fear,2,"00:21:31,800","00:21:36,244"
CloudyII,Chester,But we cannot find your FLDSMDFR,0370,neutral,4,"00:21:36,880","00:21:39,611"
CloudyII,Chester,Brilliant!,0373,neutral,4,"00:21:46,880","00:21:48,211"
CloudyII,Chester,"Yes! Wait, did you say alone?",0375,happy,3,"00:21:51,400","00:21:52,970"
CloudyII,Chester,"Alone it is, then",0376,happy,3,"00:21:53,240","00:21:54,571"
CloudyII,Chester,"If you succeed, you'll be more than just a Thinkquanaut",0377,happy,3,"00:21:54,800","00:21:58,805"
CloudyII,Chester,Your hero?,0379,happy,3,"00:22:00,720","00:22:01,881"
CloudyII,Chester,"Yes, my hero",0380,others,7,"00:22:02,120","00:22:04,168"
CloudyII,Chester,Your mission must be kept a secret,0381,others,7,"00:22:04,400","00:22:06,368"
CloudyII,Chester,We don't wanna create a worldwide panic,0382,others,7,"00:22:06,600","00:22:08,887"
CloudyII,Chester,"Once we find it, we can shut it down with the utterly irreplaceable BS-USB",0472,neutral,4,"00:26:19,760","00:26:24,525"
CloudyII,Chester,landed So much for keeping this a secret,0606,angry,0,"00:34:46,022","00:34:48,233"
CloudyII,Chester,We can't let these friends tell the world anything,0607,neutral,4,"00:34:48,920","00:34:52,242"
CloudyII,Chester,And separate Flint from his friends so we can manage the situation,0609,neutral,4,"00:34:54,840","00:34:59,247"
CloudyII,Chester,Champion! Brilliant idea,0610,happy,3,"00:34:59,480","00:35:00,686"
CloudyII,Chester,I'm a scientist,0613,happy,3,"00:35:06,080","00:35:07,320"
CloudyII,Chester,That's why I need you,0614,others,7,"00:35:08,440","00:35:10,249"
CloudyII,Chester,I want the same brilliant mind that solved the unified field theory,0615,sad,5,"00:35:10,480","00:35:14,451"
CloudyII,Chester,"Consider it done, sir",0617,happy,3,"00:35:17,640","00:35:18,880"
CloudyII,Chester,Good monkey,0618,neutral,4,"00:35:19,120","00:35:20,121"
CloudyII,Chester,Chester V! You're here! That's right.,0637,neutral,4,"00:36:59,080","00:37:01,890"
CloudyII,Chester,"One minute later, and we would have been food for that food",0639,neutral,4,"00:37:05,520","00:37:08,524"
CloudyII,Chester,Apparently you can,0642,neutral,4,"00:37:14,400","00:37:15,640"
CloudyII,Chester,"a comprehensive analysis Ladies, ladies Please",0656,neutral,4,"00:37:52,080","00:37:55,580"
CloudyII,Chester,Young Lockwood,0658,neutral,4,"00:38:00,360","00:38:01,168"
CloudyII,Chester,He.. He ate the BS-USB,0662,neutral,4,"00:38:14,840","00:38:18,526"
CloudyII,Chester,Young Lockwood,0672,others,7,"00:38:38,480","00:38:39,600"
CloudyII,Chester,The world could've been destroyed,0673,others,7,"00:38:39,840","00:38:41,569"
CloudyII,Chester,because of the actions of one sinister strawberry,0674,others,7,"00:38:41,840","00:38:45,242"
CloudyII,Chester,It won't be long before those malicious melons,0676,angry,0,"00:38:49,280","00:38:52,480"
CloudyII,Chester,We can do it .Those load bearing vines will be able to support a small team,0723,happy,3,"00:42:15,600","00:42:19,280"
CloudyII,Chester,"Whoa, my computer's dead",0738,angry,0,"00:43:11,040","00:43:12,690"
CloudyII,Chester,Flint!,0743,happy,3,"00:43:24,640","00:43:25,323"
CloudyII,Chester,"I say, young Lockwood, what extraordinary",0744,happy,3,"00:43:25,920","00:43:29,208"
CloudyII,Chester,I invented them when I was 6,0747,happy,3,"00:43:33,880","00:43:35,644"
CloudyII,Chester,I had no idea we were so alike,0748,happy,3,"00:43:35,920","00:43:38,764"
CloudyII,Chester,Except I invented mine,0749,happy,3,"00:43:39,000","00:43:40,889"
CloudyII,Chester,We dangle!,0756,neutral,4,"00:43:58,480","00:44:00,005"
CloudyII,Chester,Friend?,0777,others,7,"00:44:55,400","00:44:56,208"
CloudyII,Chester,Never? Remember,0779,neutral,4,"00:44:59,720","00:45:00,926"
CloudyII,Chester,the ancient Chinese proverb:,0780,neutral,4,"00:45:01,160","00:45:03,845"
CloudyII,Chester,My chest hairs have been tingling all day,0789,happy,3,"00:45:41,080","00:45:43,321"
CloudyII,Chester,"Remember, we work together",0826,neutral,4,"00:47:43,560","00:47:47,007"
CloudyII,Chester,"I just need more time, sir",0828,others,7,"00:47:59,400","00:48:01,050"
CloudyII,Chester,We don't have more time,0829,others,7,"00:48:01,280","00:48:02,441"
CloudyII,Chester,If we don't get the FLDSMDFR in the next 48 hours,0830,fear,2,"00:48:02,680","00:48:05,570"
CloudyII,Chester,we'll miss our deadline to release Food Bar 8.0,0831,fear,2,"00:48:05,800","00:48:08,690"
CloudyII,Chester,"Sir, let me handle this",0833,neutral,4,"00:48:10,440","00:48:12,568"
CloudyII,Chester,Never send a monkey to do Chester work,0834,angry,0,"00:48:12,800","00:48:15,883"
CloudyII,Chester,"Flint, you don't have to prove anything",0879,happy,3,"00:50:34,960","00:50:37,406"
CloudyII,Chester,Topographical Pointing Machine,0883,happy,3,"00:50:46,280","00:50:48,362"
CloudyII,Chester,"And, guys, you can help me by",0889,others,7,"00:51:06,800","00:51:08,450"
CloudyII,Chester,My chest hairs just don't trust that Chester,0892,others,7,"00:51:14,840","00:51:17,605"
CloudyII,Chester,"But, sir, I ..You're heading into the deepest, darkest part of the jungle",0894,neutral,4,"00:51:20,480","00:51:24,285"
CloudyII,Chester,You need to focus on saving the world.,0895,neutral,4,"00:51:26,600","00:51:29,126"
CloudyII,Chester,"Okay You're right, sir",0897,happy,3,"00:51:33,040","00:51:34,530"
CloudyII,Chester,"Don't worry, man baby",0933,neutral,4,"00:54:59,160","00:55:01,162"
CloudyII,Chester,Was gonna bite you,0947,neutral,4,"00:55:38,920","00:55:40,763"
CloudyII,Chester,"Miss Sparks, we are",0952,neutral,4,"00:55:51,040","00:55:52,405"
CloudyII,Chester,not talking about the weather,0953,neutral,4,"00:55:52,640","00:55:54,369"
CloudyII,Chester,We are talking about food here,0954,others,7,"00:55:54,600","00:55:57,410"
CloudyII,Chester,Dangerous food that does not have human emotion,0955,others,7,"00:55:57,640","00:56:01,122"
CloudyII,Chester,Food that is not friendly,0956,others,7,"00:56:01,360","00:56:03,328"
CloudyII,Chester,What if he's wrong?,0959,neutral,4,"00:56:10,920","00:56:12,445"
CloudyII,Chester,"The choice is yours, son",0960,neutral,4,"00:56:13,440","00:56:15,249"
CloudyII,Chester,Live up to your full potential,0961,angry,0,"00:56:15,480","00:56:17,369"
CloudyII,Chester,You've made,0989,happy,3,"00:57:36,320","00:57:37,003"
CloudyII,Chester,"the right choice, son",0990,others,7,"00:57:37,240","00:57:38,401"
CloudyII,Chester,Young Lockwood,0993,happy,3,"00:57:52,600","00:57:54,329"
CloudyII,Chester,It's gotta be inside that big rock candy mountain!,0997,happy,3,"00:58:10,080","00:58:12,040"
CloudyII,Chester,This is exactly why I wanted you on this mission,0998,happy,3,"00:58:12,240","00:58:15,528"
CloudyII,Chester,A very unpleasant fall,1050,neutral,4,"01:01:07,040","01:01:09,327"
CloudyII,Chester,"Chester, look, I can't do this",1067,happy,3,"01:03:14,840","01:03:17,320"
CloudyII,Chester,"Chester, wait We can't destroy it",1070,angry,0,"01:03:20,280","01:03:22,089"
CloudyII,Chester,reprogrammed it?,1076,angry,0,"01:03:46,360","01:03:47,566"
CloudyII,Chester,It was never gonna turn off the machine,1077,happy,3,"01:03:47,840","01:03:49,649"
CloudyII,Chester,A BS-USB? Hello,1078,happy,3,"01:03:49,920","01:03:53,402"
CloudyII,Chester,You lied to me,1080,happy,3,"01:03:57,280","01:03:59,851"
CloudyII,Chester,Of course I lied to you,1081,angry,0,"01:04:00,080","01:04:01,525"
CloudyII,Chester,"My whole life, I looked up to you I wanted to be you!",1084,happy,3,"01:04:08,000","01:04:12,005"
CloudyII,Chester,"Oh, Lockwood I was just using you",1085,happy,3,"01:04:12,440","01:04:15,091"
CloudyII,Chester,to get your invention,1086,happy,3,"01:04:15,320","01:04:16,810"
CloudyII,Chester,We're ready,1087,neutral,4,"01:04:17,080","01:04:17,967"
CloudyII,Chester,Launch Operation Slice and Dice,1088,happy,3,"01:04:18,240","01:04:20,242"
CloudyII,Chester,"And now that I've got what I want, I no longer need you",1089,happy,3,"01:04:31,480","01:04:34,404"
CloudyII,Chester,Lockwood?,1217,surprise,6,"01:15:22,280","01:15:23,008"
CloudyII,Chester,That's right Hands up Give me back my friends,1219,happy,3,"01:15:24,840","01:15:27,840"
CloudyII,Chester,Food Bars? You're going to turn them into Food Bars?,1227,happy,3,"01:15:47,640","01:15:50,928"
CloudyII,Chester,"Yes, Food Bars The lifeblood of my company",1228,happy,3,"01:15:51,160","01:15:55,006"
CloudyII,Chester,I learned your FLDSMDFR food is far more delicious than food food,1229,happy,3,"01:15:55,240","01:15:59,290"
CloudyII,Chester,So using your foodimals as ingredients,1230,happy,3,"01:15:59,520","01:16:01,409"
CloudyII,Chester,would make my products superdelicious!,1231,happy,3,"01:16:01,640","01:16:03,927"
CloudyII,Chester,I had to have your invention,1232,sad,5,"01:16:04,200","01:16:06,043"
CloudyII,Chester,"Unfortunately, I couldn't find it",1233,happy,3,"01:16:06,280","01:16:08,601"
CloudyII,Chester,You're a monster! Those are living creatures,1237,happy,3,"01:16:21,560","01:16:24,769"
CloudyII,Chester,Food with legs is much harder to catch,1239,disgust,1,"01:16:26,960","01:16:29,611"
CloudyII,Chester,"They hide, they fight back, they want to live",1240,happy,3,"01:16:29,920","01:16:33,510"
CloudyII,Chester,But now that I control your FLDSMDFR,1241,happy,3,"01:16:33,760","01:16:36,240"
CloudyII,Chester,I can pave your island and work in complete secrecy,1242,happy,3,"01:16:36,520","01:16:40,366"
CloudyII,Chester,Live Corp will remain,1243,happy,3,"01:16:40,600","01:16:41,965"
CloudyII,Chester,"the coolest, hippest company in the world",1244,others,7,"01:16:42,240","01:16:44,846"
CloudyII,Chester,I never should have believed in you,1247,happy,3,"01:16:48,880","01:16:50,320"
CloudyII,Chester,"Yes, that was quite foolish",1248,happy,3,"01:16:50,480","01:16:52,289"
CloudyII,Chester,But you are my island,1251,angry,0,"01:16:59,360","01:17:01,124"
CloudyII,Chester,"Okay, first, shut up",1252,happy,3,"01:17:02,280","01:17:04,328"
CloudyII,Chester,"Okay, okay There",1254,happy,3,"01:17:07,920","01:17:09,001"
CloudyII,Chester,Please understand I can't leave any witnesses,1256,happy,3,"01:17:13,520","01:17:15,602"
CloudyII,Chester,"But, sir, I didn't think we were going to This is why I work alone",1258,angry,0,"01:17:18,640","01:17:22,060"
CloudyII,Chester,"Flint, hurry!",1263,angry,0,"01:17:29,760","01:17:32,240"
CloudyII,Chester,I'm not alone!,1286,happy,3,"01:18:34,840","01:18:36,080"
CloudyII,Earl,Sparks-wood,0070,happy,3,"00:04:02,600","00:04:04,364"
CloudyII,Earl,"Listen up, ghost man",0098,angry,0,"00:05:36,200","00:05:37,281"
CloudyII,Earl,"Yes Yes, I do",0100,sad,5,"00:05:41,760","00:05:42,966"
CloudyII,Earl,"Son, you can't argue with yellow police tape",0101,neutral,4,"00:05:44,160","00:05:46,845"
CloudyII,Earl,Triple decaf mochaccino boba latte,0399,sad,5,"00:22:55,960","00:22:58,406"
CloudyII,Earl,I'd like to order something strong,0401,angry,0,"00:23:00,840","00:23:02,729"
CloudyII,Earl,"Wait your turn, fancy pants",0402,happy,3,"00:23:02,960","00:23:04,769"
CloudyII,Earl,Flint Lockwood,0403,happy,3,"00:23:05,000","00:23:05,728"
CloudyII,Earl,where's my coffee? Coffee? I'm not a barista,0409,angry,0,"00:23:15,960","00:23:19,089"
CloudyII,Earl,I'm a polista!,0410,happy,3,"00:23:19,320","00:23:20,287"
CloudyII,Earl,"Can I come too, Dad?",0412,happy,3,"00:23:23,640","00:23:24,721"
CloudyII,Earl,"Son, you are my beautiful, precious little angel",0413,neutral,4,"00:23:25,200","00:23:28,807"
CloudyII,Earl,But I cannot let you come with me,0414,neutral,4,"00:23:29,040","00:23:31,122"
CloudyII,Earl,I have chest hair,0416,happy,3,"00:23:33,840","00:23:34,560"
CloudyII,Earl,It's just like mine,0417,angry,0,"00:23:36,360","00:23:37,441"
CloudyII,Earl,Wait a minute,0418,angry,0,"00:23:37,720","00:23:38,642"
CloudyII,Earl,That's not a chest hair,0419,angry,0,"00:23:39,880","00:23:41,484"
CloudyII,Earl,That's cupcake frosting,0420,others,7,"00:23:42,120","00:23:43,370"
CloudyII,Earl,I'd never forgive myself if you got eaten by a cheespider,0498,neutral,4,"00:28:20,080","00:28:23,323"
CloudyII,Earl,"He's right, Tim Lockwood",0499,neutral,4,"00:28:23,560","00:28:25,244"
CloudyII,Earl,Look what's happened to our town,0504,neutral,4,"00:28:55,640","00:28:57,210"
CloudyII,Earl,"No, wait What if there's a survivor in there?",0514,others,7,"00:29:31,000","00:29:33,651"
CloudyII,Earl,I'm gonna cut the cheese,0516,neutral,4,"00:29:36,320","00:29:38,687"
CloudyII,Earl,It's so beautiful,0558,sad,5,"00:32:43,840","00:32:46,047"
CloudyII,Earl,It's enough to make a grown man cry,0559,angry,0,"00:32:46,280","00:32:48,647"
CloudyII,Earl,But not this man,0560,angry,0,"00:32:48,880","00:32:50,150"
CloudyII,Earl,Young Lockwood And by the looks of things just in time.,0638,neutral,4,"00:37:02,120","00:37:05,289"
CloudyII,Earl,"Step away from the berry, madam",0667,neutral,4,"00:38:25,240","00:38:26,526"
CloudyII,Earl,"Hey, thanks for loaning me these skinny jeans, Flint",0706,neutral,4,"00:41:13,760","00:41:16,764"
CloudyII,Earl,"Oh, crap balls",0719,neutral,4,"00:42:07,360","00:42:08,485"
CloudyII,Earl,"We can't go up there, Flint Lockwood",0720,neutral,4,"00:42:08,720","00:42:10,688"
CloudyII,Earl,"Sentinels, keep the locals safe",0726,angry,0,"00:42:29,280","00:42:32,409"
CloudyII,Earl,"You okay, Earl?",0788,angry,0,"00:45:39,600","00:45:40,840"
CloudyII,Earl,Brent,0805,neutral,4,"00:46:39,440","00:46:40,726"
CloudyII,Earl,But just not right now,0968,neutral,4,"00:56:36,440","00:56:38,807"
CloudyII,Earl,"Hey, Earl, would you talk to her?",0981,neutral,4,"00:57:13,920","00:57:15,570"
CloudyII,Earl,You bet I will,0982,neutral,4,"00:57:15,800","00:57:16,847"
CloudyII,Earl,Stay calm and walk toward me,1006,fear,2,"00:58:34,560","00:58:37,325"
CloudyII,Earl,She's cute!,1028,neutral,4,"00:59:50,880","00:59:51,961"
CloudyII,Earl,We have to warn Flint!,1041,neutral,4,"01:00:17,360","01:00:18,407"
CloudyII,Earl,"Steve? Brent, do you ever get",1097,others,7,"01:05:56,120","01:05:58,088"
CloudyII,Earl,"Earl, can't you break us out of here?",1269,sad,5,"01:17:46,880","01:17:49,484"
CloudyII,Earl,Yes! Banana,1331,sad,5,"01:22:04,000","01:22:05,650"
CloudyII,Earl,It's enough to make a grown man cry,1332,sad,5,"01:22:23,040","01:22:26,044"
CloudyII,Earl,And that's okay,1333,sad,5,"01:22:26,280","01:22:27,680"
CloudyII,Flint,"Thank you, Dad Sorry",0053,neutral,4,"00:03:20,120","00:03:21,963"
CloudyII,Flint,"Sam Sparks, in the eight minutes since we saved the world",0054,neutral,4,"00:03:26,120","00:03:28,964"
CloudyII,Flint,I've had time to reflect,0055,neutral,4,"00:03:29,200","00:03:30,565"
CloudyII,Flint,A Place?,0057,happy,3,"00:03:33,400","00:03:34,287"
CloudyII,Flint,You think we work together?,0059,happy,3,"00:03:36,480","00:03:39,450"
CloudyII,Flint,forecasting devices!,0063,happy,3,"00:03:46,360","00:03:47,282"
CloudyII,Flint,"Not ever Never, ever, ever!",0067,happy,3,"00:03:52,640","00:03:55,530"
CloudyII,Flint,How about Sparks-wood?,0069,happy,3,"00:03:58,360","00:04:01,330"
CloudyII,Flint,There are many ways in which I can help,0074,happy,3,"00:04:10,240","00:04:12,322"
CloudyII,Flint,as a gesture of our goodwill,0084,happy,3,"00:04:52,840","00:04:55,161"
CloudyII,Flint,Thank you The lack of sleeves frees up my arms to do this,0087,angry,0,"00:05:00,080","00:05:04,085"
CloudyII,Flint,and help us make the world a better place,0117,neutral,4,"00:06:24,800","00:06:27,565"
CloudyII,Flint,"Sir, that's all I've ever wanted",0118,neutral,4,"00:06:27,800","00:06:31,009"
CloudyII,Flint,But I can't,0119,others,7,"00:06:31,400","00:06:32,401"
CloudyII,Flint,On account of making a promise two minutes ago,0120,others,7,"00:06:33,520","00:06:36,171"
CloudyII,Flint,You have to do this!,0125,neutral,4,"00:06:47,400","00:06:48,850"
CloudyII,Flint,We're all behind you,0128,happy,3,"00:06:55,920","00:06:56,807"
CloudyII,Flint,Steve,0143,happy,3,"00:08:04,200","00:08:04,962"
CloudyII,Flint,"Morning there, skipper You want a sardine scramble?",0145,happy,3,"00:08:09,280","00:08:11,760"
CloudyII,Flint,Flint! Ask that Chester V when he thinks we can go home again,0147,happy,3,"00:08:13,560","00:08:17,007"
CloudyII,Flint,I'll be your welcome ambassador Soy latte?,0164,happy,3,"00:09:26,280","00:09:28,886"
CloudyII,Flint,Okay,0165,happy,3,"00:09:29,200","00:09:30,406"
CloudyII,Flint,I have great ideas Absolutely! I've got my idea pants on,0187,happy,3,"00:10:35,680","00:10:39,207"
CloudyII,Flint,I'm so looking forward to working with you guy,0190,happy,3,"00:10:44,720","00:10:46,720"
CloudyII,Flint,handpicks a great inventor and makes him into a Thinkquanaut,0195,happy,3,"00:11:01,920","00:11:05,481"
CloudyII,Flint,and who knows? He might choose you,0198,happy,3,"00:11:09,880","00:11:11,882"
CloudyII,Flint,Thanks Happy inventing!,0201,happy,3,"00:11:15,840","00:11:17,649"
CloudyII,Flint,"Okay, Steve, we have six months until the vesting ceremony",0203,neutral,4,"00:11:38,960","00:11:42,760"
CloudyII,Flint,Can,0205,happy,3,"00:11:44,520","00:11:45,487"
CloudyII,Flint,Can your ideas change the world?,0214,happy,3,"00:12:12,080","00:12:14,367"
CloudyII,Flint,Flint!,0219,happy,3,"00:12:22,040","00:12:22,609"
CloudyII,Flint,The Celebrationator!,0220,happy,3,"00:12:28,840","00:12:30,444"
CloudyII,Flint,Yeah Yeah!,0228,happy,3,"00:12:58,000","00:13:00,082"
CloudyII,Flint,to our annual Thinkquanaut vesting ceremony!,0235,happy,3,"00:13:16,440","00:13:20,445"
CloudyII,Flint,newest Live Corp Thinkquanaut?,0245,happy,3,"00:13:51,400","00:13:54,688"
CloudyII,Flint,It's not that big a deal,0293,sad,5,"00:17:27,720","00:17:29,006"
CloudyII,Flint,"Yeah, but not everyone gets humiliated",0294,sad,5,"00:17:29,240","00:17:31,641"
CloudyII,Flint,in front of their childhood hero,0295,sad,5,"00:17:31,880","00:17:34,451"
CloudyII,Flint,I'll never be a real inventor in Chester's eyes,0296,sad,5,"00:17:35,360","00:17:38,365"
CloudyII,Flint,Mom gave me this lab coat because,0297,sad,5,"00:17:39,320","00:17:41,163"
CloudyII,Flint,"Dad, please I'm not into fishing",0315,neutral,4,"00:18:38,400","00:18:41,529"
CloudyII,Flint,Live Corp,0326,happy,3,"00:19:20,160","00:19:21,002"
CloudyII,Flint,My holograms and I were having an urgent brainstorming session,0337,happy,3,"00:19:55,720","00:19:59,770"
CloudyII,Flint,Mr V! You're real!,0338,happy,3,"00:20:01,440","00:20:02,805"
CloudyII,Flint,There's only two of us left We need help,0347,surprise,6,"00:20:27,240","00:20:29,322"
CloudyII,Flint,with french fry legs and sesame seed eyes,0351,others,7,"00:20:40,360","00:20:43,569"
CloudyII,Flint,Living food?,0352,others,7,"00:20:43,880","00:20:45,211"
CloudyII,Flint,"Oh, no This could only mean one thing",0353,others,7,"00:20:45,440","00:20:48,125"
CloudyII,Flint,The FLDSMDFR survived the explosion,0354,others,7,"00:20:48,360","00:20:51,125"
CloudyII,Flint,your food storm didn't destroy,0362,fear,2,"00:21:14,000","00:21:16,287"
CloudyII,Flint,Or BS-USB,0367,happy,3,"00:21:27,520","00:21:28,442"
CloudyII,Flint,We've searched everywhere and failed,0371,happy,3,"00:21:39,840","00:21:42,522"
CloudyII,Flint,"Chester, I'll find the machine I invented it I can fix this!",0372,happy,3,"00:21:42,760","00:21:46,651"
CloudyII,Flint,But are you sure you want to take this on alone?,0374,happy,3,"00:21:48,440","00:21:51,171"
CloudyII,Flint,You'll be my hero,0378,surprise,6,"00:21:59,200","00:22:00,486"
CloudyII,Flint,"You mustn't tell anyone, not even your closest friends and family",0383,neutral,4,"00:22:09,120","00:22:12,647"
CloudyII,Flint,"Sam! Sam, Sam, Sam! I gotta tell you a secret! Sam!",0385,happy,3,"00:22:16,680","00:22:19,684"
CloudyII,Flint,Big news I'm going to Swallow Falls to destroy the FLDSMDFR,0386,neutral,4,"00:22:19,920","00:22:22,810"
CloudyII,Flint,which is creating deadly food monsters,0387,neutral,4,"00:22:23,040","00:22:24,804"
CloudyII,Flint,which are trying to learn to swim so they can attack Lady Liberty!,0388,neutral,4,"00:22:25,040","00:22:28,362"
CloudyII,Flint,"Wait, you're doing this alone?",0390,neutral,4,"00:22:31,600","00:22:33,125"
CloudyII,Flint,"Well, I'm coming",0393,neutral,4,"00:22:39,560","00:22:41,085"
CloudyII,Flint,What? No! I promised Chester V I would go alone,0394,neutral,4,"00:22:41,320","00:22:44,563"
CloudyII,Flint,Nope Wait,0396,others,7,"00:22:49,160","00:22:50,082"
CloudyII,Flint,And Steve too!,0405,neutral,4,"00:23:07,840","00:23:09,410"
CloudyII,Flint,"Okay, gang",0434,happy,3,"00:24:27,560","00:24:28,527"
CloudyII,Flint,"Flint, if you're going home, so am I",0448,neutral,4,"00:25:17,040","00:25:19,850"
CloudyII,Flint,Which is twice as many boats as we have,0454,neutral,4,"00:25:33,760","00:25:35,967"
CloudyII,Flint,Fine But we'll get there faster,0455,neutral,4,"00:25:37,080","00:25:38,650"
CloudyII,Flint,We'll be there in two flaps of a sardine's fluke!,0467,neutral,4,"00:26:06,400","00:26:08,767"
CloudyII,Flint,"Thanks, Dad!",0468,neutral,4,"00:26:09,480","00:26:10,641"
CloudyII,Flint,I can use my old computer to pinpoint the FLDSMDFR's location,0471,neutral,4,"00:26:15,920","00:26:18,890"
CloudyII,Flint,What if you don't find it?,0473,neutral,4,"00:26:28,640","00:26:30,051"
CloudyII,Flint,I have to It's my machine,0474,neutral,4,"00:26:30,280","00:26:33,204"
CloudyII,Flint,"If the world gets destroyed by these, it's my fault",0475,neutral,4,"00:26:33,480","00:26:36,120"
CloudyII,Flint,Land ho!,0478,neutral,4,"00:26:39,600","00:26:41,329"
CloudyII,Flint,French toast!,0482,fear,2,"00:26:53,200","00:26:54,565"
CloudyII,Flint,"Okay, then All ashore that's going ashore",0494,neutral,4,"00:28:07,000","00:28:10,049"
CloudyII,Flint,"Dad, this place is really dangerous",0495,neutral,4,"00:28:10,480","00:28:12,926"
CloudyII,Flint,Safe? I wanna help,0497,neutral,4,"00:28:16,960","00:28:19,645"
CloudyII,Flint,"Well, fine",0501,happy,3,"00:28:29,720","00:28:30,721"
CloudyII,Flint,That's where,0510,neutral,4,"00:29:19,600","00:29:20,249"
CloudyII,Flint,Is it heavy? Yeah But other than that,0521,happy,3,"00:30:20,320","00:30:23,051"
CloudyII,Flint,It's moving!,0525,happy,3,"00:30:40,040","00:30:41,963"
CloudyII,Flint,"Hey, wait, wait Stop!",0529,fear,2,"00:30:50,360","00:30:52,044"
CloudyII,Flint,I think I'll name him Barry!,0533,neutral,4,"00:31:08,160","00:31:09,730"
CloudyII,Flint,"Okay, Sam, could you please put Barry down?",0534,neutral,4,"00:31:09,960","00:31:12,725"
CloudyII,Flint,"Look, we have to get to the FLDSMDFR so we can shut it down",0535,neutral,4,"00:31:12,960","00:31:15,804"
CloudyII,Flint,with this utterly irreplaceable BS-USB,0536,fear,2,"00:31:16,040","00:31:18,964"
CloudyII,Flint,I need that Please?,0538,fear,2,"00:31:21,320","00:31:23,448"
CloudyII,Flint,Nwoo Yes Nwoo?,0541,fear,2,"00:31:26,600","00:31:28,300"
CloudyII,Flint,"Hi, Nwoo Hey, you wanna hand it to me, buddy?",0542,fear,2,"00:31:28,560","00:31:31,450"
CloudyII,Flint,I beg you,0543,fear,2,"00:31:31,720","00:31:32,801"
CloudyII,Flint,Please?,0544,angry,0,"00:31:33,040","00:31:34,451"
CloudyII,Flint,Nwoo,0546,others,7,"00:31:36,560","00:31:37,243"
CloudyII,Flint,"Nwoo, Nwoo Yes Yes There you go",0547,fear,2,"00:31:37,480","00:31:39,528"
CloudyII,Flint,"Nwoo? Here, you take it, you take it",0553,neutral,4,"00:31:57,440","00:32:00,250"
CloudyII,Flint,"And by pass, you mean",0555,neutral,4,"00:32:04,280","00:32:06,601"
CloudyII,Flint,"Yes Look, we better get a move on",0556,neutral,4,"00:32:06,840","00:32:08,540"
CloudyII,Flint,"Get back in there, tear",0561,happy,3,"00:32:50,440","00:32:52,249"
CloudyII,Flint,all of this,0563,fear,2,"00:32:56,640","00:32:58,210"
CloudyII,Flint,How is that even possible?,0600,neutral,4,"00:34:32,080","00:34:34,401"
CloudyII,Flint,I have no idea,0601,neutral,4,"00:34:34,640","00:34:36,165"
CloudyII,Flint,why was your lady friend carrying this rabid little strawberry in her backpack?,0659,neutral,4,"00:38:02,320","00:38:06,325"
CloudyII,Flint,"Why is the strawberry guy in the backpack? Well, that's funny",0660,neutral,4,"00:38:06,560","00:38:09,882"
CloudyII,Flint,It's You know what he did?,0661,neutral,4,"00:38:10,280","00:38:13,409"
CloudyII,Flint,Nwoo?,0669,neutral,4,"00:38:31,640","00:38:32,880"
CloudyII,Flint,Are you okay?,0713,surprise,6,"00:41:46,040","00:41:47,087"
CloudyII,Flint,Your lab!,0718,neutral,4,"00:42:03,560","00:42:04,925"
CloudyII,Flint,"That dangly, upsy downsy lab's not to code",0721,neutral,4,"00:42:10,960","00:42:13,122"
CloudyII,Flint,Onwards and upwards!,0724,neutral,4,"00:42:19,480","00:42:20,925"
CloudyII,Flint,Really?,0734,happy,3,"00:43:00,640","00:43:01,801"
CloudyII,Flint,"The fate of the world is depending on us Think, Lockwood",0739,neutral,4,"00:43:13,120","00:43:17,125"
CloudyII,Flint,"the hard drive, there's enough equipment in this",0741,happy,3,"00:43:19,600","00:43:21,720"
CloudyII,Flint,underpants,0745,neutral,4,"00:43:29,440","00:43:30,487"
CloudyII,Flint,"Thank you, sir They're my Wedgie proof underwear",0746,neutral,4,"00:43:30,720","00:43:33,610"
CloudyII,Flint,with all that electrified water?,0755,happy,3,"00:43:52,520","00:43:54,648"
CloudyII,Flint,A bully can never be your friend,0778,neutral,4,"00:44:56,600","00:44:59,285"
CloudyII,Flint,"Wow, stew",0782,neutral,4,"00:45:11,760","00:45:13,091"
CloudyII,Flint,It's killer,0801,surprise,6,"00:46:26,280","00:46:28,169"
CloudyII,Flint,Killer stew,0802,angry,0,"00:46:29,320","00:46:30,606"
CloudyII,Flint,No!,0803,angry,0,"00:46:34,720","00:46:35,289"
CloudyII,Flint,Thank you,0804,angry,0,"00:46:37,600","00:46:38,840"
CloudyII,Flint,Is something wrong?,0812,neutral,4,"00:46:57,360","00:46:58,441"
CloudyII,Flint,Why are you being so weird to your friends?,0815,others,7,"00:47:02,000","00:47:04,367"
CloudyII,Flint,You hurt their feelings,0819,neutral,4,"00:47:11,440","00:47:12,805"
CloudyII,Flint,"Okay, gang! Today's the day",0867,happy,3,"00:50:08,200","00:50:09,400"
CloudyII,Flint,We find the FLDSMDFR,0868,neutral,4,"00:50:09,480","00:50:11,244"
CloudyII,Flint,Nwoo?,0870,neutral,4,"00:50:14,800","00:50:15,449"
CloudyII,Flint,Me too,0872,neutral,4,"00:50:16,520","00:50:17,681"
CloudyII,Flint,But I'm also doing this for us You see,0876,neutral,4,"00:50:25,600","00:50:28,490"
CloudyII,Flint,"I still want Sparks-wood to happen, but it can't",0877,neutral,4,"00:50:28,720","00:50:32,008"
CloudyII,Flint,Lockwood! How goes the inventing?,0880,happy,3,"00:50:37,680","00:50:40,570"
CloudyII,Flint,"Very good, sir I was up all night making this",0881,happy,3,"00:50:41,280","00:50:43,726"
CloudyII,Flint,I call it the Flint Lockwood Food Jungle,0882,happy,3,"00:50:43,960","00:50:46,042"
CloudyII,Flint,Excuse us Your friends are distracting you from our mission,0890,neutral,4,"00:51:08,680","00:51:12,002"
CloudyII,Flint,Be a hero.,0896,neutral,4,"00:51:29,360","00:51:31,647"
CloudyII,Flint,What if we're making a big mistake?,0936,neutral,4,"00:55:08,200","00:55:10,601"
CloudyII,Flint,It is true The dessert creatures are especially sweet,0944,neutral,4,"00:55:31,640","00:55:34,849"
CloudyII,Flint,or walk away and let the food monsters destroy Lady Liberty,0962,neutral,4,"00:56:17,640","00:56:22,241"
CloudyII,Flint,"Sam, finding that FLDSMDFR",0963,neutral,4,"00:56:23,800","00:56:26,167"
CloudyII,Flint,Really? Our opinion doesn't matter?,0965,happy,3,"00:56:29,920","00:56:32,764"
CloudyII,Flint,Of course it does!,0966,happy,3,"00:56:33,000","00:56:34,047"
CloudyII,Flint,"Yes! Yes, it matters",0967,neutral,4,"00:56:34,320","00:56:36,209"
CloudyII,Flint,see you back on the boat,0973,others,7,"00:56:49,240","00:56:50,446"
CloudyII,Flint,Wait! Sam!,0974,others,7,"00:56:53,840","00:56:55,490"
CloudyII,Flint,"Wait, please!",0975,others,7,"00:56:55,760","00:56:57,091"
CloudyII,Flint,Sand!,0980,others,7,"00:57:05,720","00:57:06,220"
CloudyII,Flint,Steve!,0986,sad,5,"00:57:23,320","00:57:24,560"
CloudyII,Flint,"Et tu, Steve?",0987,sad,5,"00:57:25,720","00:57:27,484"
CloudyII,Flint,The FLDSMDFR,1048,neutral,4,"01:01:00,400","01:01:01,049"
CloudyII,Flint,Made it!,1053,fear,2,"01:01:39,600","01:01:41,011"
CloudyII,Flint,FLDSMDFR,1054,neutral,4,"01:01:49,960","01:01:51,246"
CloudyII,Flint,"Look, I'm sorry I have to do this to you",1055,neutral,4,"01:01:56,920","01:02:00,208"
CloudyII,Flint,Wait In all its glory,1066,neutral,4,"01:03:12,240","01:03:14,208"
CloudyII,Flint,The BS-USB,1075,fear,2,"01:03:44,400","01:03:46,050"
CloudyII,Flint,Your machine is what I wanted all along,1079,surprise,6,"01:03:53,680","01:03:56,923"
CloudyII,Flint,I knew you'd eventually fall for these pathetic creatures,1082,sad,5,"01:04:01,760","01:04:04,969"
CloudyII,Flint,But you were my idol,1083,sad,5,"01:04:05,920","01:04:07,763"
CloudyII,Flint,What's with all of them? They saved my life,1115,sad,5,"01:07:24,120","01:07:26,885"
CloudyII,Flint,"Come on, son You're really not making any sense",1117,sad,5,"01:07:33,160","01:07:36,289"
CloudyII,Flint,"My friends tried to tell me they were good, but I didn't listen",1119,sad,5,"01:07:41,440","01:07:44,886"
CloudyII,Flint,Everything I touch just gets ruined,1120,sad,5,"01:07:45,160","01:07:47,288"
CloudyII,Flint,Nwoo!,1122,happy,3,"01:07:50,520","01:07:52,249"
CloudyII,Flint,Barry I'm so sorry I misjudged you,1123,others,7,"01:07:52,520","01:07:55,285"
CloudyII,Flint,"Saspa, Saspa!",1130,happy,3,"01:08:10,600","01:08:11,640"
CloudyII,Flint,Sam and the gang?,1131,neutral,4,"01:08:11,880","01:08:13,211"
CloudyII,Flint,And they're being held in the factory? We gotta get them out of there,1135,neutral,4,"01:08:33,680","01:08:37,241"
CloudyII,Flint,"Okay, now I just gotta figure out",1169,neutral,4,"01:10:42,400","01:10:45,230"
CloudyII,Flint,Should be a piece of cake,1173,happy,3,"01:10:52,440","01:10:53,965"
CloudyII,Flint,Got it,1182,happy,3,"01:11:43,520","01:11:44,248"
CloudyII,Flint,Sam's backpack,1196,others,7,"01:13:13,400","01:13:15,084"
CloudyII,Flint,They were here!,1197,fear,2,"01:13:15,800","01:13:16,767"
CloudyII,Flint,Food Bars?,1226,surprise,6,"01:15:46,040","01:15:47,371"
CloudyII,Flint,80!,1246,fear,2,"01:16:47,280","01:16:48,645"
CloudyII,Flint,"Don't do it, Flint! Save the island!",1250,fear,2,"01:16:56,320","01:16:59,051"
CloudyII,Flint,Then drop the cans or I drop your friends,1253,fear,2,"01:17:04,560","01:17:07,689"
CloudyII,Flint,Forkenknifenspooninator!,1271,sad,5,"01:17:57,120","01:17:58,690"
CloudyII,Flint,Invisible coffee table!,1273,sad,5,"01:18:01,440","01:18:02,726"
CloudyII,Flint,"Flint, that's true but now may not be the time!",1275,others,7,"01:18:05,080","01:18:08,728"
CloudyII,Flint,Please let me finish I took you all for granted,1276,others,7,"01:18:08,960","01:18:11,327"
CloudyII,Flint,The truth is I need each and every one of you guys,1279,others,7,"01:18:15,920","01:18:19,003"
CloudyII,Flint,These friends are the reason you keep losing,1284,neutral,4,"01:18:29,720","01:18:32,087"
CloudyII,Flint,We love parties,1289,happy,3,"01:18:44,760","01:18:45,727"
CloudyII,Flint,"You go right ahead, tear",1334,happy,3,"01:22:28,440","01:22:30,442"
CloudyII,Flint,"I'm proud of you, son",1341,happy,3,"01:23:18,760","01:23:20,091"
CloudyII,Flint,"Thanks, Dad",1342,happy,3,"01:23:20,320","01:23:21,446"
CloudyII,Flint,all you have to do is cast it,1345,neutral,4,"01:23:29,600","01:23:31,284"
CloudyII,Flint,"Catch the big one, boy",1349,happy,3,"01:23:40,680","01:23:42,630"
CloudyII,Flint,Am I fishing? Yup,1350,happy,3,"01:23:42,880","01:23:44,609"
CloudyII,Flint,"That's it Steady, steady He's a fighter!",1353,happy,3,"01:23:51,880","01:23:54,884"
CloudyII,Flint,"I got one, Dad! Okay",1355,happy,3,"01:23:59,920","01:24:01,809"
CloudyII,Samantha,And I think you and I should have a place together,0056,happy,3,"00:03:30,800","00:03:33,121"
CloudyII,Samantha,A place where we work,0058,happy,3,"00:03:34,560","00:03:36,210"
CloudyII,Samantha,I do,0060,happy,3,"00:03:39,680","00:03:40,488"
CloudyII,Samantha,We could build a lab With cool weather,0062,happy,3,"00:03:44,080","00:03:46,128"
CloudyII,Samantha,We can invent fantastic machines like the FLDSMDFR,0064,happy,3,"00:03:47,520","00:03:50,091"
CloudyII,Samantha,What shall we call our lab?,0068,happy,3,"00:03:55,760","00:03:57,524"
CloudyII,Samantha,Steve!,0076,neutral,4,"00:04:15,000","00:04:15,762"
CloudyII,Samantha,then all your dreams will come true,0124,happy,3,"00:06:44,880","00:06:47,167"
CloudyII,Samantha,What about our dream?,0126,happy,3,"00:06:49,280","00:06:51,044"
CloudyII,Samantha,"Morning, Sam!",0148,happy,3,"00:08:20,120","00:08:21,087"
CloudyII,Samantha,"Hey, Flint, I got your message",0290,sad,5,"00:17:09,680","00:17:11,682"
CloudyII,Samantha,"Oh, no, what happened to you?",0291,others,7,"00:17:11,960","00:17:14,201"
CloudyII,Samantha,"Flint, everyone gets humiliated on national television",0292,others,7,"00:17:24,080","00:17:27,482"
CloudyII,Samantha,Now I guess I won't Now that's a big bucket of churn,0299,others,7,"00:17:45,360","00:17:48,609"
CloudyII,Samantha,"Flint, you don't need Chester's approval",0300,others,7,"00:17:48,880","00:17:51,406"
CloudyII,Samantha,Is it winter on your torso and summer on your arms?,0303,others,7,"00:17:57,840","00:18:01,287"
CloudyII,Samantha,"For what it's worth, the people who really care about you",0304,others,7,"00:18:03,000","00:18:05,890"
CloudyII,Samantha,think you look great in your lab coat,0305,others,7,"00:18:06,120","00:18:08,930"
CloudyII,Samantha,Sam?,0389,neutral,4,"00:22:30,400","00:22:31,367"
CloudyII,Samantha,he's gonna wanna come too,0392,neutral,4,"00:22:37,360","00:22:39,310"
CloudyII,Samantha,There's no talking you out of this?,0395,neutral,4,"00:22:47,400","00:22:48,925"
CloudyII,Samantha,"Sam, it's gonna be deadly dangerous with a good chance of death",0397,happy,3,"00:22:50,320","00:22:53,324"
CloudyII,Samantha,"Juicy! Earl, we need your help",0406,neutral,4,"00:23:10,000","00:23:11,809"
CloudyII,Samantha,In the flesh,0430,happy,3,"00:24:07,840","00:24:08,807"
CloudyII,Samantha,Look! The climate has shifted dramatically,0491,happy,3,"00:27:51,320","00:27:53,390"
CloudyII,Samantha,cheese Let's get out of here!,0513,fear,2,"00:29:28,280","00:29:30,760"
CloudyII,Samantha,"Oh, that was a close one",0526,happy,3,"00:30:43,480","00:30:44,641"
CloudyII,Samantha,Get it off! Get it off me! Sam! Sam!,0528,happy,3,"00:30:47,840","00:30:50,081"
CloudyII,Samantha,Look at him,0531,others,7,"00:30:55,720","00:30:57,210"
CloudyII,Samantha,Seriously?,0532,happy,3,"00:31:05,600","00:31:06,761"
CloudyII,Samantha,You're gonna have to carry him until he passes the BS-USB,0554,others,7,"00:32:00,520","00:32:04,047"
CloudyII,Samantha,before we run into any more of these creatures,0557,surprise,6,"00:32:08,800","00:32:11,121"
CloudyII,Samantha,"Okay, come here",0593,neutral,4,"00:34:18,800","00:34:19,608"
CloudyII,Samantha,I can't believe your machine,0597,neutral,4,"00:34:25,520","00:34:27,045"
CloudyII,Samantha,reprogrammed itself to create,0598,happy,3,"00:34:27,280","00:34:28,440"
CloudyII,Samantha,this entire ecosystem of living food,0599,neutral,4,"00:34:28,480","00:34:31,848"
CloudyII,Samantha,Best we don't think about it,0602,happy,3,"00:34:36,400","00:34:37,970"
CloudyII,Samantha,"Stand back, everyone!",0645,others,7,"00:37:23,760","00:37:24,647"
CloudyII,Samantha,She's got a knife!,0665,angry,0,"00:38:21,480","00:38:22,720"
CloudyII,Samantha,That bunch of bananostriches nearly split us,0712,others,7,"00:41:42,520","00:41:45,285"
CloudyII,Samantha,"Home, home, home!",0716,surprise,6,"00:41:54,760","00:41:55,443"
CloudyII,Samantha,"Oh, my gosh",0717,surprise,6,"00:42:01,840","00:42:03,330"
CloudyII,Samantha,No one has ever rejected my stew,0809,neutral,4,"00:46:47,840","00:46:50,161"
CloudyII,Samantha,"Yeah, we blew a fuse",0813,neutral,4,"00:46:58,680","00:47:00,045"
CloudyII,Samantha,You blew a fuse,0814,neutral,4,"00:47:00,280","00:47:01,725"
CloudyII,Samantha,What? I haven't been weird,0816,others,7,"00:47:04,600","00:47:06,250"
CloudyII,Samantha,You karate chopped,0817,others,7,"00:47:06,480","00:47:08,323"
CloudyII,Samantha,Manny's stew out of Brent's hands,0818,others,7,"00:47:08,560","00:47:11,211"
CloudyII,Samantha,"Sam, you wouldn't understand",0820,others,7,"00:47:13,040","00:47:15,042"
CloudyII,Samantha,"I do understand, but you're forgetting that:",0821,others,7,"00:47:18,520","00:47:21,285"
CloudyII,Samantha,A bully turned friend will be friend to the end,0822,others,7,"00:47:26,920","00:47:30,925"
CloudyII,Samantha,"Listen, Brent came here to help you",0823,others,7,"00:47:31,960","00:47:34,645"
CloudyII,Samantha,We all did,0824,others,7,"00:47:34,880","00:47:36,086"
CloudyII,Samantha,And you're acting like we're just in your way,0825,others,7,"00:47:40,240","00:47:43,323"
CloudyII,Samantha,Stay put We'll find and destroy them,0863,surprise,6,"00:49:56,520","00:49:59,000"
CloudyII,Samantha,What?,0871,happy,3,"00:50:15,680","00:50:16,283"
CloudyII,Samantha,Nwoo? What?,0874,happy,3,"00:50:22,840","00:50:23,807"
CloudyII,Samantha,Not until I become a great inventor like Chester V,0878,happy,3,"00:50:32,240","00:50:34,686"
CloudyII,Samantha,All I have to do now is cut the leg holes,0886,happy,3,"00:50:55,200","00:50:57,804"
CloudyII,Samantha,Excellent! Let's go!,0898,others,7,"00:51:34,760","00:51:37,161"
CloudyII,Samantha,"Okay, Barry, time to go home now",0899,happy,3,"00:51:39,120","00:51:40,724"
CloudyII,Samantha,Barry?,0901,happy,3,"00:51:45,920","00:51:46,842"
CloudyII,Samantha,Right! Barry,0902,happy,3,"00:51:47,120","00:51:49,122"
CloudyII,Samantha,You Barry,0903,happy,3,"00:51:49,360","00:51:50,930"
CloudyII,Samantha,Barry,0904,happy,3,"00:51:51,160","00:51:52,082"
CloudyII,Samantha,"Come on, Sam! Coming!",0907,neutral,4,"00:51:58,560","00:52:00,130"
CloudyII,Samantha,Now you go on home,0909,neutral,4,"00:52:03,880","00:52:04,927"
CloudyII,Samantha,"Bravo, young Lockwood, bravo!",0922,neutral,4,"00:54:04,080","00:54:06,367"
CloudyII,Samantha,"Wait, Flint!",0935,neutral,4,"00:55:06,560","00:55:07,607"
CloudyII,Samantha,Mistake?,0937,neutral,4,"00:55:11,200","00:55:12,406"
CloudyII,Samantha,About shutting off the FLDSMDFR,0938,neutral,4,"00:55:12,640","00:55:14,642"
CloudyII,Samantha,"He's right, Sam I mean, we were almost eaten by a cheespider",0941,neutral,4,"00:55:22,240","00:55:25,323"
CloudyII,Samantha,It doesn't mean we have to destroy all of them,0942,neutral,4,"00:55:25,560","00:55:28,450"
CloudyII,Samantha,The only reason they're,0949,neutral,4,"00:55:43,880","00:55:44,801"
CloudyII,Samantha,biting is because of the drop in barometric pressure,0950,neutral,4,"00:55:44,920","00:55:47,161"
CloudyII,Samantha,Food that cannot love! Flint,0957,angry,0,"00:56:03,560","00:56:07,087"
CloudyII,Samantha,"we should be studying the food animals, not killing them",0958,others,7,"00:56:07,320","00:56:10,642"
CloudyII,Samantha,and saving the world that's what matters,0964,others,7,"00:56:26,440","00:56:29,687"
CloudyII,Samantha,Wrong answer Toast,0969,angry,0,"00:56:40,320","00:56:41,560"
CloudyII,Samantha,"Yeah? Well, I guess this doesn't matter either",0970,angry,0,"00:56:41,800","00:56:44,870"
CloudyII,Samantha,I'll just,0972,angry,0,"00:56:48,280","00:56:49,008"
CloudyII,Samantha,for some nefarious purpose,1002,angry,0,"00:58:27,960","00:58:29,564"
CloudyII,Samantha,Very slowly,1008,angry,0,"00:58:39,880","00:58:43,089"
CloudyII,Samantha,"Oh, come on Now you're acting weird",1009,angry,0,"00:58:43,400","00:58:46,324"
CloudyII,Samantha,But why did she attack us before?,1029,neutral,4,"00:59:52,200","00:59:53,884"
CloudyII,Samantha,I knew it! Chester's up to something terrible,1040,others,7,"01:00:14,320","01:00:17,070"
CloudyII,Samantha,Chester's my best friend,1108,neutral,4,"01:06:27,240","01:06:29,686"
CloudyII,Samantha,If Chester was really your friend,1109,neutral,4,"01:06:30,720","01:06:33,405"
CloudyII,Samantha,"Guys, do you think we could still work together?",1335,happy,3,"01:22:39,000","01:22:44,208"
CloudyII,Tim,Friends!,0051,happy,3,"00:03:12,520","00:03:13,681"
CloudyII,Tim,As soon as you all leave,0096,neutral,4,"00:05:32,000","00:05:33,968"
CloudyII,Tim,Do I look like a future Thinkquanaut?,0144,angry,0,"00:08:05,760","00:08:08,969"
CloudyII,Tim,"No, thanks! Can't be late!",0146,angry,0,"00:08:12,000","00:08:13,040"
CloudyII,Tim,You can still make the world a better place without an orange vest,0301,neutral,4,"00:17:51,640","00:17:55,730"
CloudyII,Tim,I don't get vests,0302,neutral,4,"00:17:55,960","00:17:57,564"
CloudyII,Tim,"Good night, Mr Lockwood",0306,neutral,4,"00:18:09,160","00:18:10,321"
CloudyII,Tim,This Chester V guy,0309,neutral,4,"00:18:16,840","00:18:19,366"
CloudyII,Tim,He promised us we'd be home before we know it Well,0310,neutral,4,"00:18:19,600","00:18:22,922"
CloudyII,Tim,we darn sure know it and we're not home,0311,neutral,4,"00:18:24,760","00:18:27,445"
CloudyII,Tim,"So I say you, me and your friends",0312,neutral,4,"00:18:27,680","00:18:31,571"
CloudyII,Tim,we take the boat We can go fishing every day,0313,neutral,4,"00:18:31,800","00:18:34,371"
CloudyII,Tim,And cleanup? You're way too old to be doing that kind of work,0316,neutral,4,"00:18:41,800","00:18:45,691"
CloudyII,Tim,"Flint Lockwood, please",0318,neutral,4,"00:18:52,280","00:18:53,441"
CloudyII,Tim,"Dad, no How did you know we were here?",0446,neutral,4,"00:25:08,480","00:25:10,608"
CloudyII,Tim,I could see you from the apartment,0447,neutral,4,"00:25:10,840","00:25:12,240"
CloudyII,Tim,The island's gonna be very dangerous,0449,angry,0,"00:25:20,120","00:25:21,804"
CloudyII,Tim,"I was born on the island, and I wanna die on that island, just like your mom.",0450,neutral,4,"00:25:22,080","00:25:26,080"
CloudyII,Tim,"Okay, okay, we'll take the boat!",0458,neutral,4,"00:25:42,000","00:25:43,525"
CloudyII,Tim,You hold your nose,0465,neutral,4,"00:26:01,880","00:26:03,450"
CloudyII,Tim,And out one goes There's 18 buckets of chum on a boat,0466,neutral,4,"00:26:03,680","00:26:06,160"
CloudyII,Tim,Land ho!,0477,neutral,4,"00:26:38,400","00:26:39,367"
CloudyII,Tim,I'd feel better if you stayed here on the boat where it's safe,0496,others,7,"00:28:13,160","00:28:16,687"
CloudyII,Tim,"Don't worry, we'll get your home back",0500,sad,5,"00:28:25,480","00:28:27,926"
CloudyII,Tim,"Thanks, Dad We'll try to be back before suppertime, okay?",0502,sad,5,"00:28:30,960","00:28:34,965"
CloudyII,Tim,Just leave me on the boat without any food,0689,neutral,4,"00:39:36,200","00:39:38,150"
CloudyII,Tim,I know a place where I can get something to eat,0690,neutral,4,"00:39:39,080","00:39:41,447"
CloudyII,Tim,There's no sardines?,0694,neutral,4,"00:39:57,200","00:39:58,281"
CloudyII,Tim,Yeah,0699,others,7,"00:40:38,680","00:40:40,091"
CloudyII,Tim,"Hey, hey, hey Easy, you guys Come on, you could lose an eye",0704,fear,2,"00:40:55,720","00:40:58,963"
CloudyII,Tim,I'll take care of it,0835,neutral,4,"00:48:16,160","00:48:17,685"
CloudyII,Tim,"Hey, hey, hey!",0837,neutral,4,"00:48:27,960","00:48:28,688"
CloudyII,Tim,That is not for you,0838,happy,3,"00:48:28,960","00:48:30,564"
CloudyII,Tim,"All right, let's get to it",0839,neutral,4,"00:48:31,520","00:48:33,010"
CloudyII,Tim,Okay,0840,neutral,4,"00:48:38,160","00:48:38,888"
CloudyII,Tim,"You got this, right?",0841,neutral,4,"00:48:39,120","00:48:40,121"
CloudyII,Tim,"No, no, no",0843,neutral,4,"00:48:47,680","00:48:48,488"
CloudyII,Tim,"No, don't eat that That's bad You'll hurt yourself",0844,neutral,4,"00:48:48,720","00:48:51,405"
CloudyII,Tim,"Hey, hey, easy! Stop picking on your brother, will you?",0845,neutral,4,"00:48:51,640","00:48:54,371"
CloudyII,Tim,How would you like it if he was shoving you?,0846,neutral,4,"00:48:54,600","00:48:56,728"
CloudyII,Tim,"Okay, now watch",0847,neutral,4,"00:48:56,960","00:48:58,325"
CloudyII,Tim,Catch the big one!,0849,neutral,4,"00:49:02,840","00:49:04,444"
CloudyII,Tim,It's called fishing,0851,neutral,4,"00:49:10,040","00:49:12,042"
CloudyII,Tim,"I tell you, if only Flint liked fishing as much as you guys",0860,neutral,4,"00:49:41,240","00:49:45,040"
CloudyII,Tim,Nwoo! Nwoo!,1111,neutral,4,"01:07:00,440","01:07:02,249"
CloudyII,Tim,I let Chester steal the machine and now he's starting Operation Slice and Dice,1116,neutral,4,"01:07:28,760","01:07:32,765"
CloudyII,Tim,Saspa!,1127,neutral,4,"01:08:06,240","01:08:07,321"
CloudyII,Tim,It looks like a Sentinel of Safety,1132,neutral,4,"01:08:16,800","01:08:19,041"
CloudyII,Tim,Nwoo!,1140,neutral,4,"01:09:01,840","01:09:03,001"
CloudyII,Tim,Nwoo! Nwoo!,1144,neutral,4,"01:09:18,800","01:09:22,805"
CloudyII,Tim,"Nwoo Look, Flint, they came here to help",1151,neutral,4,"01:09:39,840","01:09:42,605"
CloudyII,Tim,how to get in there,1170,neutral,4,"01:10:45,480","01:10:47,209"
CloudyII,Tim,into that unfinished part of the factory,1172,happy,3,"01:10:50,600","01:10:52,320"
CloudyII,Tim,But there's one last thing I need to do,1343,neutral,4,"01:23:21,800","01:23:24,167"
CloudyII,Tim,"Okay, now, son Now, once you put it on like that",1344,neutral,4,"01:23:26,160","01:23:29,323"
CloudyII,Tim,"No, no, no Here, let me show you how",1347,happy,3,"01:23:34,320","01:23:37,802"
CloudyII,Tim,"See, it's all in the wrist Like this",1348,happy,3,"01:23:38,040","01:23:39,990"
CloudyII,Tim,I'm fishing!,1351,neutral,4,"01:23:44,840","01:23:46,569"
CloudyII,Tim,"You've got a live one Now reel him in, Flint",1352,neutral,4,"01:23:48,440","01:23:51,070"
CloudyII,Tim,Can we do this again? Like all the time?,1356,happy,3,"01:24:02,400","01:24:05,290"
Cloudy,Tim,Ah!,0026,neutral,4,"00:01:58,151","00:01:59,675"
Cloudy,Tim,Flint. Um...,0121,neutral,4,"00:07:43,241","00:07:46,039"
Cloudy,Tim,Um...,0122,neutral,4,"00:07:47,112","00:07:49,103"
Cloudy,Tim,"No, why?",0124,neutral,4,"00:07:54,052","00:07:55,542"
Cloudy,Tim,It is going to be so awesome.,0138,disgust,1,"00:08:30,421","00:08:33,982"
Cloudy,Tim,"I'm sorry, son.",0139,neutral,4,"00:08:34,726","00:08:36,318"
Cloudy,Tim,Swallow Falls forever! Oh. What a delight.,0172,neutral,4,"00:10:09,520","00:10:13,354"
Cloudy,Tim,I'll hold down the fort here.,0175,neutral,4,"00:10:19,998","00:10:21,488"
Cloudy,Tim,"Heh-heh-heh. Yeah, Dad, I'm pretty sure I'll be fine.",0177,happy,3,"00:10:24,736","00:10:27,068"
Cloudy,Tim,"Ha. All right, then.",0178,happy,3,"00:10:27,372","00:10:28,771"
Cloudy,Tim,I know. Cheeseburgers from the sky,0378,others,7,"00:21:59,797","00:22:01,958"
Cloudy,Tim,(WHISPERS) there's a girl here.,0383,neutral,4,"00:22:11,475","00:22:12,806"
Cloudy,Tim,(SIGHS),0384,neutral,4,"00:22:13,310","00:22:14,800"
Cloudy,Tim,Can you look me in the eye and tell me you've got this under control,0385,neutral,4,"00:22:15,179","00:22:19,115"
Cloudy,Tim,"If you wanna come, I could show you how I make the food.",0536,sad,5,"00:29:03,820","00:29:06,721"
Cloudy,Tim,"Uh... No, thanks.",0537,sad,5,"00:29:06,890","00:29:09,654"
Cloudy,Tim,(PEOPLE LAUGHING),0787,neutral,4,"00:41:05,041","00:41:07,032"
Cloudy,Tim,"Well, 'em,",0788,neutral,4,"00:41:09,712","00:41:11,339"
Cloudy,Tim,(UTENSILS CLATTER),0792,others,7,"00:41:24,127","00:41:25,594"
Cloudy,Tim,instead of trying to get me to work in some boring tackle shop?,0799,others,7,"00:41:42,445","00:41:46,541"
Cloudy,Tim,"Well,",0800,others,7,"00:41:48,151","00:41:49,743"
Cloudy,Tim,"you seem like you know what you're doing, then.",0801,sad,5,"00:41:50,353","00:41:52,787"
Cloudy,Tim,I guess I'll just get out of your way.,0802,sad,5,"00:41:54,757","00:41:57,351"
Cloudy,Tim,Lockwood! Lockwood! Lockwood!,0924,sad,5,"00:48:49,505","00:48:50,972"
Cloudy,Tim,(FLINT GROANING),1028,sad,5,"00:55:12,854","00:55:14,151"
Cloudy,Tim,(SQUAWKING),1029,sad,5,"00:55:19,094","00:55:20,721"
Cloudy,Tim,"Hey, Dad.",1031,neutral,4,"00:55:22,397","00:55:23,455"
Cloudy,Tim,This is junk.,1041,neutral,4,"00:55:50,559","00:55:52,186"
Cloudy,Tim,"Oh, son. Listen, when your boat is, when it's listing,",1042,neutral,4,"00:55:52,995","00:55:56,829"
Cloudy,Tim,"Well,",1048,neutral,4,"00:56:18,820","00:56:20,253"
Cloudy,Tim,I need a favor. The fate of the world depends on it!,1147,others,7,"01:02:14,876","01:02:17,436"
Cloudy,Tim,"Go into my lab, get on my computer and e-mail a file to my cell phone.",1149,surprise,6,"01:02:19,848","01:02:24,080"
Cloudy,Tim,Um...,1150,fear,2,"01:02:25,353","01:02:27,287"
Cloudy,Tim,"type in my name, and press send. Oh!",1198,others,7,"01:05:17,625","01:05:19,889"
Cloudy,Tim,I'm sorry.,1395,others,7,"01:18:09,029","01:18:10,428"
Cloudy,Tim,Dad. Steve.,1412,sad,5,"01:19:17,364","01:19:18,695"
Cloudy,Tim,Flint.,1413,sad,5,"01:19:18,866","01:19:20,663"
Cloudy,Tim,Oh.,1414,neutral,4,"01:19:22,236","01:19:23,635"
Cloudy,Tim,"Look, when you... When you cast your line,",1415,neutral,4,"01:19:24,505","01:19:28,464"
Cloudy,Tim,could be the father of someone as extraordinary as you.,1421,others,7,"01:19:44,425","01:19:48,521"
Cloudy,Tim,"You're talented, you're a total original.",1422,others,7,"01:19:48,695","01:19:51,994"
Cloudy,Tim,And your lab is breathtaking.,1423,others,7,"01:19:52,166","01:19:54,999"
Cloudy,Tim,"And if she were alive today, she'd tell us both:",1425,others,7,"01:19:58,338","01:20:01,432"
Cloudy,Tim,I told you so.  Ha-ha.,1426,others,7,"01:20:01,642","01:20:04,543"
Cloudy,Tim,"Now, uh, look, when I take this thing off,",1427,others,7,"01:20:04,711","01:20:07,771"
Cloudy,Tim,"and you hear me make a fishing metaphor,",1428,others,7,"01:20:07,948","01:20:11,440"
Cloudy,Tim,just know that fishing metaphor means:,1429,happy,3,"01:20:12,219","01:20:15,120"
Cloudy,Brent,"Hey. Hey, it's Baby Brent.",0163,happy,3,"00:09:47,232","00:09:49,166"
Cloudy,Brent,"Anyways, who wants to watch me cut the ribbon",0167,happy,3,"00:09:55,940","00:09:58,238"
Cloudy,Brent,I'll be using these bad boys to help save the town.,0169,happy,3,"00:10:00,211","00:10:03,908"
Cloudy,Brent,(GASPS),0333,surprise,6,"00:19:09,293","00:19:10,487"
Cloudy,Brent,"Brent, that's okay.",1109,angry,0,"01:00:00,041","01:00:02,134"
Cloudy,Brent,"No, it's not okay.",1110,sad,5,"01:00:02,310","01:00:05,404"
Cloudy,Brent,I've been coasting on my fame since I was a baby.,1111,sad,5,"01:00:05,580","01:00:09,209"
Cloudy,Brent,But it was all just an illusion.,1112,sad,5,"01:00:09,384","01:00:12,251"
Cloudy,Brent,"That was close. I mean, can you imagine if we lost this kill code?",1142,sad,5,"01:02:00,695","01:02:05,064"
Cloudy,Brent,Just before then.,1164,neutral,4,"01:03:19,174","01:03:20,198"
Cloudy,Brent,Baby Brent?,1266,neutral,4,"01:09:28,709","01:09:29,903"
Cloudy,Earl,"Just, uh, holding my hands, uh, behind my back respectfully, sir.",0199,angry,0,"00:11:29,767","00:11:32,327"
Cloudy,Earl,A tomfool.,0202,angry,0,"00:11:36,574","00:11:37,939"
Cloudy,Earl,You see my beautiful angel son Cal? What's up?,0203,angry,0,"00:11:38,109","00:11:40,339"
Cloudy,Earl,I love him so much. This is my only son.,0204,angry,0,"00:11:40,545","00:11:43,013"
Cloudy,Earl,I want him to have a bright future.,0205,angry,0,"00:11:43,181","00:11:44,842"
Cloudy,Earl,A future in which you don't ruin our town's day,0206,angry,0,"00:11:45,049","00:11:47,279"
Cloudy,Earl,"Well, that's all behind me...",0208,angry,0,"00:11:49,854","00:11:51,014"
Cloudy,Earl,"You see this contact lens, Flint Lockwood?",0209,angry,0,"00:11:51,189","00:11:52,829"
Cloudy,Earl,(LAUGHS),0253,others,7,"00:14:01,786","00:14:03,549"
Cloudy,Earl,(ALL GASP),0335,surprise,6,"00:19:12,096","00:19:15,224"
Cloudy,Earl,Yeah? Uh...,0547,others,7,"00:29:39,623","00:29:41,250"
Cloudy,Earl,"It's my son Cal's birthday tomorrow,",0548,others,7,"00:29:42,726","00:29:44,990"
Cloudy,Earl,"Plus, you're always mean to me.",0551,others,7,"00:29:51,268","00:29:52,929"
Cloudy,Earl,"It'll be just one time,",0552,others,7,"00:29:53,136","00:29:54,933"
Cloudy,Earl,"You know, I don't wanna overwork the machine, so...",0555,sad,5,"00:30:00,410","00:30:03,709"
Cloudy,Earl,Okay. I knew it was a long shot.,0556,sad,5,"00:30:03,880","00:30:07,372"
Cloudy,Earl,I just wanted Cal to see how much his father loves him.,0557,sad,5,"00:30:07,551","00:30:10,281"
Cloudy,Earl,Dad?,0572,happy,3,"00:31:03,306","00:31:04,466"
Cloudy,Earl,(BOTH LAUGH),0585,happy,3,"00:31:43,346","00:31:45,371"
Cloudy,Earl,"Pretty great decision, eh?",0999,sad,5,"00:53:30,986","00:53:32,180"
Cloudy,Earl,"Daddy? Oh, Cal. Cal.",1007,happy,3,"00:53:51,940","00:53:55,273"
Cloudy,Earl,(CAL VOMITING),1009,happy,3,"00:53:57,179","00:53:59,374"
Cloudy,Earl,Hey!,1085,neutral,4,"00:58:43,865","00:58:45,799"
Cloudy,Earl,This mess we're in is all our faults.,1086,neutral,4,"00:58:46,368","00:58:49,235"
Cloudy,Earl,"Look, I'm as mad at Flint as you are.",1088,neutral,4,"00:58:53,742","00:58:56,176"
Cloudy,Earl,"In fact, when he gets out of that car, I'm gonna slap him in the face.",1089,neutral,4,"00:58:56,378","00:59:00,678"
Cloudy,Earl,"I know Flint Lockwood made the food, but it was made-to-order.",1090,neutral,4,"00:59:00,882","00:59:04,978"
Cloudy,Earl,Sorry. It's okay.,1094,neutral,4,"00:59:21,670","00:59:23,331"
Cloudy,Earl,"We can do it. Come on, move it, move it.",1214,others,7,"01:05:58,666","01:06:00,497"
Cloudy,Flint,"Coolness enhancement, complete.",0088,neutral,4,"00:05:47,826","00:05:49,987"
Cloudy,Flint,(ELEVATOR MUSIC PLAYING OVER SPEAKERS),0090,neutral,4,"00:05:52,197","00:05:54,188"
Cloudy,Flint,"Well, all your technology stuff, it just ends in disaster.",0125,neutral,4,"00:07:55,720","00:08:00,123"
Cloudy,Flint,"The ratbirds, yes, they escaped and bred at a surprising rate.",0126,neutral,4,"00:08:00,325","00:08:03,192"
Cloudy,Flint,Tackle is a good career.,0133,others,7,"00:08:17,408","00:08:18,966"
Cloudy,Flint,"Please, I'm so close with this one.",0134,others,7,"00:08:19,144","00:08:20,805"
Cloudy,Flint,and then everyone won't have to eat sardines anymore.,0137,others,7,"00:08:27,485","00:08:30,249"
Cloudy,Flint,Ouch. No more inventing.,0140,others,7,"00:08:36,494","00:08:38,086"
Cloudy,Flint,"Dad, I know I can do this.",0141,sad,5,"00:08:38,263","00:08:41,391"
Cloudy,Flint,"Listen, you, uh... Maybe you wanna go to that unveiling?",0173,neutral,4,"00:10:13,524","00:10:17,358"
Cloudy,Flint,"You know, Dad, why don't you go ahead. I'll, uh...",0174,neutral,4,"00:10:17,528","00:10:19,826"
Cloudy,Flint,Really? You sure you can handle it?,0176,happy,3,"00:10:21,666","00:10:24,567"
Cloudy,Flint,"I'll be back in half an hour, skipper.",0179,happy,3,"00:10:28,973","00:10:31,908"
Cloudy,Flint,Under this tarp is the greatest tourist attraction ever built by humans.,0194,neutral,4,"00:11:15,420","00:11:20,551"
Cloudy,Flint,"We just need 17,000 more gigajoules.",0195,neutral,4,"00:11:20,725","00:11:23,319"
Cloudy,Flint,"What are you doing, Flint Lockwood? Wha...! Oh!",0198,fear,2,"00:11:27,832","00:11:29,673"
Cloudy,Flint,Oh!,0275,sad,5,"00:15:21,199","00:15:22,962"
Cloudy,Flint,What is going on with your feet?,0305,others,7,"00:17:49,513","00:17:51,981"
Cloudy,Flint,Yeah.,0310,happy,3,"00:18:02,727","00:18:04,160"
Cloudy,Flint,But that could only mean...,0329,surprise,6,"00:18:57,782","00:19:00,751"
Cloudy,Flint,(SQUAWKS),0337,surprise,6,"00:19:20,704","00:19:22,296"
Cloudy,Flint,Excited. Excited.,0339,happy,3,"00:19:48,432","00:19:51,333"
Cloudy,Flint,My machine works.,0341,happy,3,"00:20:01,745","00:20:03,110"
Cloudy,Flint,Is that what that rocket was?,0344,others,7,"00:20:13,858","00:20:15,519"
Cloudy,Flint,This is the greatest weather phenomenon in history.,0348,happy,3,"00:20:23,200","00:20:25,998"
Cloudy,Flint,"Please, please, please.",0375,happy,3,"00:21:49,887","00:21:52,082"
Cloudy,Flint,that's not natural.,0379,others,7,"00:22:02,166","00:22:03,724"
Cloudy,Flint,My invention could save the whole town.,0380,others,7,"00:22:03,901","00:22:06,563"
Cloudy,Flint,"You will be so proud of me, Dad.",0381,neutral,4,"00:22:06,737","00:22:09,297"
Cloudy,Flint,"Plus,",0382,neutral,4,"00:22:09,473","00:22:11,304"
Cloudy,Flint,and it's not gonna end up in a disaster?,0386,neutral,4,"00:22:19,283","00:22:21,308"
Cloudy,Flint,(WEAKLY) Yes.,0387,neutral,4,"00:22:22,186","00:22:23,448"
Cloudy,Flint,(WHIMPERING),0390,fear,2,"00:22:32,696","00:22:35,995"
Cloudy,Flint,Wow. You seriously spend a lot of time alone.,0400,others,7,"00:23:04,862","00:23:09,026"
Cloudy,Flint,What? Ha-ha-ha.,0401,neutral,4,"00:23:09,233","00:23:12,031"
Cloudy,Flint,So here's how it works.,0402,neutral,4,"00:23:13,270","00:23:14,532"
Cloudy,Flint,of the vapor from the cumulonimbus layer?,0406,neutral,4,"00:23:23,013","00:23:24,674"
Cloudy,Flint,"which, uh, I guess, is why you shot it up there in the first place.",0411,happy,3,"00:23:33,123","00:23:36,524"
Cloudy,Flint,Okay.,0416,neutral,4,"00:23:44,401","00:23:45,993"
Cloudy,Flint,I love Jell-O.,0430,happy,3,"00:24:14,798","00:24:16,265"
Cloudy,Flint,"Oh, no, no, no, I am severely allergic to peanuts.",0432,others,7,"00:24:19,002","00:24:21,402"
Cloudy,Flint,It's called the Flint Lockwood Diatonic Super-Mutating.,0436,neutral,4,"00:24:26,176","00:24:28,940"
Cloudy,Flint,Dynamic Food Replicator.,0437,neutral,4,"00:24:29,113","00:24:31,274"
Cloudy,Flint,"Or, for short:",0438,neutral,4,"00:24:31,448","00:24:33,109"
Cloudy,Flint,Fliminadifiser?,0440,neutral,4,"00:24:35,552","00:24:36,610"
Cloudy,Flint,Fliminubahdibferer?,0442,neutral,4,"00:24:38,322","00:24:39,721"
Cloudy,Flint,Fli.,0443,neutral,4,"00:24:39,890","00:24:41,517"
Cloudy,Flint,Suh.,0444,neutral,4,"00:24:41,692","00:24:43,455"
Cloudy,Flint,He's gonna make the food now. Uh...,0447,fear,2,"00:24:47,464","00:24:49,227"
Cloudy,Flint,Now?,0448,fear,2,"00:24:49,399","00:24:50,423"
Cloudy,Flint,"Well, um, the thing is, I can't",0449,happy,3,"00:24:50,601","00:24:54,298"
Cloudy,Flint,Staring.,0459,surprise,6,"00:25:14,158","00:25:15,284"
Cloudy,Flint,for three hours. I know. Ha-ha.,0463,neutral,4,"00:25:19,663","00:25:21,756"
Cloudy,Flint,It's working.,0464,neutral,4,"00:25:31,008","00:25:32,168"
Cloudy,Flint,"Gummi Bears. Whoa, Steve, no.",0466,neutral,4,"00:25:34,511","00:25:36,502"
Cloudy,Flint,Nothing.,0473,neutral,4,"00:25:48,025","00:25:49,458"
Cloudy,Flint,So you're sure this is safe?,0476,happy,3,"00:25:55,599","00:25:58,033"
Cloudy,Flint,is going to love your invention.,0504,neutral,4,"00:27:23,487","00:27:27,787"
Cloudy,Flint,"It's me, the mayor. Oh. Uh...",0526,neutral,4,"00:28:36,193","00:28:38,525"
Cloudy,Flint,You look different. Uh...,0527,neutral,4,"00:28:38,695","00:28:40,026"
Cloudy,Flint,"I love spending time with you, Dad.",0534,neutral,4,"00:28:55,078","00:28:56,718"
Cloudy,Flint,"Hey, Dad, I'm headed back to the lab.",0535,others,7,"00:29:01,018","00:29:03,646"
Cloudy,Flint,"That techno-food, it's... It's too complicated for an old fisherman.",0538,sad,5,"00:29:09,826","00:29:14,957"
Cloudy,Flint,"Could still use your help around here, though, you know.",0540,others,7,"00:29:17,901","00:29:21,337"
Cloudy,Flint,"I'm working with the mayor now, Dad.",0541,sad,5,"00:29:21,505","00:29:24,167"
Cloudy,Flint,"Well, I'm pretty backed up on requests.",0550,sad,5,"00:29:48,732","00:29:51,098"
Cloudy,Flint,(GASPS),0563,neutral,4,"00:30:30,974","00:30:32,032"
Cloudy,Flint,I don't know how you're gonna top this.,0591,others,7,"00:32:01,464","00:32:03,364"
Cloudy,Flint,"Flint, what's the problem?",0596,neutral,4,"00:32:13,410","00:32:15,002"
Cloudy,Flint,Really? I don't even know the rules.,0598,neutral,4,"00:32:17,547","00:32:19,742"
Cloudy,Flint,Oh. Eh.,0603,neutral,4,"00:32:32,829","00:32:35,354"
Cloudy,Flint,"Flint? Hi, Sam, how are you? That's nice.",0640,neutral,4,"00:34:13,530","00:34:15,589"
Cloudy,Flint,I was wondering if you would like to go on a da...,0641,neutral,4,"00:34:15,765","00:34:18,029"
Cloudy,Flint,Um... Okay.,0643,neutral,4,"00:34:20,770","00:34:21,964"
Cloudy,Flint,"Great, bye. Meet me in the forest.",0644,happy,3,"00:34:22,138","00:34:24,038"
Cloudy,Flint,"Oh, nowhere. I just thought it'd be nice",0652,neutral,4,"00:34:39,823","00:34:42,053"
Cloudy,Flint,(CHUCKLES),0654,fear,2,"00:34:45,161","00:34:46,321"
Cloudy,Flint,Like you do as friends. Uh...,0655,neutral,4,"00:34:46,496","00:34:49,488"
Cloudy,Flint,Oh. Jell-O's my favorite.,0659,neutral,4,"00:35:00,577","00:35:03,740"
Cloudy,Flint,"You never made a request, so",0660,happy,3,"00:35:04,447","00:35:06,711"
Cloudy,Flint,"I made it rain Jell-O in the middle of the night,",0670,others,7,"00:35:31,975","00:35:33,676"
Cloudy,Flint,then I gathered it up with the Outtasighter,0671,others,7,"00:35:33,702","00:35:35,197"
Cloudy,Flint,before anyone woke up and then I brought it here and pressed it,0672,others,7,"00:35:35,345","00:35:37,438"
Cloudy,Flint,Why do you do that? Do what?,0698,sad,5,"00:36:50,620","00:36:52,520"
Cloudy,Flint,Can you keep a secret?,0700,disgust,1,"00:36:58,595","00:36:59,653"
Cloudy,Flint,No.,0701,neutral,4,"00:36:59,829","00:37:01,592"
Cloudy,Flint,(SNICKERING),0715,neutral,4,"00:37:43,172","00:37:45,470"
Cloudy,Flint,"And I still need these glasses, but I never wear them.",0720,happy,3,"00:37:54,751","00:37:58,744"
Cloudy,Flint,Nothing. Wait.,0724,happy,3,"00:38:07,630","00:38:09,757"
Cloudy,Flint,It's a Jell-O scrunchie.,0725,happy,3,"00:38:13,836","00:38:16,134"
Cloudy,Flint,(MUSIC),0727,surprise,6,"00:38:22,178","00:38:24,169"
Cloudy,Flint,Wow.,0728,neutral,4,"00:38:25,515","00:38:26,539"
Cloudy,Flint,"I mean, you were okay before,",0729,surprise,6,"00:38:27,784","00:38:30,412"
Cloudy,Flint,but now,0730,happy,3,"00:38:30,587","00:38:32,452"
Cloudy,Flint,"No, I'm not. I can't go out in public like this.",0732,neutral,4,"00:38:35,291","00:38:37,953"
Cloudy,Flint,"I mean, this is the real you, right?",0734,neutral,4,"00:38:41,164","00:38:44,224"
Cloudy,Flint,Smart. Bespectacled.,0735,neutral,4,"00:38:45,702","00:38:49,399"
Cloudy,Flint,"You know, I've never met anyone like you, Flint Lockwood.",0737,neutral,4,"00:38:52,175","00:38:56,737"
Cloudy,Flint,Me either.,0738,neutral,4,"00:38:56,913","00:38:58,642"
Cloudy,Flint,Okay.,0781,neutral,4,"00:40:45,855","00:40:46,879"
Cloudy,Flint,So you know how the grand reopening of the town is tomorrow?,0782,happy,3,"00:40:47,557","00:40:51,015"
Cloudy,Flint,"Well, the mayor has asked me to cut the ribbon.",0783,happy,3,"00:40:51,194","00:40:56,427"
Cloudy,Flint,He said my invention saved the town.,0784,happy,3,"00:40:56,599","00:40:58,931"
Cloudy,Flint,doesn't this steak look a little big to you?,0789,sad,5,"00:41:12,115","00:41:14,413"
Cloudy,Flint,"Yeah, it's a big steak. I mean, every steak is not exactly the same size.",0790,sad,5,"00:41:16,519","00:41:21,752"
Cloudy,Flint,Maybe you should think about turning this thing off.,0795,angry,0,"00:41:31,901","00:41:34,301"
Cloudy,Flint,It's making everybody happy.,0796,angry,0,"00:41:34,470","00:41:37,234"
Cloudy,Flint,Everybody except you.,0797,angry,0,"00:41:37,473","00:41:39,338"
Cloudy,Flint,When are you gonna accept that this is who I am,0798,angry,0,"00:41:39,976","00:41:42,274"
Cloudy,Flint,"Get with the times, man.",0804,angry,0,"00:42:25,421","00:42:26,661"
Cloudy,Flint,"I mean, there's no pleasing that guy.",0805,neutral,4,"00:42:26,823","00:42:29,485"
Cloudy,Flint,Man.,0809,neutral,4,"00:42:55,852","00:42:57,843"
Cloudy,Flint,"Is it, Steve? Yellow.",0811,neutral,4,"00:43:01,057","00:43:02,854"
Cloudy,Flint,"Ah. You're right, Steve.",0812,neutral,4,"00:43:03,025","00:43:04,151"
Cloudy,Flint,The Dangeometer is in the yellow.,0813,neutral,4,"00:43:04,727","00:43:07,127"
Cloudy,Flint,Some light apps. I know you won't let us down.,0823,neutral,4,"00:43:26,449","00:43:30,943"
Cloudy,Flint,And this is the molecular structure of a hot dog that fell today.,0827,neutral,4,"00:43:42,265","00:43:46,725"
Cloudy,Flint,"The more we ask it to make, the more clouds it takes in,",0830,neutral,4,"00:43:51,474","00:43:54,102"
Cloudy,Flint,"the more radiation it emits, the more these molecules could over-mutate.",0831,neutral,4,"00:43:54,277","00:43:58,270"
Cloudy,Flint,Oh! I know I do.,0837,sad,5,"00:44:12,695","00:44:14,925"
Cloudy,Flint,Choice.,0861,sad,5,"00:45:19,562","00:45:21,427"
Cloudy,Flint,(WHIMPERS),0865,neutral,4,"00:45:35,111","00:45:36,203"
Cloudy,Flint,"I mean, bigger is better,",0866,others,7,"00:45:36,379","00:45:39,041"
Cloudy,Flint,Flint. You need to look at this.,0893,happy,3,"00:47:21,250","00:47:22,547"
Cloudy,Flint,There's a problem. The food's getting bigger.,0895,happy,3,"00:47:25,721","00:47:28,053"
Cloudy,Flint,What if we've bitten off more than we can chew?,0898,others,7,"00:47:33,829","00:47:36,263"
Cloudy,Flint,"For the first time in my life, everybody loves something that I've done.",0899,others,7,"00:47:36,432","00:47:40,334"
Cloudy,Flint,"No. Oh, ha... Well, I'm out of here.",0971,others,7,"00:51:45,748","00:51:48,410"
Cloudy,Flint,That was the only way to communicate with the machine.,0981,neutral,4,"00:52:31,493","00:52:35,862"
Cloudy,Flint,Flint?,1030,sad,5,"00:55:20,896","00:55:22,227"
Cloudy,Flint,What are you doing?,1032,sad,5,"00:55:24,166","00:55:25,758"
Cloudy,Flint,"Well, I tried to help everybody,",1033,sad,5,"00:55:25,934","00:55:28,596"
Cloudy,Flint,(SNIFFLES),1035,sad,5,"00:55:31,974","00:55:33,134"
Cloudy,Flint,I'm just a piece of junk.,1036,sad,5,"00:55:33,308","00:55:35,299"
Cloudy,Flint,So I threw myself away.,1037,sad,5,"00:55:35,477","00:55:39,436"
Cloudy,Flint,Along with all these dumb inventions.,1038,sad,5,"00:55:39,881","00:55:43,282"
Cloudy,Flint,"Don't worry, Dad, I get it.",1044,sad,5,"00:55:59,701","00:56:01,896"
Cloudy,Flint,Mom was wrong about me.,1045,sad,5,"00:56:02,070","00:56:04,504"
Cloudy,Flint,I'm not an inventor.,1046,sad,5,"00:56:05,607","00:56:07,598"
Cloudy,Flint,"when it rains, you put on a coat.",1049,sad,5,"00:56:21,156","00:56:24,853"
Cloudy,Flint,What?,1051,surprise,6,"00:56:32,000","00:56:33,024"
Cloudy,Flint,My coat.,1052,neutral,4,"00:56:37,139","00:56:38,231"
Cloudy,Flint,"Come on, Steve. We've got diem to carpe.",1053,neutral,4,"00:56:48,750","00:56:53,016"
Cloudy,Flint,Kill code downloading.,1054,neutral,4,"00:56:59,761","00:57:01,023"
Cloudy,Flint,Wiring. Helping.,1058,neutral,4,"00:57:11,006","00:57:12,906"
Cloudy,Flint,(PEOPLE SCREAMING),1072,neutral,4,"00:58:04,392","00:58:05,859"
Cloudy,Flint,Everyone.,1073,neutral,4,"00:58:09,464","00:58:10,624"
Cloudy,Flint,But I have a plan.,1076,neutral,4,"00:58:18,440","00:58:20,567"
Cloudy,Flint,This flash drive contains a kill code.,1077,neutral,4,"00:58:20,742","00:58:23,142"
Cloudy,Flint,"and shut it down forever,",1079,neutral,4,"00:58:26,848","00:58:28,782"
Cloudy,Flint,I can't let you do this alone.,1099,neutral,4,"00:59:37,719","00:59:39,152"
Cloudy,Flint,"(FLINT, SAM & STEVE LAUGH)",1107,happy,3,"00:59:54,669","00:59:56,830"
Cloudy,Flint,Maybe up there I'll find out who I really am.,1113,neutral,4,"01:00:12,454","01:00:16,550"
Cloudy,Flint,Brent.,1116,neutral,4,"01:00:22,664","01:00:23,756"
Cloudy,Flint,It's almost as if it's...,1127,neutral,4,"01:01:03,004","01:01:04,869"
Cloudy,Flint,The pizza's chasing us?,1135,neutral,4,"01:01:42,677","01:01:44,611"
Cloudy,Flint,(GRUNTING),1141,fear,2,"01:01:57,792","01:01:59,783"
Cloudy,Flint,Tim's Tackle Shop. Dad.,1145,surprise,6,"01:02:11,639","01:02:12,960"
Cloudy,Flint,"You're okay, great. Um...",1146,others,7,"01:02:13,074","01:02:14,701"
Cloudy,Flint,"Okay, then, skipper. What do you need?",1148,others,7,"01:02:17,612","01:02:19,671"
Cloudy,Flint,which should lead us straight to the FLDSMDFR.,1159,others,7,"01:03:05,360","01:03:07,692"
Cloudy,Flint,"Manny, you and Steve stay on the plane. Don't spray that.",1160,neutral,4,"01:03:07,862","01:03:10,592"
Cloudy,Flint,How long until the world's destroyed? About twenty minutes.,1163,neutral,4,"01:03:16,438","01:03:18,998"
Cloudy,Flint,"Oh, wait.",1240,fear,2,"01:07:52,180","01:07:53,545"
Cloudy,Flint,"After I plug my phone into the FLDSMDFR and destroy it,",1304,neutral,4,"01:11:28,930","01:11:31,763"
Cloudy,Flint,"Look, I like you, okay?",1323,others,7,"01:12:27,755","01:12:30,087"
Cloudy,Flint,Me too.,1327,others,7,"01:12:41,836","01:12:43,497"
Cloudy,Flint,(SOBBING),1433,others,7,"01:20:24,565","01:20:26,089"
Cloudy,Flint,You were about to kiss me.,1435,others,7,"01:20:32,706","01:20:34,469"
Cloudy,Flint,Why don't you find out?,1437,others,7,"01:20:36,877","01:20:38,367"
Cloudy,Mayor,(HUMMING),0181,angry,0,"00:10:39,484","00:10:41,918"
Cloudy,Mayor,"This hellhole is too small for me, Brent.",0182,others,7,"00:10:42,086","00:10:44,953"
Cloudy,Mayor,I wanna be big.,0183,others,7,"00:10:45,123","00:10:47,057"
Cloudy,Mayor,"I want people to look at me and say, That is one big mayor.",0184,others,7,"00:10:47,225","00:10:51,685"
Cloudy,Mayor,And that's why this has to work.,0185,angry,0,"00:10:51,863","00:10:53,728"
Cloudy,Mayor,It has to work.,0186,others,7,"00:10:53,898","00:10:55,559"
Cloudy,Mayor,"Otherwise, I'm just a tiny mayor of a tiny town,",0187,sad,5,"00:10:55,733","00:10:58,896"
Cloudy,Mayor,"But not me, right?",0189,disgust,1,"00:11:02,607","00:11:04,074"
Cloudy,Mayor,(APPLAUSE),0192,happy,3,"00:11:10,515","00:11:11,539"
Cloudy,Mayor,"Oh, my gosh, a jaywalker. Hey.",0213,neutral,4,"00:12:02,700","00:12:05,999"
Cloudy,Mayor,And I've arranged for live coverage from a major network,0214,happy,3,"00:12:06,671","00:12:10,607"
Cloudy,Mayor,(SCREAMING),0243,happy,3,"00:13:33,458","00:13:35,949"
Cloudy,Mayor,With rides and exhibits.,0259,happy,3,"00:14:18,202","00:14:20,329"
Cloudy,Mayor,(GASPS),0332,surprise,6,"00:19:07,091","00:19:08,217"
Cloudy,Mayor,Food weather. What?,0370,happy,3,"00:21:40,744","00:21:41,938"
Cloudy,Mayor,(GRUNTING),0492,happy,3,"00:26:49,453","00:26:50,715"
Cloudy,Mayor,"weathergirl provides free advertising,",0496,happy,3,"00:27:01,265","00:27:03,256"
Cloudy,Mayor,I have taken out a very high-interest loan,0497,happy,3,"00:27:03,467","00:27:05,594"
Cloudy,Mayor,to convert this Podunk town into a tourist food-topia.,0498,happy,3,"00:27:05,769","00:27:08,863"
Cloudy,Mayor,"All you have to do is make it rain food three meals a day,",0499,happy,3,"00:27:09,039","00:27:12,440"
Cloudy,Mayor,"every day for the foreseeable future,",0500,happy,3,"00:27:12,609","00:27:14,577"
Cloudy,Mayor,and in 30 days we hold a grand reopening of the island,0501,happy,3,"00:27:14,745","00:27:17,509"
Cloudy,Mayor,as a must-see cruise destination.,0502,happy,3,"00:27:17,681","00:27:20,445"
Cloudy,Mayor,"And everyone, everywhere,",0503,happy,3,"00:27:20,617","00:27:23,279"
Cloudy,Mayor,Do you think so?,0505,happy,3,"00:27:28,125","00:27:29,456"
Cloudy,Mayor,(PEOPLE CLAMORING),0523,happy,3,"00:28:28,585","00:28:30,450"
Cloudy,Mayor,"A pizza stuffed inside a Turkey,",0524,happy,3,"00:28:30,620","00:28:32,520"
Cloudy,Mayor,Did you get a new haircut?,0528,happy,3,"00:28:40,197","00:28:41,994"
Cloudy,Mayor,How did you get in here?,0819,happy,3,"00:43:17,440","00:43:18,737"
Cloudy,Mayor,I think that's why the food is getting bigger.,0832,happy,3,"00:43:59,282","00:44:01,716"
Cloudy,Mayor,"Blah, blah, blah.",0833,happy,3,"00:44:02,752","00:44:04,549"
Cloudy,Mayor,"Science, science, science, bigger.",0834,happy,3,"00:44:04,720","00:44:06,915"
Cloudy,Mayor,And bigger is better.,0835,happy,3,"00:44:07,089","00:44:08,750"
Cloudy,Mayor,Everyone's gonna love these new portion sizes.,0836,happy,3,"00:44:08,925","00:44:12,520"
Cloudy,Mayor,But what if things go...,0840,happy,3,"00:44:24,140","00:44:25,266"
Cloudy,Mayor,Who needs the approval of one family member,0841,happy,3,"00:44:25,441","00:44:27,636"
Cloudy,Mayor,when you can have it from millions of acquaintances?,0842,happy,3,"00:44:27,810","00:44:30,711"
Cloudy,Mayor,"Not to mention that little cutlet, Sam Sparks.",0843,happy,3,"00:44:30,880","00:44:34,407"
Cloudy,Mayor,And me.,0844,happy,3,"00:44:34,583","00:44:36,141"
Cloudy,Mayor,Choice.,0859,happy,3,"00:45:16,826","00:45:17,850"
Cloudy,Mayor,Choice.,0860,happy,3,"00:45:18,060","00:45:19,357"
Cloudy,Mayor,"And when the fun is done,",0887,happy,3,"00:47:02,465","00:47:04,296"
Cloudy,Mayor,Oh! What are you doing here?,0966,happy,3,"00:51:33,202","00:51:34,999"
Cloudy,Mayor,I've been ordering dinner for the last 10 minutes.,0967,happy,3,"00:51:35,170","00:51:37,400"
Cloudy,Mayor,What exactly did you order?,0982,others,7,"00:52:36,265","00:52:37,960"
Cloudy,Samantha,Really?,0220,happy,3,"00:12:29,160","00:12:30,218"
Cloudy,Samantha,"Can you believe it, Manny?",0221,happy,3,"00:12:30,862","00:12:32,227"
Cloudy,Samantha,"Whoo! Okay, Manny, what about this?",0223,happy,3,"00:12:35,233","00:12:37,724"
Cloudy,Samantha,"Welcome, America, I'm Sam Sparks.",0224,happy,3,"00:12:37,902","00:12:39,733"
Cloudy,Samantha,"Hello, America, Sam Sparks here.",0225,happy,3,"00:12:39,904","00:12:42,236"
Cloudy,Samantha,"America, hi. I didn't see you there.",0226,happy,3,"00:12:42,407","00:12:44,500"
Cloudy,Samantha,(SCREAMING),0269,happy,3,"00:14:47,965","00:14:49,660"
Cloudy,Samantha,(FOOTSTEPS),0296,happy,3,"00:17:10,941","00:17:12,932"
Cloudy,Samantha,(SIGHS),0298,disgust,1,"00:17:31,896","00:17:32,920"
Cloudy,Samantha,Ah!,0299,surprise,6,"00:17:33,097","00:17:34,121"
Cloudy,Samantha,"I didn't get a chance to... It's okay, it's just pain.",0301,others,7,"00:17:36,701","00:17:39,693"
Cloudy,Samantha,My whole career was ruined by some crazy jerk riding a homemade rocket.,0303,others,7,"00:17:41,639","00:17:46,542"
Cloudy,Samantha,Wait a minute.,0304,others,7,"00:17:47,678","00:17:49,339"
Cloudy,Samantha,Cool. Ah!,0307,others,7,"00:17:55,052","00:17:56,417"
Cloudy,Samantha,Exactly.,0311,happy,3,"00:18:04,328","00:18:05,352"
Cloudy,Samantha,I mean... Heh-heh-heh.,0312,happy,3,"00:18:05,529","00:18:07,224"
Cloudy,Samantha,Flint. Steve.,0314,others,7,"00:18:11,302","00:18:13,236"
Cloudy,Samantha,Incredible. Did you make all of this stuff?,0317,angry,0,"00:18:17,742","00:18:22,076"
Cloudy,Samantha,(GASPS),0330,surprise,6,"00:19:00,918","00:19:02,510"
Cloudy,Samantha,It really works! Ha-ha-ha.,0342,surprise,6,"00:20:04,982","00:20:09,146"
Cloudy,Samantha,Your machine?,0343,surprise,6,"00:20:12,189","00:20:13,679"
Cloudy,Samantha,Our humiliated weather intern is apparently back for more.,0353,happy,3,"00:20:48,592","00:20:53,029"
Cloudy,Samantha,"Thanks, Patrick. Okay, everybody, you are not gonna believe this one,",0354,happy,3,"00:20:53,197","00:20:56,496"
Cloudy,Samantha,but I am standing in the middle of a burger rain.,0355,happy,3,"00:20:56,667","00:21:01,070"
Cloudy,Samantha,You may have seen a meteor shower,0356,neutral,4,"00:21:01,238","00:21:02,899"
Cloudy,Samantha,"Welcome, Flint.",0399,neutral,4,"00:23:02,726","00:23:04,125"
Cloudy,Samantha,"When you shot it into the stratosphere,",0404,neutral,4,"00:23:18,876","00:23:20,776"
Cloudy,Samantha,you figured it would induce a molecular phase change,0405,neutral,4,"00:23:20,944","00:23:22,984"
Cloudy,Samantha,That's actually a really smart observation.,0407,neutral,4,"00:23:24,848","00:23:27,840"
Cloudy,Samantha,I mean...,0408,neutral,4,"00:23:28,018","00:23:29,042"
Cloudy,Samantha,(GIGGLES),0409,neutral,4,"00:23:29,253","00:23:30,345"
Cloudy,Samantha,"The clouds probably have water in them,",0410,neutral,4,"00:23:30,521","00:23:32,955"
Cloudy,Samantha,So...,0420,neutral,4,"00:23:56,280","00:23:57,372"
Cloudy,Samantha,How about Jell-O? Do you like Jell-O?,0429,neutral,4,"00:24:12,362","00:24:14,592"
Cloudy,Samantha,"I love Jell-O too. Oh, and peanut butter, right?",0431,neutral,4,"00:24:16,433","00:24:18,833"
Cloudy,Samantha,FLDSMDFR.,0441,neutral,4,"00:24:36,820","00:24:38,117"
Cloudy,Samantha,Fdiferf.,0445,neutral,4,"00:24:43,727","00:24:44,955"
Cloudy,Samantha,We both know how you get around Gummi Bears.,0467,neutral,4,"00:25:36,680","00:25:38,841"
Cloudy,Samantha,Bacon.,0471,neutral,4,"00:25:43,821","00:25:45,516"
Cloudy,Samantha,Bacon.,0484,happy,3,"00:26:18,055","00:26:19,716"
Cloudy,Samantha,"Well, those cheeseburgers were only the beginning",0485,happy,3,"00:26:26,330","00:26:28,389"
Cloudy,Samantha,Avocado. Coming right up.,0511,neutral,4,"00:27:53,583","00:27:54,948"
Cloudy,Samantha,(BOY LAUGHING),0588,happy,3,"00:31:52,989","00:31:54,980"
Cloudy,Samantha,"Flint, this is amazing.",0589,happy,3,"00:31:56,760","00:31:58,523"
Cloudy,Samantha,"And designing the ice cream to accumulate into scoops,",0590,happy,3,"00:31:58,695","00:32:01,289"
Cloudy,Samantha,You wanna be in a snowball fight with us?,0595,neutral,4,"00:32:09,839","00:32:11,864"
Cloudy,Samantha,to the death? No... Ah...,0600,disgust,1,"00:32:23,787","00:32:25,584"
Cloudy,Samantha,(GIBBERING),0602,disgust,1,"00:32:29,559","00:32:31,584"
Cloudy,Samantha,So like this?,0604,neutral,4,"00:32:35,532","00:32:38,558"
Cloudy,Samantha,(GRUNTS),0605,happy,3,"00:32:38,735","00:32:39,759"
Cloudy,Samantha,Snowball. Snowball.,0609,happy,3,"00:32:47,711","00:32:50,202"
Cloudy,Samantha,"we all scream for Flint Lockwood's latest tasty town-wide treat,",0620,happy,3,"00:33:10,967","00:33:15,301"
Cloudy,Samantha,Activity with me tomorrow.,0642,others,7,"00:34:18,201","00:34:19,532"
Cloudy,Samantha,"Oh, my, what's that?",0656,surprise,6,"00:34:49,933","00:34:52,231"
Cloudy,Samantha,I made one for you.,0661,others,7,"00:35:06,883","00:35:08,714"
Cloudy,Samantha,Flint?,0662,fear,2,"00:35:11,554","00:35:13,385"
Cloudy,Samantha,"So Jell-O. Right. Right, right.",0693,others,7,"00:36:37,640","00:36:40,074"
Cloudy,Samantha,"It's a solid, it's a liquid,",0694,happy,3,"00:36:40,243","00:36:41,676"
Cloudy,Samantha,"it's a visco-elastic polymer made of polypeptide chains, but you eat it.",0695,sad,5,"00:36:41,845","00:36:46,339"
Cloudy,Samantha,"But this time, sure, yeah.",0702,sad,5,"00:37:02,565","00:37:05,056"
Cloudy,Samantha,"Okay. Well, it was a really long time ago, but I, too, was...",0703,sad,5,"00:37:06,202","00:37:12,163"
Cloudy,Samantha,Go on.,0716,sad,5,"00:37:45,909","00:37:47,399"
Cloudy,Samantha,"So I got a new look,",0717,sad,5,"00:37:48,244","00:37:49,575"
Cloudy,Samantha,"gave up the science-y smart stuff,",0718,sad,5,"00:37:49,746","00:37:52,237"
Cloudy,Samantha,and I was never made fun of again.,0719,sad,5,"00:37:52,415","00:37:54,576"
Cloudy,Samantha,you're beautiful.,0731,neutral,4,"00:38:32,956","00:38:35,117"
Cloudy,Samantha,Who wouldn't wanna see that?,0736,happy,3,"00:38:49,973","00:38:51,964"
Cloudy,Samantha,(INHALES DEEPLY),0740,surprise,6,"00:39:06,823","00:39:09,815"
Cloudy,Samantha,"Flint, you have a call.",0744,others,7,"00:39:19,836","00:39:21,770"
Cloudy,Samantha,"Oh, it's the mayor. Do you mind if I take this?",0747,others,7,"00:39:27,076","00:39:29,169"
Cloudy,Samantha,Why aren't you on TV? You're supposed to be broadcasting this.,0894,others,7,"00:47:22,718","00:47:25,551"
Cloudy,Samantha,"I know, it's great. Bigger portion sizes. Everyone loves it.",0896,others,7,"00:47:28,224","00:47:31,159"
Cloudy,Samantha,I'm not sure we're doing the right thing here.,0897,angry,0,"00:47:31,327","00:47:33,659"
Cloudy,Samantha,Flint.,0951,others,7,"00:50:45,654","00:50:47,383"
Cloudy,Samantha,"This is Sam Sparks, live from Chew And Swallow,",0952,fear,2,"00:50:51,393","00:50:53,691"
Cloudy,Samantha,It's my son.,0992,others,7,"00:53:15,838","00:53:17,601"
Cloudy,Samantha,We need a doctor.,0993,others,7,"00:53:18,240","00:53:19,605"
Cloudy,Samantha,"Not yet, it hasn't.",1011,neutral,4,"00:54:03,719","00:54:04,845"
Cloudy,Samantha,That twister was an amuse-bouche compared to what's on the way.,1012,neutral,4,"00:54:05,020","00:54:08,353"
Cloudy,Samantha,"Manny, patch us through.",1014,neutral,4,"00:54:09,725","00:54:11,090"
Cloudy,Samantha,"Cute report, Nancy. Hey. Hey. Four-eyes.",1016,neutral,4,"00:54:18,667","00:54:21,534"
Cloudy,Samantha,"Can it, Patrick.",1017,neutral,4,"00:54:21,703","00:54:22,829"
Cloudy,Samantha,I'm coming with you.,1097,neutral,4,"00:59:31,446","00:59:32,470"
Cloudy,Samantha,You're gonna need someone to navigate you through that storm.,1098,others,7,"00:59:33,415","00:59:36,714"
Cloudy,Samantha,(DOPPLER 2000 BEEPING),1125,neutral,4,"01:00:56,932","01:00:58,092"
Cloudy,Samantha,Inside a giant meatball.,1128,surprise,6,"01:01:05,206","01:01:08,505"
Cloudy,Samantha,Sentient food? That's impossible.,1136,happy,3,"01:01:44,779","01:01:46,679"
Cloudy,Samantha,"I'll tug on the licorice twice and you'll pull me back up, okay?",1305,neutral,4,"01:11:31,933","01:11:35,699"
Cloudy,Samantha,It is if it means I don't have to lose you.,1322,neutral,4,"01:12:24,318","01:12:26,980"
Cloudy,Samantha,"Like... Like, as a friend?",1324,neutral,4,"01:12:31,559","01:12:34,289"
Cloudy,Samantha,No.,1325,neutral,4,"01:12:34,462","01:12:36,259"
Cloudy,Samantha,Flint?,1394,sad,5,"01:18:04,525","01:18:05,822"
Cloudy,Samantha,(WHIMPERS),1397,sad,5,"01:18:21,175","01:18:22,540"
Cloudy,Samantha,So where were we?,1434,happy,3,"01:20:30,671","01:20:32,536"
Cloudy,Samantha,Were you gonna kiss me back?,1436,happy,3,"01:20:34,675","01:20:36,700"
Coco,Romania,I just can't really talk about any of this at home. So...,0102,neutral,4,"00:06:49,900","00:06:53,170"
Coco,Romania,"If I were you,",0103,neutral,4,"00:06:53,170","00:06:54,170"
Coco,Romania,I'd march right up to my family and say...,0104,neutral,4,"00:06:54,170","00:06:56,340"
Coco,Romania,I could never say that.,0106,neutral,4,"00:06:58,950","00:07:00,880"
Coco,Romania,"I mean, I only really play for myself.",0109,neutral,4,"00:07:03,820","00:07:06,350"
Coco,Romania,Ah! Did de la Cruz become the world's best musician,0110,neutral,4,"00:07:06,350","00:07:09,420"
Coco,Romania,by hiding his skills?,0111,neutral,4,"00:07:09,420","00:07:11,320"
Coco,Romania,No! He walked out onto that plaza,0112,neutral,4,"00:07:11,320","00:07:14,460"
Coco,Romania,and he played out loud.,0113,neutral,4,"00:07:14,460","00:07:16,460"
Coco,Romania,Uh-uh. My family would freak!,0117,neutral,4,"00:07:24,070","00:07:26,970"
Coco,Romania,Seize your moment?,0120,neutral,4,"00:07:34,510","00:07:36,360"
Coco,Romania,"Show me what you got, muchacho.",0121,neutral,4,"00:07:37,480","00:07:39,480"
Coco,Romania,You leave my grandson alone.,0125,fear,2,"00:07:56,870","00:07:58,300"
Coco,Romania,"Dona, please!",0126,fear,2,"00:07:58,300","00:07:59,400"
Coco,Abuelita,"My abuelita, she's Mama Coco's daughter.",0043,happy,3,"00:03:41,080","00:03:43,710"
Coco,Abuelita,"No, gracias.",0045,angry,0,"00:03:46,850","00:03:47,990"
Coco,Abuelita,Si?,0047,happy,3,"00:03:51,220","00:03:52,590"
Coco,Abuelita,just like Mama Imelda did.,0050,angry,0,"00:03:56,730","00:03:58,600"
Coco,Abuelita,No music!,0051,angry,0,"00:04:01,170","00:04:02,600"
Coco,Abuelita,Abuelita! What are you doing here?,0124,angry,0,"00:07:53,230","00:07:55,370"
Coco,Abuelita,I was just getting a shine.,0127,angry,0,"00:07:59,410","00:08:00,570"
Coco,Abuelita,Shame on you.,0130,angry,0,"00:08:05,380","00:08:07,180"
Coco,Abuelita,My grandson is a sweet little angelito querido cielito.,0131,angry,0,"00:08:07,180","00:08:12,480"
Coco,Abuelita,"He wants no part of your music, mariachi.",0132,angry,0,"00:08:12,490","00:08:15,220"
Coco,Abuelita,You keep away from him.,0133,others,7,"00:08:15,220","00:08:16,550"
Coco,Abuelita,"Ay, pobrecito. Oh, estas bien, mijo.",0134,others,7,"00:08:20,260","00:08:23,990"
Coco,Abuelita,You know better than to be here in this place!,0135,angry,0,"00:08:26,000","00:08:28,230"
Coco,Abuelita,It's just Dante.,0141,angry,0,"00:08:51,020","00:08:52,290"
Coco,Abuelita,Never name a street dog.,0142,angry,0,"00:08:52,290","00:08:54,420"
Coco,Abuelita,What are you gonna do? Shine shoes?,0156,neutral,4,"00:09:34,070","00:09:37,030"
Coco,Abuelita,It's Dia de los Muertos.,0157,neutral,4,"00:09:37,040","00:09:38,500"
Coco,Abuelita,No one's going anywhere. Tonight is about family.,0158,neutral,4,"00:09:38,500","00:09:41,940"
Coco,Abuelita,Ofrenda room. Vamonos.,0159,neutral,4,"00:09:41,940","00:09:44,760"
Coco,Abuelita,Don't give me that look.,0160,neutral,4,"00:09:55,490","00:09:57,350"
Coco,Abuelita,Dia de los Muertos is the one night of the year,0161,others,7,"00:09:57,360","00:10:00,190"
Coco,Abuelita,our ancestors can come visit us.,0162,others,7,"00:10:00,190","00:10:02,230"
Coco,Abuelita,We've put their photos on the ofrenda,0163,neutral,4,"00:10:02,230","00:10:04,460"
Coco,Abuelita,so their spirits can cross over.,0164,others,7,"00:10:04,460","00:10:06,360"
Coco,Abuelita,All this work to bring the family together.,0169,others,7,"00:10:15,610","00:10:18,980"
Coco,Abuelita,I thought we were done.,0172,others,7,"00:10:23,680","00:10:25,220"
Coco,Abuelita,"Ay, Dios mio. Being part of this family means",0173,others,7,"00:10:25,220","00:10:28,350"
Coco,Abuelita,being here for this family.,0174,neutral,4,"00:10:28,350","00:10:30,220"
Coco,Abuelita,Like Mama Coco's papa?,0176,angry,0,"00:10:32,490","00:10:33,660"
Coco,Abuelita,Papa? Papa is home?,0181,others,7,"00:10:40,670","00:10:44,030"
Coco,Abuelita,Papa is coming home?,0183,others,7,"00:10:47,010","00:10:48,770"
Coco,Abuelita,Who are you?,0185,sad,5,"00:10:53,010","00:10:54,640"
Coco,Abuelita,"Rest, Mama.",0186,sad,5,"00:10:54,650","00:10:58,250"
Coco,Abuelita,Miguel? Miguel?,0188,neutral,4,"00:11:01,420","00:11:03,600"
Coco,Abuelita,I'm gonna play in Mariachi Plaza if it kills me.,0228,happy,3,"00:14:17,520","00:14:20,520"
Coco,Abuelita,Oh! Our Migueli-ti-ti-ti-to,0246,happy,3,"00:15:12,440","00:15:15,510"
Coco,Abuelita,carrying on the family tradition.,0247,happy,3,"00:15:15,510","00:15:17,970"
Coco,Abuelita,And on Dia de los Muertos!,0248,happy,3,"00:15:17,980","00:15:20,640"
Coco,Abuelita,I'm supposed to play music.,0282,angry,0,"00:17:33,550","00:17:35,080"
Coco,Abuelita,Never! That man's music was a curse.,0283,angry,0,"00:17:35,080","00:17:37,410"
Coco,Abuelita,Just listen to me play! End of argument.,0288,sad,5,"00:17:43,850","00:17:47,000"
Coco,Abuelita,You want to end up like that man? Forgotten?,0289,sad,5,"00:17:48,830","00:17:51,490"
Coco,Abuelita,No! Mama!,0292,angry,0,"00:17:59,870","00:18:01,040"
Coco,Abuelita,There. No guitar. No music.,0293,others,7,"00:18:05,750","00:18:09,580"
Coco,Abuelita,Miguel! Stop!,1330,others,7,"01:28:52,120","01:28:54,200"
Coco,Abuelita,"I need to see Mama Coco, please.",1332,angry,0,"01:29:00,730","01:29:02,390"
Coco,Abuelita,"It's okay, Mamita.",1352,angry,0,"01:30:15,500","01:30:17,900"
Coco,Abuelita,"Elena? What's wrong, mija?",1373,happy,3,"01:31:56,500","01:32:00,170"
Coco,Coco,"Hola, Mama Coco.",0031,happy,3,"00:03:11,220","00:03:13,120"
Coco,Coco,But... I...,0180,happy,3,"00:10:39,400","00:10:40,660"
Coco,Coco,"Mama, calmese, calmese.",0182,happy,3,"00:10:44,040","00:10:47,000"
Coco,Coco,"No, Mama. It's okay. I'm here.",0184,neutral,4,"00:10:48,770","00:10:51,890"
Coco,Coco,"Mama Coco, is your papa Ernesto de la Cruz?",0262,happy,3,"00:16:36,520","00:16:40,490"
Coco,Coco,"Nothing, Mama. Nothing at all.",1374,happy,3,"01:32:00,170","01:32:04,660"
Coco,Coco,Your papa loved you so much.,1377,happy,3,"01:32:12,450","01:32:16,470"
Coco,Coco,I kept his letters.,1378,happy,3,"01:32:34,640","01:32:38,640"
Coco,Coco,Poems he wrote me. And...,1379,happy,3,"01:32:38,650","01:32:43,360"
Coco,Coco,Papa was a musician.,1380,happy,3,"01:33:02,470","01:33:05,670"
Coco,Miguel,"she's my great-grandmother, Mama Coco.",0030,happy,3,"00:03:08,080","00:03:10,530"
Coco,Miguel,"So, I tell her pretty much everything.",0036,happy,3,"00:03:23,700","00:03:25,830"
Coco,Miguel,And the winner is Luchadora Coco!,0039,happy,3,"00:03:30,570","00:03:34,740"
Coco,Miguel,"Oh, you're a twig, mijo. Have some more.",0044,neutral,4,"00:03:43,720","00:03:46,850"
Coco,Miguel,When he was crushed by a giant bell.,0093,happy,3,"00:06:16,300","00:06:19,550"
Coco,Miguel,"Like if he could play music, maybe someday, I could too.",0097,sad,5,"00:06:35,420","00:06:40,370"
Coco,Miguel,"Hey, I'm a musician. Deal with it.",0105,neutral,4,"00:06:56,340","00:06:58,940"
Coco,Miguel,"You are a musician, no?",0107,neutral,4,"00:07:00,880","00:07:02,410"
Coco,Miguel,I don't know.,0108,neutral,4,"00:07:02,420","00:07:03,810"
Coco,Miguel,You want to be like your hero? You should sign up!,0116,neutral,4,"00:07:21,330","00:07:24,070"
Coco,Miguel,"Come on, what did de la Cruz always say?",0119,neutral,4,"00:07:31,440","00:07:34,360"
Coco,Miguel,"I know your tricks, mariachi. What did he say to you?",0128,neutral,4,"00:08:00,570","00:08:03,840"
Coco,Miguel,A musician's shoes!,0148,neutral,4,"00:09:11,340","00:09:12,910"
Coco,Miguel,You're right. That's just what he needs.,0190,neutral,4,"00:11:09,690","00:11:13,750"
Coco,Miguel,"No more hiding, Dante. I got to seize my moment!",0227,happy,3,"00:14:12,710","00:14:16,350"
Coco,Miguel,You are a Rivera. And a Rivera is...,0254,sad,5,"00:15:36,430","00:15:41,010"
Coco,Miguel,"Dante! No, Dante. Stop!",0258,fear,2,"00:16:00,490","00:16:04,200"
Coco,Miguel,"No, no, no, no, no! No.",0259,surprise,6,"00:16:14,470","00:16:17,780"
Coco,Miguel,Papa? Papa?,0261,happy,3,"00:16:31,920","00:16:35,370"
Coco,Miguel,"Miguel, get down from there.",0266,happy,3,"00:16:58,740","00:17:00,780"
Coco,Miguel,It's not a fantasy.,0274,happy,3,"00:17:15,800","00:17:17,390"
Coco,Miguel,That man was Ernesto de la Cruz!,0275,happy,3,"00:17:17,400","00:17:19,660"
Coco,Miguel,"Well, de la Cruz is my family.",0281,happy,3,"00:17:30,980","00:17:33,540"
Coco,Miguel,No more music.,0287,others,7,"00:17:42,560","00:17:43,850"
Coco,Miguel,Left off your family's ofrenda?,0290,angry,0,"00:17:51,500","00:17:53,900"
Coco,Miguel,"Oh, come. You'll feel better after you eat with your family.",0294,angry,0,"00:18:11,850","00:18:16,790"
Coco,Miguel,I don't want to be in this family!,0295,angry,0,"00:18:16,790","00:18:18,900"
Coco,Miguel,"I want to play in the plaza, like de la Cruz.",0297,others,7,"00:18:39,810","00:18:42,680"
Coco,Miguel,You got an instrument?,0299,others,7,"00:18:43,880","00:18:45,550"
Coco,Miguel,"Get out of here, kid.",0307,sad,5,"00:19:03,770","00:19:06,350"
Coco,Miguel,"Senor de la Cruz, please don't be mad.",0312,neutral,4,"00:21:03,820","00:21:07,660"
Coco,Miguel,I'm Miguel.,0313,neutral,4,"00:21:07,660","00:21:09,020"
Coco,Miguel,Your great-great grandson. I need to borrow this.,0314,sad,5,"00:21:09,030","00:21:13,610"
Coco,Miguel,Our family thinks music is a curse.,0315,neutral,4,"00:21:16,640","00:21:19,170"
Coco,Miguel,None of them understand but I know you would have.,0316,neutral,4,"00:21:19,170","00:21:23,070"
Coco,Miguel,You would have told me to follow my heart.,0317,happy,3,"00:21:23,070","00:21:25,840"
Coco,Miguel,To seize my moment!,0318,neutral,4,"00:21:25,840","00:21:27,360"
Coco,Miguel,"So, if it's all right with you,",0319,happy,3,"00:21:28,650","00:21:31,650"
Coco,Miguel,"Dante? Dante! Dante, wait up!",0360,surprise,6,"00:24:50,980","00:24:55,470"
Coco,Miguel,"Miguel, vitamins are a real thing.",0367,neutral,4,"00:25:33,930","00:25:36,060"
Coco,Miguel,"As a matter of fact, yes.",0407,neutral,4,"00:27:39,350","00:27:42,770"
Coco,Miguel,You stole from the dead!,0432,neutral,4,"00:29:13,550","00:29:15,140"
Coco,Miguel,Guitar?,0434,happy,3,"00:29:16,520","00:29:17,650"
Coco,Miguel,It was my great-great-grandfather's.,0435,neutral,4,"00:29:17,650","00:29:19,250"
Coco,Miguel,But none of this explains why I couldn't cross over.,0448,others,7,"00:29:47,750","00:29:51,450"
Coco,Miguel,But you got to do it by sunrise.,0457,others,7,"00:30:11,330","00:30:13,370"
Coco,Miguel,and to never play music again.,0471,surprise,6,"00:30:54,910","00:30:57,350"
Coco,Miguel,"Well, technically, she can add any condition she wants.",0473,disgust,1,"00:30:59,220","00:31:02,480"
Coco,Miguel,Two seconds and you already break your promise.,0478,disgust,1,"00:31:31,320","00:31:33,510"
Coco,Miguel,"Don't make this hard, mijo. You go home my way or no way.",0483,neutral,4,"00:31:45,430","00:31:49,830"
Coco,Miguel,I will not let you go down the same path he did.,0485,neutral,4,"00:31:51,700","00:31:54,850"
Coco,Miguel,Be reasonable.,0489,others,7,"00:32:04,550","00:32:05,610"
Coco,Miguel,"Shh! Yeah, I'm alive.",0527,neutral,4,"00:33:56,690","00:33:58,390"
Coco,Miguel,And if I want to get back to the Land of the Living...,0528,neutral,4,"00:33:58,400","00:34:00,460"
Coco,Miguel,That's weirdly specific.,0530,neutral,4,"00:34:01,930","00:34:03,530"
Coco,Miguel,It's just...,0973,sad,5,"01:02:37,650","01:02:39,750"
Coco,Miguel,I have been looking up to you my whole life.,0974,happy,3,"01:02:39,750","01:02:42,150"
Coco,Miguel,You're the guy who actually did it!,0975,neutral,4,"01:02:42,150","01:02:45,530"
Coco,Miguel,But did you ever regret it?,0976,sad,5,"01:02:46,490","01:02:49,420"
Coco,Miguel,Saying goodbye to my hometown. Heading off on my own...,0979,neutral,4,"01:02:54,800","01:02:58,850"
Coco,Miguel,told anyone that I wrote them!,1014,neutral,4,"01:04:56,520","01:04:58,390"
Coco,Miguel,"Oh, how generous!",1021,others,7,"01:05:14,540","01:05:16,270"
Coco,Miguel,you would move Heaven and Earth...,1030,others,7,"01:05:35,590","01:05:37,560"
Coco,Miguel,"I'm talking about my real life, Miguel.",1035,others,7,"01:05:49,070","01:05:50,470"
Coco,Miguel,I apologize. Where were we?,1071,others,7,"01:07:49,590","01:07:52,930"
Coco,Miguel,I would hate to have you think...,1076,fear,2,"01:08:08,010","01:08:10,110"
Coco,Miguel,You don't think that. Do you?,1078,others,7,"01:08:15,590","01:08:18,880"
Coco,Miguel,Security? Take care of Miguel. He'll be extending his stay.,1081,surprise,6,"01:08:35,140","01:08:39,910"
Coco,Miguel,Let go! No!,1089,others,7,"01:09:00,860","01:09:03,800"
Coco,Miguel,"They told me not to be like de la Cruz,",1095,sad,5,"01:09:58,690","01:10:01,250"
Coco,Miguel,but I didn't listen.,1096,sad,5,"01:10:01,260","01:10:03,090"
Coco,Miguel,I told them I didn't care if they remembered me.,1097,sad,5,"01:10:03,090","01:10:06,090"
Coco,Miguel,"Hey, chamaco. It's okay. It's okay.",1099,sad,5,"01:10:09,670","01:10:12,570"
Coco,Miguel,Who? My daughter.,1103,others,7,"01:10:25,980","01:10:29,260"
Coco,Miguel,The moment she's gone from the living world...,1124,others,7,"01:12:12,190","01:12:14,450"
Coco,Miguel,You disappear... from this one.,1125,others,7,"01:12:14,460","01:12:18,360"
Coco,Miguel,Remember me,1144,angry,0,"01:13:36,300","01:13:43,060"
Coco,Miguel,He stole your guitar. He stole your songs.,1145,angry,0,"01:13:48,820","01:13:52,920"
Coco,Miguel,I'm a pretty sorry excuse for a great-great-grandpa.,1149,angry,0,"01:14:02,930","01:14:05,930"
Coco,Miguel,Are you kidding? A minute ago I thought I was related to a murderer.,1150,happy,3,"01:14:05,930","01:14:09,200"
Coco,Miguel,You're a total upgrade.,1151,neutral,4,"01:14:09,200","01:14:11,470"
Coco,Miguel,"My whole life, there's been something...",1152,neutral,4,"01:14:11,470","01:14:14,110"
Coco,Miguel,that made me different.,1153,neutral,4,"01:14:14,110","01:14:15,840"
Coco,Miguel,And I never knew where it came from.,1154,happy,3,"01:14:15,840","01:14:18,130"
Coco,Miguel,But now I know. It comes from you.,1155,happy,3,"01:14:18,950","01:14:22,480"
Coco,Miguel,I wasn't in there because of Hector.,1179,neutral,4,"01:17:06,110","01:17:07,650"
Coco,Miguel,He was just trying to get me home!,1181,sad,5,"01:17:10,280","01:17:12,550"
Coco,Miguel,"I didn't want to listen, but he was right.",1182,neutral,4,"01:17:12,550","01:17:17,020"
Coco,Miguel,I'm ready to accept your blessing.,1184,happy,3,"01:17:20,260","01:17:22,950"
Coco,Miguel,And your conditions.,1185,sad,5,"01:17:23,370","01:17:25,400"
Coco,Miguel,What? So he can see Coco again.,1188,neutral,4,"01:17:29,570","01:17:31,270"
Coco,Miguel,Hector should be on our ofrenda.,1189,neutral,4,"01:17:31,270","01:17:33,170"
Coco,Miguel,No more music?,1210,neutral,4,"01:18:33,200","01:18:34,780"
Coco,Miguel,"So, how do we get to de la Cruz?",1214,others,7,"01:18:48,650","01:18:51,630"
Coco,Miguel,and to never...,1269,sad,5,"01:24:09,840","01:24:11,600"
Coco,Miguel,"Miguel, it's almost sunrise.",1315,sad,5,"01:27:41,380","01:27:43,330"
Coco,Miguel,"No, no. I can't leave you.",1316,sad,5,"01:27:44,290","01:27:46,050"
Coco,Miguel,"We're both out of time, mijo.",1319,sad,5,"01:27:50,760","01:27:53,140"
Coco,Miguel,"Miguel, stop! Miguel! Miguel!",1334,sad,5,"01:29:05,470","01:29:09,270"
Coco,Miguel,Mama Coco? Can you hear me? It's Miguel.,1335,sad,5,"01:29:11,200","01:29:15,740"
Coco,Miguel,I saw your papa. Remember? Papa?,1336,sad,5,"01:29:15,740","01:29:20,410"
Coco,Miguel,"Please! If you forget him, he'll be gone. Forever.",1337,sad,5,"01:29:20,410","01:29:26,820"
Coco,Miguel,"Miguel, open this door!",1338,sad,5,"01:29:26,820","01:29:28,320"
Coco,Miguel,"Here. This was his guitar, right?",1339,sad,5,"01:29:28,320","01:29:31,160"
Coco,Miguel,He used to play it to you?,1340,sad,5,"01:29:31,160","01:29:32,640"
Coco,Miguel,Remember? Papa?,1342,sad,5,"01:29:39,330","01:29:41,550"
Coco,Miguel,Miguel!,1343,sad,5,"01:29:44,970","01:29:46,040"
Coco,Miguel,Well? Apologize!,1355,sad,5,"01:30:30,480","01:30:32,670"
Coco,Miguel,Mama Coco?,1356,sad,5,"01:30:36,360","01:30:38,820"
Coco,Miguel,Remember me,1359,sad,5,"01:30:46,100","01:30:50,280"
Coco,Miguel,Each night we are apart,1365,sad,5,"01:31:10,060","01:31:13,540"
Coco,Miguel,Remember me,1366,sad,5,"01:31:13,960","01:31:17,960"
Coco,Miguel,My papa used to sing me that song.,1375,happy,3,"01:32:05,610","01:32:09,180"
Coco,Miguel,"He loved you, Mama Coco.",1376,happy,3,"01:32:09,180","01:32:12,450"
Frozen,Anna,Your Highness.,0138,sad,5,"00:10:03,600","00:10:05,125"
Frozen,Anna,Elsa?,0139,sad,5,"00:10:41,360","00:10:42,441"
Frozen,Anna,Please I know you're in there,0140,sad,5,"00:10:43,320","00:10:45,687"
Frozen,Anna,They say Have courage And I'm trying to,0142,sad,5,"00:10:51,080","00:10:54,129"
Frozen,Anna,I'm right out here for you,0143,sad,5,"00:10:54,680","00:10:56,489"
Frozen,Anna,Just let me in,0144,sad,5,"00:10:56,600","00:10:58,807"
Frozen,Anna,We only have each other It's just you and me,0145,sad,5,"00:10:59,720","00:11:03,850"
Frozen,Anna,What are we gonna do?,0146,sad,5,"00:11:04,480","00:11:08,371"
Frozen,Anna,"Oh. Sorry to wake you, ma'am.",0173,neutral,4,"00:12:56,280","00:12:57,566"
Frozen,Anna,"No, no, no, you didn't.",0174,neutral,4,"00:12:57,680","00:12:59,444"
Frozen,Anna,I've been up for hours.,0175,neutral,4,"00:12:59,520","00:13:01,090"
Frozen,Anna,The gates will open soon. Time to get ready.,0178,neutral,4,"00:13:08,680","00:13:11,445"
Frozen,Anna,Of course.,0179,neutral,4,"00:13:11,560","00:13:13,562"
Frozen,Anna,"Your sister's coronation, ma'am.",0181,neutral,4,"00:13:14,880","00:13:17,360"
Frozen,Anna,So's that door!,0186,neutral,4,"00:13:31,200","00:13:32,281"
Frozen,Anna,I'll be dancing through the night,0200,happy,3,"00:14:11,760","00:14:16,448"
Frozen,Anna,Don't know if I'm elated or gassy,0201,happy,3,"00:14:16,760","00:14:18,728"
Frozen,Anna,'Cause for the first time in forever,0203,happy,3,"00:14:22,040","00:14:26,602"
Frozen,Anna,I won't be alone,0204,happy,3,"00:14:28,560","00:14:30,449"
Frozen,Anna,I can't wait to meet everyone!,0205,happy,3,"00:14:30,600","00:14:33,410"
Frozen,Anna,A beautiful stranger,0211,happy,3,"00:14:48,440","00:14:49,601"
Frozen,Anna,I wanna stuff some chocolate in my face!,0213,happy,3,"00:14:50,760","00:14:55,322"
Frozen,Anna,For the first time in forever,0219,happy,3,"00:15:13,720","00:15:17,964"
Frozen,Anna,But for the first time in forever,0223,happy,3,"00:15:28,560","00:15:33,009"
Frozen,Anna,I'm so sorry. Are you hurt?,0257,happy,3,"00:17:07,920","00:17:09,251"
Frozen,Anna,Hey.,0258,others,7,"00:17:10,160","00:17:11,685"
Frozen,Anna,"Oh, boy!",0272,others,7,"00:17:39,080","00:17:40,809"
Frozen,Anna,This is awkward.,0273,neutral,4,"00:17:41,560","00:17:42,721"
Frozen,Anna,"Not You're awkward, but just because we're...",0274,neutral,4,"00:17:42,840","00:17:44,444"
Frozen,Anna,"No! No, no. It's fine.",0279,neutral,4,"00:17:53,000","00:17:54,445"
Frozen,Anna,I'm not that princess.,0280,happy,3,"00:17:54,600","00:17:55,806"
Frozen,Anna,"I mean, if you had hit my sister Elsa,",0281,happy,3,"00:17:55,920","00:17:57,604"
Frozen,Anna,it would be... Yeesh!,0282,surprise,6,"00:17:57,680","00:17:59,444"
Frozen,Anna,Hello.,0284,neutral,4,"00:18:01,080","00:18:02,286"
Frozen,Anna,"But, lucky you,",0285,neutral,4,"00:18:02,480","00:18:04,084"
Frozen,Anna,Just you?,0287,others,7,"00:18:06,640","00:18:07,687"
Frozen,Anna,The bells. The coronation.,0288,others,7,"00:18:15,320","00:18:16,845"
Frozen,Anna,I better go.,0289,others,7,"00:18:17,080","00:18:19,082"
Frozen,Anna,Because I don't think I'm supposed to...,0299,others,7,"00:20:19,480","00:20:20,606"
Frozen,Anna,Hi.,0301,others,7,"00:20:31,000","00:20:32,047"
Frozen,Anna,Hi me? Oh...,0302,neutral,4,"00:20:32,440","00:20:34,044"
Frozen,Anna,You look beautiful.,0304,neutral,4,"00:20:37,880","00:20:39,086"
Frozen,Anna,Thank you. You look beautiful-ler.,0305,neutral,4,"00:20:39,160","00:20:41,208"
Frozen,Anna,"I mean, not fuller. You don't look fuller.",0306,neutral,4,"00:20:41,280","00:20:42,770"
Frozen,Anna,This is what a party looks like.,0310,neutral,4,"00:20:48,480","00:20:50,209"
Frozen,Anna,Are you okay?,0343,neutral,4,"00:22:07,880","00:22:09,450"
Frozen,Anna,I've never been better. This is so nice.,0344,happy,3,"00:22:10,120","00:22:13,249"
Frozen,Anna,Why not? It just can't.,0348,others,7,"00:22:23,480","00:22:25,482"
Frozen,Anna,You got it.,0364,neutral,4,"00:23:15,280","00:23:16,361"
Frozen,Anna,It's what brothers do.,0370,happy,3,"00:23:27,800","00:23:29,086"
Frozen,Anna,And sisters.,0371,happy,3,"00:23:29,400","00:23:30,811"
Frozen,Anna,Elsa and I were really close when we were little.,0372,neutral,4,"00:23:31,200","00:23:33,441"
Frozen,Anna,"But then, one day, she just shut me out,",0373,neutral,4,"00:23:33,520","00:23:36,922"
Frozen,Anna,I would never shut you out.,0375,happy,3,"00:23:40,480","00:23:41,925"
Frozen,Anna,All my life has been A series of doors in my face,0378,happy,3,"00:23:48,880","00:23:53,249"
Frozen,Anna,Will you marry me?,0417,happy,3,"00:25:31,640","00:25:33,244"
Frozen,Anna,Can I say something even crazier?,0418,happy,3,"00:25:33,760","00:25:35,444"
Frozen,Anna,"Well, we haven't worked out all the details ourselves.",0433,happy,3,"00:26:07,640","00:26:09,881"
Frozen,Anna,We'll need a few days to plan the ceremony.,0434,happy,3,"00:26:09,960","00:26:11,803"
Frozen,Anna,No one is getting married.,0443,surprise,6,"00:26:26,120","00:26:27,485"
Frozen,Anna,"May I talk to you, please? Alone.",0445,others,7,"00:26:29,320","00:26:32,164"
Frozen,Anna,Fine. You can't marry a man you just met.,0447,others,7,"00:26:37,200","00:26:39,806"
Frozen,Anna,More than you.,0450,others,7,"00:26:44,040","00:26:45,087"
Frozen,Anna,Give me my glove!,0459,others,7,"00:27:03,400","00:27:04,401"
Frozen,Anna,Then leave.,0462,angry,0,"00:27:10,080","00:27:11,127"
Frozen,Anna,Why do you shut the world out?,0466,angry,0,"00:27:22,040","00:27:23,485"
Frozen,Anna,I knew there was something dubious going on here.,0470,surprise,6,"00:27:37,360","00:27:39,886"
Frozen,Anna,She must be stopped! You have to go after her.,0495,others,7,"00:29:44,360","00:29:46,522"
Frozen,Anna,"Are you a monster, too?",0498,others,7,"00:29:50,520","00:29:52,010"
Frozen,Anna,In the best way.,0501,others,7,"00:29:57,520","00:29:59,124"
Frozen,Anna,You slipped on ice. Her ice.,0504,others,7,"00:30:02,600","00:30:04,125"
Frozen,Anna,It was an accident. She was scared.,0505,others,7,"00:30:04,200","00:30:06,441"
Frozen,Anna,She didn't mean it. She didn't mean any of this.,0506,others,7,"00:30:06,840","00:30:09,491"
Frozen,Anna,Tonight was my fault. I pushed her.,0507,neutral,4,"00:30:10,000","00:30:12,321"
Frozen,Anna,It's too dangerous.,0511,neutral,4,"00:30:17,520","00:30:18,726"
Frozen,Anna,Elsa is not dangerous.,0512,neutral,4,"00:30:19,080","00:30:20,730"
Frozen,Anna,"No, I need you here to take care of Arendelle.",0515,neutral,4,"00:30:24,160","00:30:27,369"
Frozen,Anna,On my honor.,0516,neutral,4,"00:30:28,000","00:30:29,365"
Frozen,Anna,I don't want you getting hurt.,0519,neutral,4,"00:30:37,360","00:30:38,771"
Frozen,Anna,She's my sister.,0520,neutral,4,"00:30:39,240","00:30:40,401"
Frozen,Anna,I'm sorry. It's all my fault.,0576,neutral,4,"00:35:00,720","00:35:03,769"
Frozen,Anna,"Of course, none of it would have happened",0577,neutral,4,"00:35:06,254","00:35:07,855"
Frozen,Anna,if she had just told me her secret.,0578,neutral,4,"00:35:07,880","00:35:09,644"
Frozen,Anna,"Oh, no. No, no, no! Come back!",0581,fear,2,"00:35:17,240","00:35:18,446"
Frozen,Anna,"No, no, no!",0582,fear,2,"00:35:18,680","00:35:20,011"
Frozen,Anna,that covered the fjords in white sand and warm...,0586,happy,3,"00:35:34,240","00:35:37,608"
Frozen,Anna,Fire!,0587,neutral,4,"00:35:39,440","00:35:40,885"
Frozen,Anna,"and a sun balm of my own invention, yah?",0593,neutral,4,"00:36:22,400","00:36:25,006"
Frozen,Anna,That would be in our winter department.,0596,neutral,4,"00:36:32,560","00:36:34,369"
Frozen,Anna,Oh. Um...,0597,neutral,4,"00:36:37,400","00:36:38,731"
Frozen,Anna,I was just wondering.,0598,neutral,4,"00:36:39,240","00:36:40,480"
Frozen,Anna,Has another young woman...,0599,neutral,4,"00:36:40,600","00:36:42,648"
Frozen,Anna,"The queen perhaps, I don't know,",0600,neutral,4,"00:36:42,880","00:36:45,451"
Frozen,Anna,Behind you.,0609,happy,3,"00:37:08,440","00:37:09,851"
Frozen,Anna,The North Mountain.,0613,neutral,4,"00:37:18,800","00:37:20,211"
Frozen,Anna,Ooh. That's a rough business to be in right now.,0622,neutral,4,"00:37:34,880","00:37:36,760"
Frozen,Anna,"I mean, that is really...",0623,neutral,4,"00:37:36,800","00:37:39,041"
Frozen,Anna,"Okay, just tell me one thing.",0631,neutral,4,"00:37:53,640","00:37:54,801"
Frozen,Anna,"Just the outfit and the boots, yah?",0646,neutral,4,"00:38:33,040","00:38:34,530"
Frozen,Anna,It's just you. What do you want?,0661,neutral,4,"00:39:26,920","00:39:29,526"
Frozen,Anna,Hey.,0665,neutral,4,"00:39:39,560","00:39:41,005"
Frozen,Anna,"Oops, sorry.",0671,neutral,4,"00:40:00,520","00:40:01,726"
Frozen,Anna,I'm sorry. I'm sorry. I didn't...,0672,neutral,4,"00:40:01,800","00:40:04,087"
Frozen,Anna,We leave now. Right now.,0673,neutral,4,"00:40:04,520","00:40:06,807"
Frozen,Anna,Oh. Well...,0683,neutral,4,"00:40:36,480","00:40:37,481"
Frozen,Anna,It was all my fault.,0684,neutral,4,"00:40:38,000","00:40:39,240"
Frozen,Anna,"I got engaged, but then she freaked out,",0685,neutral,4,"00:40:39,560","00:40:41,847"
Frozen,Anna,"because I'd only just met him, you know, that day.",0686,neutral,4,"00:40:41,920","00:40:44,571"
Frozen,Anna,Wait. You got engaged to someone you just met that day?,0688,neutral,4,"00:40:46,680","00:40:50,162"
Frozen,Anna,"Yeah. Anyway, I got mad, and so she got mad,",0689,neutral,4,"00:40:50,240","00:40:53,483"
Frozen,Anna,to someone you just met that day?,0694,neutral,4,"00:40:58,800","00:41:01,406"
Frozen,Anna,Yes. Pay attention.,0695,neutral,4,"00:41:01,480","00:41:02,720"
Frozen,Anna,"But the thing is, she wore the gloves all the time,",0696,neutral,4,"00:41:02,960","00:41:05,930"
Frozen,Anna,Didn't your parents ever warn you about strangers?,0698,neutral,4,"00:41:08,440","00:41:11,284"
Frozen,Anna,"Yes, they did.",0699,neutral,4,"00:41:12,040","00:41:13,769"
Frozen,Anna,Of the Southern Isles.,0702,neutral,4,"00:41:18,760","00:41:21,206"
Frozen,Anna,And eats it.,0711,neutral,4,"00:41:32,680","00:41:33,727"
Frozen,Anna,All men do it. Ew.,0713,neutral,4,"00:41:37,200","00:41:38,725"
Frozen,Anna,It doesn't sound like true love.,0715,neutral,4,"00:41:42,295","00:41:43,575"
Frozen,Anna,Who marries a man she just met?,0732,angry,0,"00:42:28,080","00:42:29,844"
Frozen,Anna,But I didn't.,0741,fear,2,"00:42:48,560","00:42:49,561"
Frozen,Anna,It's completely frozen.,0768,neutral,4,"00:44:31,480","00:44:33,528"
Frozen,Anna,Will she?,0770,neutral,4,"00:44:37,880","00:44:39,166"
Frozen,Anna,"Yeah. Now, come on.",0771,neutral,4,"00:44:39,240","00:44:40,844"
Frozen,Anna,More like this way.,0773,neutral,4,"00:44:44,040","00:44:45,246"
Frozen,Anna,"Now, I'm perfect.",0796,neutral,4,"00:46:07,160","00:46:08,127"
Frozen,Anna,And I like warm hugs.,0811,neutral,4,"00:46:35,120","00:46:36,326"
Frozen,Anna,Olaf?,0812,neutral,4,"00:46:37,880","00:46:38,881"
Frozen,Anna,"So, how exactly are you planning to stop this weather?",0911,neutral,4,"00:50:54,120","00:50:56,805"
Frozen,Anna,What are you doing?,0927,neutral,4,"00:51:34,160","00:51:35,161"
Frozen,Anna,Ah...,0942,neutral,4,"00:52:07,760","00:52:09,364"
Frozen,Anna,Do you think she knows how to knock?,0963,neutral,4,"00:53:21,320","00:53:22,765"
Frozen,Anna,Huh. It opened.,0964,neutral,4,"00:53:27,600","00:53:29,682"
Frozen,Anna,That's a first.,0965,neutral,4,"00:53:29,760","00:53:31,046"
Frozen,Anna,"What? The last time I introduced her to a guy,",0967,neutral,4,"00:53:34,320","00:53:36,288"
Frozen,Anna,Anna.,0980,happy,3,"00:54:14,120","00:54:15,565"
Frozen,Anna,"Whoa. Elsa, you look different.",0981,happy,3,"00:54:19,280","00:54:22,762"
Frozen,Anna,It's a good different.,0982,happy,3,"00:54:23,320","00:54:24,890"
Frozen,Anna,Where I can be who I am without hurting anybody.,0996,neutral,4,"00:54:52,400","00:54:56,450"
Frozen,Anna,Yeah.,1006,neutral,4,"00:55:19,520","00:55:20,646"
Frozen,Anna,"Elsa, we were so close.",1007,neutral,4,"00:55:21,240","00:55:23,049"
Frozen,Anna,"No, I'm just trying to protect you.",1014,neutral,4,"00:55:40,360","00:55:42,408"
Frozen,Anna,You don't have to keep Your distance anymore,1018,neutral,4,"00:55:50,320","00:55:54,211"
Frozen,Anna,'Cause for the first time in forever,1019,neutral,4,"00:55:54,400","00:55:57,210"
Frozen,Anna,I finally understand,1020,neutral,4,"00:55:57,600","00:55:59,489"
Frozen,Anna,What do I not know?,1039,neutral,4,"00:56:46,120","00:56:47,281"
Frozen,Anna,What?,1042,neutral,4,"00:56:53,640","00:56:54,641"
Frozen,Anna,Everywhere?,1044,others,7,"00:56:59,000","00:57:00,001"
Frozen,Anna,I'm okay.,1066,neutral,4,"00:57:56,080","00:57:57,206"
Frozen,Anna,You have to go.,1070,others,7,"00:58:01,920","00:58:02,921"
Frozen,Anna,We won't.,1128,happy,3,"01:00:51,040","01:00:52,121"
Frozen,Anna,"Hey, you were right. Just like a pillow.",1129,happy,3,"01:01:00,080","01:01:03,084"
Frozen,Anna,Are you okay?,1141,happy,3,"01:01:27,400","01:01:28,526"
Frozen,Anna,Thank you.,1142,neutral,4,"01:01:28,600","01:01:29,965"
Frozen,Anna,"So, uh... So, now what?",1148,neutral,4,"01:01:40,920","01:01:43,241"
Frozen,Anna,Now what?,1149,neutral,4,"01:01:43,760","01:01:45,524"
Frozen,Anna,Now what?,1150,fear,2,"01:01:45,600","01:01:46,886"
Frozen,Anna,Oh...,1151,others,7,"01:01:47,000","01:01:48,081"
Frozen,Anna,What am I gonna do?,1152,others,7,"01:01:48,400","01:01:49,640"
Frozen,Anna,She threw me out.,1153,others,7,"01:01:50,240","01:01:51,571"
Frozen,Anna,"It's because she struck you, isn't it?",1161,sad,5,"01:02:07,080","01:02:09,082"
Frozen,Anna,"Until they, you know, kinda took us in.",1188,neutral,4,"01:03:29,200","01:03:31,089"
Frozen,Anna,But you'll get it. They mean well.,1196,neutral,4,"01:03:46,560","01:03:48,847"
Frozen,Anna,"Hey, guys.",1200,neutral,4,"01:03:58,000","01:03:59,001"
Frozen,Anna,Why aren't you running?,1212,neutral,4,"01:04:27,600","01:04:29,090"
Frozen,Anna,Uh...,1213,neutral,4,"01:04:29,400","01:04:30,526"
Frozen,Anna,No. That's not why I brought her here.,1246,others,7,"01:05:34,720","01:05:35,801"
Frozen,Anna,"If not removed, to solid ice will you freeze, forever.",1333,neutral,4,"01:08:50,640","01:08:55,248"
Frozen,Anna,But only an act of true love can thaw a frozen heart.,1339,neutral,4,"01:09:04,200","01:09:09,001"
Frozen,Anna,It's Princess Anna!,1392,neutral,4,"01:14:12,960","01:14:14,325"
Frozen,Anna,What happened out there?,1414,others,7,"01:15:19,560","01:15:20,766"
Frozen,Anna,Anna.,1418,others,7,"01:15:25,560","01:15:26,925"
Frozen,Anna,"She froze my heart,",1419,others,7,"01:15:29,720","01:15:31,290"
Frozen,Anna,and bring back summer.,1442,angry,0,"01:16:37,240","01:16:38,571"
Frozen,Anna,am the hero who is going to save Arendelle from destruction.,1446,angry,0,"01:16:46,040","01:16:50,329"
Frozen,Anna,Olaf?,1493,others,7,"01:20:14,520","01:20:15,681"
Frozen,Anna,"So, where's Hans? What happened to your kiss?",1499,neutral,4,"01:20:34,120","01:20:37,044"
Frozen,Anna,But we ran all the way here.,1501,neutral,4,"01:20:41,880","01:20:43,325"
Frozen,Anna,Do you happen to have any ideas?,1505,neutral,4,"01:20:51,160","01:20:52,969"
Frozen,Anna,"Like, you know, how Kristoff brought you back here to Hans and left you forever.",1510,neutral,4,"01:21:02,920","01:21:06,811"
Frozen,Anna,"Wow, you really don't know anything about love, do you?",1512,neutral,4,"01:21:13,680","01:21:17,207"
Frozen,Anna,They're coming back this way.,1520,neutral,4,"01:21:42,960","01:21:44,166"
Frozen,Anna,I guess Kristoff doesn't love you enough to leave you behind.,1524,neutral,4,"01:21:50,440","01:21:52,840"
Frozen,Anna,"No, no, no! You need to stay by the fire and keep warm.",1526,neutral,4,"01:21:55,640","01:21:58,723"
Frozen,Anna,"Come on, buddy, faster.",1542,others,7,"01:23:18,680","01:23:20,170"
Frozen,Anna,No.,1565,others,7,"01:25:31,800","01:25:32,847"
Frozen,Anna,Anna!,1567,sad,5,"01:25:57,560","01:25:59,050"
Frozen,Anna,You sacrificed yourself for me?,1577,happy,3,"01:27:39,720","01:27:42,007"
Frozen,Anna,Love!,1583,happy,3,"01:27:58,960","01:28:00,041"
Frozen,Anna,But she froze your heart.,1592,disgust,1,"01:29:14,760","01:29:16,444"
Frozen,Anna,"No, I can't accept this.",1617,neutral,4,"01:30:36,800","01:30:38,325"
Frozen,Anna,"What? That's not a thing. Oh, sure it is.",1620,neutral,4,"01:30:45,440","01:30:47,249"
Frozen,Anna,"Wait, what?",1627,happy,3,"01:31:00,880","01:31:01,927"
Frozen,Anna,We are never closing them again.,1639,happy,3,"01:31:59,560","01:32:01,722"
Frozen,Duke,The Duke of Weaseltown. Weselton!,0315,neutral,4,"00:21:04,880","00:21:07,645"
Frozen,Duke,Ow! Ow.,0330,happy,3,"00:21:37,520","00:21:39,329"
Frozen,Duke,Why did they shut them in the first place?,0332,neutral,4,"00:21:42,520","00:21:44,522"
Frozen,Duke,No. No.,0334,happy,3,"00:21:47,520","00:21:49,249"
Frozen,Duke,They don't call me the Little Dipper for nothing!,0336,happy,3,"00:21:50,960","00:21:53,645"
Frozen,Duke,Oh-ho!,0337,happy,3,"00:21:53,720","00:21:54,801"
Frozen,Duke,No.,0492,fear,2,"00:29:39,040","00:29:40,087"
Frozen,Duke,"Look, it's snowing. It's snowing!",0493,fear,2,"00:29:41,000","00:29:42,525"
Frozen,Duke,The queen has cursed this land!,0494,fear,2,"00:29:42,640","00:29:44,244"
Frozen,Duke,"You! Is there sorcery in you, too?",0497,fear,2,"00:29:48,000","00:29:50,446"
Frozen,Duke,And my sister is not a monster.,0502,angry,0,"00:29:59,400","00:30:00,890"
Frozen,Duke,Are we expected to just sit here and freeze,0885,angry,0,"00:49:55,280","00:49:57,726"
Frozen,Duke,Princess Anna has given her orders.,0887,angry,0,"00:50:00,775","00:50:02,175"
Frozen,Duke,And that's another thing!,0888,angry,0,"00:50:02,200","00:50:03,929"
Frozen,Duke,Has it dawned on you that your princess may be conspiring,0889,angry,0,"00:50:04,000","00:50:06,526"
Frozen,Duke,to protect Arendelle from treason.,0895,surprise,6,"00:50:13,600","00:50:15,125"
Frozen,Duke,I'll go. I volunteer.,0905,neutral,4,"00:50:36,960","00:50:38,121"
Frozen,Duke,"I volunteer two men, My Lord.",0906,neutral,4,"00:50:38,200","00:50:40,168"
Frozen,Duke,Be prepared for anything.,0907,neutral,4,"00:50:40,760","00:50:42,091"
Frozen,Duke,"And should you encounter the queen,",0908,neutral,4,"00:50:42,440","00:50:44,442"
Frozen,Duke,By Queen Elsa.,1460,surprise,6,"01:17:33,520","01:17:34,760"
Frozen,Duke,No!,1461,surprise,6,"01:17:34,880","01:17:35,927"
Frozen,Duke,There can be no doubt now.,1465,neutral,4,"01:17:46,760","01:17:48,330"
Frozen,Duke,"Queen Elsa is a monster,",1466,others,7,"01:17:48,760","01:17:50,125"
Frozen,Duke,I am a victim of fear. I've been traumatized.,1600,others,7,"01:29:54,120","01:29:57,124"
Frozen,Duke,Ah! My neck hurts.,1601,others,7,"01:29:57,280","01:29:58,964"
Frozen,Duke,Is there a doctor that I could see?,1602,angry,0,"01:29:59,440","01:30:02,728"
Frozen,Elsa,At least I've got a chance!,0224,neutral,4,"00:15:34,800","00:15:37,087"
Frozen,Elsa,You always have to be,0228,neutral,4,"00:15:49,960","00:15:51,530"
Frozen,Elsa,Don't feel,0230,neutral,4,"00:15:55,440","00:15:56,851"
Frozen,Elsa,Tell the guards to open up,0237,neutral,4,"00:16:10,640","00:16:13,291"
Frozen,Elsa,Oh. Okay.,0300,happy,3,"00:20:20,680","00:20:21,920"
Frozen,Elsa,Um... Hi.,0303,happy,3,"00:20:34,360","00:20:35,930"
Frozen,Elsa,But more beautiful.,0307,happy,3,"00:20:42,840","00:20:43,887"
Frozen,Elsa,Thank you.,0308,happy,3,"00:20:43,960","00:20:45,769"
Frozen,Elsa,It's warmer than I thought.,0311,happy,3,"00:20:51,600","00:20:53,125"
Frozen,Elsa,Uh...,0321,happy,3,"00:21:22,480","00:21:23,481"
Frozen,Elsa,But my sister does.,0324,happy,3,"00:21:27,000","00:21:27,967"
Frozen,Elsa,"for another round, Milady.",0340,happy,3,"00:22:01,520","00:22:02,601"
Frozen,Elsa,Especially for a man in heels.,0342,happy,3,"00:22:06,080","00:22:07,764"
Frozen,Elsa,I wish it could be like this all the time.,0345,happy,3,"00:22:14,560","00:22:16,722"
Frozen,Elsa,Marriage? Yes!,0431,neutral,4,"00:26:04,280","00:26:05,884"
Frozen,Elsa,No one's brothers are staying here.,0442,neutral,4,"00:26:24,440","00:26:26,044"
Frozen,Elsa,"Wait, what?",0444,others,7,"00:26:27,960","00:26:29,246"
Frozen,Elsa,"No. Whatever you have to say, you can say to both of us.",0446,others,7,"00:26:32,840","00:26:36,401"
Frozen,Elsa,All you know is how to shut people out.,0451,others,7,"00:26:45,160","00:26:46,924"
Frozen,Elsa,"You asked for my blessing, but my answer is no.",0452,others,7,"00:26:49,040","00:26:51,771"
Frozen,Elsa,"Your Majesty, if I may ease your...",0454,others,7,"00:26:54,600","00:26:56,170"
Frozen,Elsa,And it looks like I'm the queen,0525,sad,5,"00:31:33,760","00:31:37,606"
Frozen,Elsa,The wind is howling,0526,sad,5,"00:31:38,160","00:31:40,288"
Frozen,Elsa,Like this swirling storm inside,0527,sad,5,"00:31:40,360","00:31:44,081"
Frozen,Elsa,Couldn't keep it in Heaven knows I tried,0528,others,7,"00:31:45,240","00:31:49,962"
Frozen,Elsa,Don't let them in Don't let them see,0529,others,7,"00:31:52,240","00:31:55,528"
Frozen,Elsa,Be the good girl You always have to be,0530,others,7,"00:31:55,600","00:31:59,047"
Frozen,Elsa,"Conceal, don't feel Don't let them know",0531,others,7,"00:31:59,120","00:32:03,842"
Frozen,Elsa,"Well, now they know",0532,happy,3,"00:32:05,160","00:32:08,289"
Frozen,Elsa,Let it go! Let it go!,0533,happy,3,"00:32:08,640","00:32:12,008"
Frozen,Elsa,Let it go! Let it go!,0535,happy,3,"00:32:15,640","00:32:18,849"
Frozen,Elsa,I don't care,0537,happy,3,"00:32:23,320","00:32:25,607"
Frozen,Elsa,What they're going to say,0538,happy,3,"00:32:25,720","00:32:29,008"
Frozen,Elsa,Let the storm rage on,0539,happy,3,"00:32:29,680","00:32:33,048"
Frozen,Elsa,And the fears that once controlled me,0542,happy,3,"00:32:47,520","00:32:50,683"
Frozen,Elsa,"No right, no wrong",0546,happy,3,"00:33:02,320","00:33:03,765"
Frozen,Elsa,I'm free!,0548,happy,3,"00:33:06,480","00:33:08,164"
Frozen,Elsa,And one thought crystallizes Like an icy blast,0561,disgust,1,"00:33:56,640","00:34:01,680"
Frozen,Elsa,I'm never going back,0562,happy,3,"00:34:03,680","00:34:06,286"
Frozen,Elsa,The past is in the past,0563,happy,3,"00:34:06,720","00:34:10,691"
Frozen,Elsa,Let it go! Let it go!,0564,happy,3,"00:34:11,360","00:34:14,284"
Frozen,Elsa,That perfect girl is gone,0567,happy,3,"00:34:22,160","00:34:25,801"
Frozen,Elsa,Here I stand,0568,happy,3,"00:34:26,000","00:34:28,446"
Frozen,Elsa,Let the storm rage on!,0570,others,7,"00:34:34,280","00:34:38,205"
Frozen,Elsa,Thank you.,0985,happy,3,"00:54:28,480","00:54:29,481"
Frozen,Elsa,I'm so sorry about what happened. If I'd have known...,0987,others,7,"00:54:32,520","00:54:35,205"
Frozen,Elsa,"No, no, no. It's okay.",0988,others,7,"00:54:35,280","00:54:36,406"
Frozen,Elsa,So do you.,0993,others,7,"00:54:46,520","00:54:47,601"
Frozen,Elsa,"No, Anna, I belong here.",0994,neutral,4,"00:54:47,680","00:54:49,808"
Frozen,Elsa,"Actually, about that...",0997,others,7,"00:54:56,760","00:54:58,683"
Frozen,Elsa,He's just like the one we built as kids.,1005,others,7,"00:55:15,760","00:55:18,286"
Frozen,Elsa,Anna!,1010,fear,2,"00:55:31,680","00:55:32,761"
Frozen,Elsa,No.,1011,fear,2,"00:55:35,520","00:55:36,487"
Frozen,Elsa,I Will be right here,1026,others,7,"00:56:13,440","00:56:16,569"
Frozen,Elsa,Anna.,1027,others,7,"00:56:16,720","00:56:17,801"
Frozen,Elsa,Please go back home,1028,others,7,"00:56:18,000","00:56:19,843"
Frozen,Elsa,Go enjoy the sun And open up the gates,1030,others,7,"00:56:22,560","00:56:25,928"
Frozen,Elsa,"Yes, I'm alone",1033,happy,3,"00:56:31,920","00:56:33,285"
Frozen,Elsa,But I'm alone and free,1034,fear,2,"00:56:33,360","00:56:36,204"
Frozen,Elsa,"Well, it's okay, you can just unfreeze it.",1045,sad,5,"00:57:00,160","00:57:01,889"
Frozen,Elsa,I'm fine.,1067,others,7,"00:57:57,280","00:57:58,520"
Frozen,Elsa,Who's this?,1068,others,7,"00:57:58,800","00:57:59,881"
Frozen,Elsa,How?,1072,angry,0,"00:58:05,800","00:58:06,801"
Frozen,Elsa,What power do you have to stop this winter?,1073,angry,0,"00:58:06,880","00:58:09,042"
Frozen,Elsa,"No, I'm not leaving without you, Elsa.",1076,angry,0,"00:58:12,360","00:58:14,249"
Frozen,Elsa,I like to consider myself a love expert.,1173,others,7,"01:02:31,560","01:02:33,881"
Frozen,Elsa,Control it.,1175,others,7,"01:02:40,800","01:02:42,211"
Frozen,Elsa,Don't feel.,1177,others,7,"01:02:44,520","01:02:46,090"
Frozen,Elsa,We got her.,1359,fear,2,"01:10:37,600","01:10:38,681"
Frozen,Elsa,"Oh, no. What have... What have I done?",1374,others,7,"01:12:42,320","01:12:44,527"
Frozen,Elsa,I couldn't just let them kill you.,1376,others,7,"01:12:53,560","01:12:55,085"
Frozen,Elsa,Don't you see?,1381,sad,5,"01:13:08,720","01:13:10,245"
Frozen,Elsa,I can't.,1382,sad,5,"01:13:10,640","01:13:11,880"
Frozen,Elsa,And sentence her to death.,1472,neutral,4,"01:18:04,520","01:18:06,568"
Frozen,Elsa,Elsa! You can't run from this!,1555,neutral,4,"01:25:04,760","01:25:07,969"
Frozen,Elsa,Because of you.,1564,fear,2,"01:25:30,000","01:25:31,604"
Frozen,Elsa,No!,1569,fear,2,"01:26:21,360","01:26:22,407"
Frozen,Elsa,Anna!,1570,sad,5,"01:26:34,920","01:26:36,001"
Frozen,Elsa,"Oh, Elsa.",1576,happy,3,"01:27:38,240","01:27:39,480"
Frozen,Elsa,An act of true love will thaw a frozen heart.,1579,neutral,4,"01:27:45,320","01:27:50,042"
Frozen,Elsa,Love will thaw.,1580,happy,3,"01:27:51,640","01:27:53,290"
Frozen,Elsa,I like the open gates.,1638,happy,3,"01:31:57,800","01:31:59,484"
Frozen,Hans,Hey!,0256,others,7,"00:17:06,840","00:17:07,841"
Frozen,Hans,"Uh... No, no, I'm okay.",0259,others,7,"00:17:11,760","00:17:13,683"
Frozen,Hans,Oh... Thank goodness.,0263,surprise,6,"00:17:20,280","00:17:22,089"
Frozen,Hans,Oh! Uh...,0264,neutral,4,"00:17:25,840","00:17:27,080"
Frozen,Hans,Princess Anna of Arendelle.,0266,surprise,6,"00:17:29,440","00:17:31,249"
Frozen,Hans,"I'm awkward, you're gorgeous. Wait, what?",0275,others,7,"00:17:44,520","00:17:46,841"
Frozen,Hans,I'd like to formally apologize,0276,others,7,"00:17:47,095","00:17:48,295"
Frozen,Hans,for hitting the princess of Arendelle with my horse.,0277,happy,3,"00:17:48,320","00:17:50,527"
Frozen,Hans,"Okay, wait, wait. So, you have how many brothers?",0365,happy,3,"00:23:16,760","00:23:19,366"
Frozen,Hans,Twelve older brothers.,0366,happy,3,"00:23:19,600","00:23:21,489"
Frozen,Hans,"Three of them pretended I was invisible,",0367,happy,3,"00:23:21,840","00:23:23,888"
Frozen,Hans,and I never knew why.,0374,happy,3,"00:23:37,000","00:23:39,321"
Frozen,Hans,"Okay, can I just say something crazy?",0376,happy,3,"00:23:44,440","00:23:46,761"
Frozen,Hans,And then suddenly I bump into you,0379,happy,3,"00:23:53,720","00:23:56,326"
Frozen,Hans,May I present Prince Hans of the Southern Isles.,0426,happy,3,"00:25:52,280","00:25:55,887"
Frozen,Hans,"No, no. I'm completely ordinary.",0499,neutral,4,"00:29:52,160","00:29:55,084"
Frozen,Hans,"That's right, she is.",0500,neutral,4,"00:29:55,160","00:29:56,650"
Frozen,Hans,"Bring me my horse, please. Anna, no.",0510,others,7,"00:30:15,120","00:30:17,441"
Frozen,Hans,"No, I need you here to take care of Arendelle.",0515,neutral,4,"00:30:24,160","00:30:27,369"
Frozen,Hans,I leave Prince Hans in charge.,0517,others,7,"00:30:31,680","00:30:33,045"
Frozen,Hans,Are you sure you can trust her?,0518,others,7,"00:30:35,200","00:30:36,725"
Frozen,Hans,"Arendelle is indebted to you, Your Highness.",0880,neutral,4,"00:49:44,800","00:49:47,804"
Frozen,Hans,The castle is open.,0881,neutral,4,"00:49:48,000","00:49:49,286"
Frozen,Hans,There is soup and hot glogg in the great hall.,0882,neutral,4,"00:49:49,360","00:49:52,330"
Frozen,Hans,while you give away all of Arendelle's tradable goods?,0886,neutral,4,"00:49:57,800","00:50:00,246"
Frozen,Hans,to destroy us all?,0891,angry,0,"00:50:07,920","00:50:08,921"
Frozen,Hans,Do not question the princess.,0892,angry,0,"00:50:09,000","00:50:10,570"
Frozen,Hans,She left me in charge,0893,angry,0,"00:50:10,880","00:50:12,211"
Frozen,Hans,and I will not hesitate,0894,angry,0,"00:50:12,280","00:50:13,520"
Frozen,Hans,We are here to find Princess Anna.,1350,neutral,4,"01:09:45,360","01:09:47,089"
Frozen,Hans,"Be on guard, but no harm is to come to the queen.",1351,neutral,4,"01:09:47,560","01:09:51,042"
Frozen,Hans,Why did you bring me here?,1375,neutral,4,"01:12:51,680","01:12:53,091"
Frozen,Hans,But I'm a danger to Arendelle. Get Anna.,1377,neutral,4,"01:12:55,240","01:12:58,369"
Frozen,Hans,Anna has not returned.,1378,neutral,4,"01:12:58,920","01:13:00,922"
Frozen,Hans,If you would just stop the winter.,1379,neutral,4,"01:13:02,600","01:13:04,648"
Frozen,Hans,You have to tell them to let me go.,1383,neutral,4,"01:13:15,480","01:13:17,881"
Frozen,Hans,You cannot risk going out there again.,1403,neutral,4,"01:14:59,200","01:15:00,850"
Frozen,Hans,Elsa struck me with her powers.,1415,neutral,4,"01:15:20,840","01:15:22,729"
Frozen,Hans,and only an act of true love can save me.,1420,surprise,6,"01:15:31,520","01:15:33,966"
Frozen,Hans,A true love's kiss.,1421,others,7,"01:15:35,720","01:15:37,404"
Frozen,Hans,"Oh, Anna.",1422,others,7,"01:15:47,520","01:15:48,760"
Frozen,Hans,"I figured after we married,",1435,neutral,4,"01:16:22,600","01:16:24,329"
Frozen,Hans,Hans! No. Stop.,1437,neutral,4,"01:16:26,600","01:16:28,648"
Frozen,Hans,"But then, she doomed herself,",1438,neutral,4,"01:16:28,920","01:16:30,888"
Frozen,Hans,Please.,1440,others,7,"01:16:32,920","01:16:33,967"
Frozen,Hans,You're no match for Elsa.,1443,neutral,4,"01:16:39,200","01:16:41,168"
Frozen,Hans,Oh...,1448,happy,3,"01:16:53,160","01:16:54,207"
Frozen,Hans,What happened to her?,1458,sad,5,"01:17:25,120","01:17:26,610"
Frozen,Hans,She was killed.,1459,sad,5,"01:17:31,480","01:17:33,050"
Frozen,Hans,Her own sister.,1462,sad,5,"01:17:36,280","01:17:37,281"
Frozen,Hans,At least we got to say our marriage vows,1463,sad,5,"01:17:38,280","01:17:40,567"
Frozen,Hans,Arendelle looks to you.,1469,sad,5,"01:17:54,240","01:17:56,083"
Frozen,Hans,"With a heavy heart,",1470,sad,5,"01:17:57,760","01:17:59,444"
Frozen,Hans,I charge Queen Elsa of Arendelle with treason.,1471,sad,5,"01:17:59,520","01:18:03,491"
Frozen,Hans,Just take care of my sister.,1556,neutral,4,"01:25:10,400","01:25:12,289"
Frozen,Hans,Her skin was ice. Her hair turned white.,1562,sad,5,"01:25:23,640","01:25:26,041"
Frozen,Hans,Uh-uh-uh-uh.,1590,surprise,6,"01:29:08,720","01:29:10,370"
Frozen,Hans,Anna?,1591,angry,0,"01:29:13,440","01:29:14,441"
Frozen,Kristoff,"What do you want, Sven?",0156,neutral,4,"00:12:11,200","00:12:13,043"
Frozen,Kristoff,Give me a snack.,0157,neutral,4,"00:12:13,120","00:12:14,360"
Frozen,Kristoff,What's the magic word?,0158,happy,3,"00:12:14,440","00:12:16,044"
Frozen,Kristoff,Please.,0159,neutral,4,"00:12:16,120","00:12:17,121"
Frozen,Kristoff,Huh?,0608,neutral,4,"00:37:06,800","00:37:07,926"
Frozen,Kristoff,where supply and demand have a big problem.,0619,neutral,4,"00:37:28,960","00:37:30,849"
Frozen,Kristoff,Did it seem magical?,0633,neutral,4,"00:37:56,840","00:37:58,569"
Frozen,Kristoff,Yes!,0634,neutral,4,"00:37:58,760","00:38:00,250"
Frozen,Kristoff,Bye-bye.,0639,sad,5,"00:38:12,600","00:38:13,886"
Frozen,Kristoff,"No, Sven, I didn't get your carrots.",0640,happy,3,"00:38:18,640","00:38:21,041"
Frozen,Kristoff,"Sven, don't you think that's true?",0649,neutral,4,"00:38:49,360","00:38:52,443"
Frozen,Kristoff,"Yeah, people will beat you And curse you and cheat you",0650,neutral,4,"00:38:52,840","00:38:55,889"
Frozen,Kristoff,"Every one of them's bad, except you",0651,happy,3,"00:38:56,040","00:38:58,441"
Frozen,Kristoff,"Aw. Thanks, buddy.",0652,neutral,4,"00:38:58,720","00:39:00,404"
Frozen,Kristoff,But people smell better than reindeers,0653,neutral,4,"00:39:00,920","00:39:04,049"
Frozen,Kristoff,"That's once again true For all, except you",0655,neutral,4,"00:39:08,240","00:39:11,767"
Frozen,Kristoff,You got me Let's call it a night,0656,neutral,4,"00:39:12,240","00:39:15,210"
Frozen,Kristoff,"I like fast. Whoa! Whoa, whoa, whoa...",0676,neutral,4,"00:40:21,200","00:40:23,601"
Frozen,Kristoff,Get your feet down. This is fresh lacquer.,0677,neutral,4,"00:40:23,720","00:40:25,370"
Frozen,Kristoff,"So, uh, tell me,",0681,neutral,4,"00:40:32,640","00:40:34,005"
Frozen,Kristoff,"And she said she wouldn't bless the marriage, and...",0687,neutral,4,"00:40:44,920","00:40:46,570"
Frozen,Kristoff,and I grabbed her glove...,0691,surprise,6,"00:40:54,615","00:40:55,655"
Frozen,Kristoff,Hang on!,0692,surprise,6,"00:40:55,680","00:40:56,681"
Frozen,Kristoff,You mean to tell me you got engaged,0693,surprise,6,"00:40:56,840","00:40:58,729"
Frozen,Kristoff,"so I just thought, maybe she has a thing about dirt.",0697,surprise,6,"00:41:06,000","00:41:08,241"
Frozen,Kristoff,Foot size? Foot size doesn't matter.,0706,neutral,4,"00:41:25,294","00:41:26,855"
Frozen,Kristoff,Have you had a meal with him yet?,0707,neutral,4,"00:41:26,880","00:41:28,086"
Frozen,Kristoff,What if you hate the way he eats?,0708,neutral,4,"00:41:28,200","00:41:29,645"
Frozen,Kristoff,"Look, it doesn't matter. It's true love.",0714,neutral,4,"00:41:39,400","00:41:42,210"
Frozen,Kristoff,Are you some sort of love expert?,0716,neutral,4,"00:41:43,600","00:41:46,126"
Frozen,Kristoff,No. Why not?,0729,neutral,4,"00:42:24,600","00:42:25,647"
Frozen,Kristoff,"Get ready to jump, Sven!",0742,others,7,"00:42:56,160","00:42:57,446"
Frozen,Kristoff,"Of course I don't want to help her anymore. In fact,",0756,neutral,4,"00:43:53,520","00:43:56,046"
Frozen,Kristoff,It's this way?,0758,neutral,4,"00:43:59,840","00:44:00,807"
Frozen,Kristoff,I can live with that. Here we go.,0760,neutral,4,"00:44:03,000","00:44:04,684"
Frozen,Kristoff,"I think, actually, it's up.",0762,others,7,"00:44:08,120","00:44:09,531"
Frozen,Kristoff,Arendelle.,0767,surprise,6,"00:44:29,440","00:44:30,805"
Frozen,Kristoff,But it will be fine. Elsa will thaw it.,0769,neutral,4,"00:44:35,360","00:44:37,806"
Frozen,Kristoff,Yeah. Why? I'll tell you why.,0831,neutral,4,"00:47:16,160","00:47:18,162"
Frozen,Kristoff,I'm coming!,0873,neutral,4,"00:49:25,560","00:49:26,800"
Frozen,Kristoff,Oh. I am gonna talk to my sister.,0912,neutral,4,"00:50:57,440","00:50:59,681"
Frozen,Kristoff,That's your plan?,0913,neutral,4,"00:50:59,960","00:51:01,121"
Frozen,Kristoff,Yep.,0915,fear,2,"00:51:04,160","00:51:05,366"
Frozen,Kristoff,Mmm...,0922,neutral,4,"00:51:24,800","00:51:26,609"
Frozen,Kristoff,It's too steep.,0923,neutral,4,"00:51:27,480","00:51:28,527"
Frozen,Kristoff,Hmm?,0926,neutral,4,"00:51:32,480","00:51:33,720"
Frozen,Kristoff,I'm going to see my sister.,0928,neutral,4,"00:51:35,480","00:51:39,246"
Frozen,Kristoff,You're distracting me. Or there.,0931,neutral,4,"00:51:43,640","00:51:45,290"
Frozen,Kristoff,"because I gotta concentrate, here.",0934,neutral,4,"00:51:49,200","00:51:51,851"
Frozen,Kristoff,"You mean, the love experts?",0940,neutral,4,"00:52:03,200","00:52:04,964"
Frozen,Kristoff,Does the air seem a bit thin to you up here?,0944,neutral,4,"00:52:13,000","00:52:15,162"
Frozen,Kristoff,"Now, that's ice.",0953,others,7,"00:52:45,560","00:52:47,403"
Frozen,Kristoff,I might cry.,0954,neutral,4,"00:52:48,400","00:52:49,526"
Frozen,Kristoff,"But, but... Oh, come on!",0969,neutral,4,"00:53:37,800","00:53:39,643"
Frozen,Kristoff,Okay. What if we fall?,1101,others,7,"00:59:36,000","00:59:37,490"
Frozen,Kristoff,There's 20 feet of fresh powder down there.,1102,others,7,"00:59:38,120","00:59:39,800"
Frozen,Kristoff,It'll be like landing on a pillow.,1103,neutral,4,"00:59:39,920","00:59:41,604"
Frozen,Kristoff,Hopefully.,1104,neutral,4,"00:59:41,680","00:59:42,681"
Frozen,Kristoff,How's your head? Ah! Ooh!,1143,neutral,4,"01:01:31,000","01:01:32,126"
Frozen,Kristoff,It's fine. Uh...,1144,neutral,4,"01:01:33,920","01:01:35,160"
Frozen,Kristoff,Or bones.,1147,neutral,4,"01:01:39,520","01:01:40,521"
Frozen,Kristoff,And then there's your ice business.,1155,happy,3,"01:01:54,000","01:01:55,001"
Frozen,Kristoff,No. You hesitated.,1163,others,7,"01:02:12,320","01:02:13,731"
Frozen,Kristoff,I say friends...,1185,neutral,4,"01:03:22,720","01:03:24,006"
Frozen,Kristoff,They're more like family.,1186,neutral,4,"01:03:24,160","01:03:26,128"
Frozen,Kristoff,"Anyway, when I was a kid, it was just me and Sven.",1187,neutral,4,"01:03:26,200","01:03:29,010"
Frozen,Kristoff,They did? Yeah.,1189,neutral,4,"01:03:31,600","01:03:32,965"
Frozen,Kristoff,I don't want to scare you.,1190,neutral,4,"01:03:33,360","01:03:34,407"
Frozen,Kristoff,They can be a little inappropriate and loud.,1191,happy,3,"01:03:34,480","01:03:38,804"
Frozen,Kristoff,and a little overbearing.,1194,neutral,4,"01:03:42,480","01:03:43,686"
Frozen,Kristoff,"And heavy. Really, really, heavy.",1195,neutral,4,"01:03:43,760","01:03:46,445"
Frozen,Kristoff,"Kristoff, they sound wonderful.",1197,neutral,4,"01:03:48,920","01:03:51,048"
Frozen,Kristoff,"Okay, then.",1198,neutral,4,"01:03:53,160","01:03:54,571"
Frozen,Kristoff,"Look, it's great to see you all,",1225,neutral,4,"01:04:57,200","01:04:58,531"
Frozen,Kristoff,What's going on?,1239,neutral,4,"01:05:22,680","01:05:23,681"
Frozen,Kristoff,With a little bit of love Um...,1269,neutral,4,"01:06:17,200","01:06:18,929"
Frozen,Kristoff,Can we please just stop talking about this?,1270,neutral,4,"01:06:19,000","01:06:20,968"
Frozen,Kristoff,"Stop it, stop it, stop it! Enough!",1289,neutral,4,"01:07:03,320","01:07:04,765"
Frozen,Kristoff,What? No.,1334,others,7,"01:08:55,680","01:08:56,966"
Frozen,Kristoff,I will do what I can.,1384,others,7,"01:13:19,680","01:13:21,489"
Frozen,Kristoff,Just hang in there.,1385,others,7,"01:13:45,480","01:13:46,720"
Frozen,Kristoff,Are you gonna be okay?,1393,others,7,"01:14:22,680","01:14:24,569"
Frozen,Kristoff,We will. Thank you.,1398,others,7,"01:14:35,240","01:14:36,651"
Frozen,Kristoff,What's wrong with you?,1481,neutral,4,"01:18:58,360","01:18:59,361"
Frozen,Kristoff,Stop it! Put me down!,1483,angry,0,"01:19:05,440","01:19:07,807"
Frozen,Kristoff,"No, Sven!",1484,neutral,4,"01:19:10,120","01:19:11,326"
Frozen,Kristoff,We're not going back.,1485,neutral,4,"01:19:11,440","01:19:12,965"
Frozen,Kristoff,What the...,1487,others,7,"01:19:21,520","01:19:22,521"
Frozen,Kristoff,And it's the latest model.,1616,neutral,4,"01:30:35,160","01:30:36,730"
Frozen,Kristoff,Whoa.,1623,happy,3,"01:30:53,160","01:30:54,161"
Frozen,Kristoff,I could kiss you!,1624,neutral,4,"01:30:54,240","01:30:55,890"
Frozen,Kristoff,"I could. I mean, I'd like to. I'd...",1625,neutral,4,"01:30:56,800","01:30:58,529"
Frozen,Oaken,Yoo-hoo. Hmm?,0590,neutral,4,"00:36:15,880","00:36:17,211"
Frozen,Oaken,Big summer blowout.,0591,neutral,4,"00:36:18,560","00:36:19,766"
Frozen,Oaken,"Half off swimming suits, clogs,",0592,neutral,4,"00:36:20,080","00:36:22,242"
Frozen,Oaken,Winter boots and dresses?,0595,neutral,4,"00:36:30,240","00:36:31,924"
Frozen,Oaken,passed through here?,0601,neutral,4,"00:36:45,520","00:36:46,601"
Frozen,Oaken,The only one crazy enough to be out in this storm,0602,neutral,4,"00:36:46,760","00:36:48,171"
Frozen,Oaken,"is you, dear.",0603,neutral,4,"00:36:48,240","00:36:50,049"
Frozen,Oaken,You and this fellow.,0604,neutral,4,"00:36:56,880","00:36:58,120"
Frozen,Oaken,Yoo-hoo.,0605,neutral,4,"00:36:58,280","00:36:59,247"
Frozen,Oaken,Oh! Right. Excuse me.,0610,happy,3,"00:37:10,360","00:37:12,169"
Frozen,Oaken,"Forty? No, 10.",0616,neutral,4,"00:37:23,920","00:37:25,570"
Frozen,Oaken,"Oh, dear, that's no good.",0617,neutral,4,"00:37:25,680","00:37:26,727"
Frozen,Oaken,"See, this is from our winter stock,",0618,neutral,4,"00:37:26,960","00:37:28,769"
Frozen,Oaken,That's unfortunate.,0624,neutral,4,"00:37:39,160","00:37:40,560"
Frozen,Oaken,Still 40.,0625,neutral,4,"00:37:40,640","00:37:41,721"
Frozen,Oaken,But I will throw in a visit to Oaken's sauna.,0626,neutral,4,"00:37:41,800","00:37:43,848"
Frozen,Oaken,Ten is all I got. Help me out.,0629,neutral,4,"00:37:48,120","00:37:50,441"
Frozen,Oaken,"Now, back up while I deal with this crook, here.",0635,others,7,"00:38:01,000","00:38:03,685"
Frozen,Oaken,I'm sorry about this violence.,0643,happy,3,"00:38:27,680","00:38:29,091"
Frozen,Oaken,"I will add a quart of lutefisk,",0644,neutral,4,"00:38:29,360","00:38:30,850"
Frozen,Oaken,so we have good feelings.,0645,happy,3,"00:38:31,360","00:38:32,691"
Frozen,Olaf,"Well, almost.",0797,neutral,4,"00:46:09,560","00:46:10,686"
Frozen,Olaf,Head rush! I was just... Are you okay?,0800,happy,3,"00:46:15,495","00:46:17,135"
Frozen,Olaf,Are you kidding me? I am wonderful!,0801,happy,3,"00:46:17,160","00:46:20,482"
Frozen,Olaf,So cute.,0803,happy,3,"00:46:22,615","00:46:23,895"
Frozen,Olaf,Oh.,0806,happy,3,"00:46:26,800","00:46:27,767"
Frozen,Olaf,I love it even more.,0807,happy,3,"00:46:27,840","00:46:29,649"
Frozen,Olaf,"All right, let's start this thing over.",0808,happy,3,"00:46:30,000","00:46:32,685"
Frozen,Olaf,I'm Olaf.,0810,happy,3,"00:46:34,040","00:46:35,041"
Frozen,Olaf,Do you think you could show us the way?,0827,happy,3,"00:47:09,720","00:47:11,240"
Frozen,Olaf,How does this work? Ow!,0829,neutral,4,"00:47:12,560","00:47:13,846"
Frozen,Olaf,Summer? Mmm-hmm.,0833,happy,3,"00:47:20,760","00:47:22,250"
Frozen,Olaf,"Oh. I don't know why,",0834,happy,3,"00:47:22,320","00:47:23,560"
Frozen,Olaf,but I've always loved the idea of summer.,0835,happy,3,"00:47:23,640","00:47:27,326"
Frozen,Olaf,"But sometimes I like to close my eyes,",0840,happy,3,"00:47:36,080","00:47:38,481"
Frozen,Olaf,and imagine what it would be like when summer does come.,0841,happy,3,"00:47:38,560","00:47:42,406"
Frozen,Olaf,Bees will buzz Kids will blow dandelion fuzz,0842,happy,3,"00:47:45,480","00:47:49,849"
Frozen,Olaf,And I can't wait to see,0852,happy,3,"00:48:16,720","00:48:18,688"
Frozen,Olaf,"I bet she's the nicest, gentlest, warmest person ever.",0918,happy,3,"00:51:09,760","00:51:14,243"
Frozen,Olaf,"Man, am I out of shape.",1113,others,7,"01:00:03,520","01:00:05,249"
Frozen,Olaf,"There we go. Hey, Anna!",1114,others,7,"01:00:10,440","01:00:12,249"
Frozen,Olaf,Olaf!,1130,fear,2,"01:01:03,360","01:01:04,486"
Frozen,Olaf,"Anna, you need help, okay? Come on.",1165,happy,3,"01:02:15,240","01:02:17,288"
Frozen,Olaf,I'll distract him while you run.,1207,happy,3,"01:04:12,840","01:04:15,730"
Frozen,Olaf,"Hi, Sven's family!",1208,happy,3,"01:04:15,800","01:04:17,723"
Frozen,Olaf,It's nice to meet you.,1209,neutral,4,"01:04:18,000","01:04:20,401"
Frozen,Olaf,"Because I love you, Anna, I insist you run.",1210,happy,3,"01:04:20,760","01:04:23,161"
Frozen,Olaf,I understand you're love experts. Ooh!,1211,neutral,4,"01:04:23,240","01:04:27,131"
Frozen,Olaf,Help.,1490,others,7,"01:19:52,480","01:19:53,481"
Frozen,Olaf,Olaf. Get away from there.,1494,surprise,6,"01:20:16,080","01:20:18,082"
Frozen,Olaf,Wow!,1495,others,7,"01:20:18,680","01:20:19,761"
Frozen,Olaf,"So, this is heat.",1496,others,7,"01:20:20,320","01:20:22,607"
Frozen,Olaf,I love it.,1497,neutral,4,"01:20:22,720","01:20:24,051"
Frozen,Olaf,Ooh! But don't touch it.,1498,neutral,4,"01:20:24,240","01:20:25,810"
Frozen,Olaf,I was wrong about him. It wasn't true love.,1500,neutral,4,"01:20:37,560","01:20:41,406"
Frozen,Olaf,"Please, Olaf, you can't stay here. You'll melt.",1502,neutral,4,"01:20:43,560","01:20:46,962"
Frozen,Olaf,I am not leaving here until,1503,neutral,4,"01:20:47,040","01:20:48,121"
Frozen,Olaf,we find some other act of true love to save you.,1504,neutral,4,"01:20:48,160","01:20:50,731"
Frozen,Olaf,I don't even know what love is.,1506,neutral,4,"01:20:53,360","01:20:55,010"
Frozen,Olaf,"That's okay, I do.",1507,neutral,4,"01:20:55,400","01:20:57,084"
Frozen,Olaf,Love is,1508,neutral,4,"01:20:57,520","01:20:58,885"
Frozen,Olaf,putting someone else's needs before yours.,1509,neutral,4,"01:20:59,880","01:21:02,247"
Frozen,Olaf,Kristoff loves me?,1511,neutral,4,"01:21:09,080","01:21:12,129"
Frozen,Olaf,"Olaf, you're melting.",1513,neutral,4,"01:21:17,920","01:21:19,524"
Frozen,Olaf,Some people are worth melting for.,1514,neutral,4,"01:21:19,840","01:21:22,002"
Frozen,Olaf,"We're gonna get through... Oh, wait.",1517,neutral,4,"01:21:35,600","01:21:37,523"
Frozen,Olaf,I guess I was wrong.,1523,neutral,4,"01:21:49,080","01:21:50,366"
Frozen,Olaf,I need to get to Kristoff.,1527,surprise,6,"01:21:58,800","01:22:00,484"
Frozen,Olaf,Why?,1528,happy,3,"01:22:00,560","01:22:01,641"
Frozen,Olaf,I knew you could do it.,1584,happy,3,"01:28:46,880","01:28:48,291"
Frozen,Olaf,"Hands down, this is the best day of my life.",1585,happy,3,"01:28:48,720","01:28:52,042"
Frozen,Small_Anna,Elsa. Psst!,0032,others,7,"00:03:41,920","00:03:43,285"
Frozen,Small_Anna,Elsa!,0033,others,7,"00:03:45,640","00:03:47,165"
Frozen,Small_Anna,"Anna, go back to sleep.",0035,others,7,"00:03:49,800","00:03:52,121"
Frozen,Small_Anna,I just can't.,0036,others,7,"00:03:52,640","00:03:54,608"
Frozen,Small_Anna,"The sky is awake, so I'm awake.",0037,others,7,"00:03:54,960","00:03:57,725"
Frozen,Small_Anna,Go play by yourself.,0039,others,7,"00:04:00,080","00:04:01,923"
Frozen,Small_Anna,Do the magic!,0043,others,7,"00:04:19,760","00:04:21,649"
Frozen,Small_Anna,Ready? Uh-huh.,0045,others,7,"00:04:27,000","00:04:28,729"
Frozen,Small_Anna,and I like warm hugs.,0049,others,7,"00:04:47,960","00:04:49,564"
Frozen,Small_Anna,Olaf...,0051,others,7,"00:04:55,000","00:04:56,684"
Frozen,Small_Anna,Elsa?,0107,others,7,"00:08:21,040","00:08:22,166"
Frozen,Small_Anna,"Come on, let's go and play",0109,others,7,"00:08:28,240","00:08:30,447"
Frozen,Small_Anna,I wish you would tell me why,0114,others,7,"00:08:42,160","00:08:45,801"
Frozen,Small_Anna,Do you wanna build a snowman?,0115,others,7,"00:08:46,160","00:08:48,766"
Frozen,Small_Anna,It doesn't have to be a snowman,0116,others,7,"00:08:49,040","00:08:51,691"
Frozen,Small_Anna,"Go away, Anna.",0117,others,7,"00:08:51,760","00:08:53,410"
Frozen,Small_Anna,Don't let it show.,0122,others,7,"00:09:07,920","00:09:09,524"
Frozen,Small_Elsa,Wake up. Wake up. Wake up!,0034,others,7,"00:03:47,440","00:03:49,488"
Frozen,Small_Elsa,Oh!,0053,others,7,"00:04:59,520","00:05:00,646"
Frozen,Small_Elsa,Anna!,0062,others,7,"00:05:21,200","00:05:22,326"
Frozen,Small_Elsa,See? Conceal it.,0120,others,7,"00:09:04,280","00:09:06,089"
Frozen,Small_Elsa,Just watching the hours tick by,0129,others,7,"00:09:28,840","00:09:31,491"
DragonII,valka,Hiccup?,0444,surprise,6,"00:31:56,415","00:31:57,623"
DragonII,valka,Could it be?,0445,neutral,4,"00:32:02,504","00:32:04,130"
DragonII,valka,Should I know you?,0448,sad,5,"00:32:12,264","00:32:13,598"
DragonII,valka,"No, you were only a babe.",0449,sad,5,"00:32:14,808","00:32:17,560"
DragonII,valka,But a mother never forgets.,0450,neutral,4,"00:32:23,066","00:32:26,152"
DragonII,valka,Unbelievable.,0478,neutral,4,"00:35:01,516","00:35:02,600"
DragonII,valka,This Snafflefang lost his leg to one of Drago Bludvist's iron traps.,0497,neutral,4,"00:36:20,846","00:36:25,683"
DragonII,valka,"So, peg leg!",0512,neutral,4,"00:37:02,554","00:37:05,306"
DragonII,valka,"If only it were possible. No, really.",0518,neutral,4,"00:37:26,369","00:37:28,454"
DragonII,valka,"Believe me, I tried, as well...",0519,neutral,4,"00:37:28,622","00:37:30,789"
DragonII,valka,"but people are not capable of change, Hiccup.",0520,neutral,4,"00:37:30,957","00:37:33,918"
DragonII,valka,You and your father nearly died that night...,0544,neutral,4,"00:39:08,138","00:39:11,598"
DragonII,valka,It runs in the family.,0546,sad,5,"00:39:15,562","00:39:17,896"
DragonII,valka,It broke my heart to stay away...,0547,neutral,4,"00:39:18,064","00:39:20,482"
DragonII,valka,Every nest has its queen...,0555,happy,3,"00:39:46,384","00:39:47,718"
DragonII,valka,He's responsible for all that destruction?,0560,neutral,4,"00:40:02,776","00:40:04,943"
DragonII,valka,discovering their secrets.,0567,neutral,4,"00:40:38,311","00:40:39,478"
DragonII,valka,He likes you. Wow.,0568,neutral,4,"00:40:43,775","00:40:45,776"
DragonII,valka,"Hey, I thought we were going to eat.",0600,happy,3,"00:42:26,044","00:42:28,337"
DragonII,valka,When I'm up here...,0605,happy,3,"00:44:05,643","00:44:07,144"
DragonII,valka,Free.,0607,happy,3,"00:44:10,982","00:44:12,274"
DragonII,valka,"Well, not bad yourself.",0615,happy,3,"00:45:10,375","00:45:12,709"
DragonII,valka,"All this time, you took after me.",0616,sad,5,"00:45:22,512","00:45:25,555"
DragonII,valka,And where was I?,0617,sad,5,"00:45:26,474","00:45:29,351"
DragonII,valka,"I'm so sorry, Hiccup.",0618,sad,5,"00:45:31,396","00:45:33,730"
DragonII,valka,Can we start over?,0619,others,7,"00:45:33,898","00:45:36,566"
DragonII,valka,as mother and son.,0630,happy,3,"00:46:16,065","00:46:17,566"
DragonII,valka,"This is who you are, son.",0632,neutral,4,"00:46:27,827","00:46:31,037"
DragonII,valka,Who we are.,0633,happy,3,"00:46:31,205","00:46:32,747"
DragonII,valka,Now you and I can go talk to Drago together.,0639,happy,3,"00:46:57,857","00:47:00,567"
DragonII,valka,What?,0640,neutral,4,"00:47:00,735","00:47:01,902"
DragonII,valka,But we have to... No.,0642,neutral,4,"00:47:04,447","00:47:05,697"
DragonII,valka,"could you put the sword away, please?",0729,neutral,4,"00:52:59,927","00:53:02,428"
DragonII,valka,"I know what you're gonna say, Stoick.",0730,neutral,4,"00:53:14,441","00:53:17,402"
DragonII,valka,How could I have done this?,0731,neutral,4,"00:53:18,320","00:53:20,321"
DragonII,valka,Stayed away all of these years?,0732,neutral,4,"00:53:21,532","00:53:23,283"
DragonII,valka,And why did I not come back to you?,0733,neutral,4,"00:53:23,450","00:53:25,368"
DragonII,valka,"What sign did I have that you could change, Stoick?",0735,neutral,4,"00:53:28,831","00:53:32,375"
DragonII,valka,This and one other reason.,0740,sad,5,"00:53:43,554","00:53:46,180"
DragonII,valka,but I thought he would be better off without me.,0742,sad,5,"00:53:50,686","00:53:53,354"
DragonII,valka,"Stop being so stoic, Stoick!",0744,fear,2,"00:53:58,944","00:54:01,112"
DragonII,valka,Go on.,0745,fear,2,"00:54:01,280","00:54:02,488"
DragonII,valka,"Thanks, Dad.",0774,happy,3,"00:56:31,764","00:56:32,764"
DragonII,valka,And love...,0796,neutral,4,"00:58:36,180","00:58:38,014"
DragonII,valka,Your mighty words astound me,0800,neutral,4,"00:58:55,991","00:59:00,036"
DragonII,valka,We're a team now. What do you want to do?,0835,others,7,"01:01:08,081","01:01:10,833"
DragonII,valka,Dad!,0949,others,7,"01:11:55,561","01:11:56,770"
DragonII,valka,Get away!,0957,sad,5,"01:12:59,042","01:13:00,292"
DragonII,valka,You came early into this world.,0981,sad,5,"01:15:57,720","01:16:00,305"
DragonII,valka,You were such a wee thing.,0982,sad,5,"01:16:00,473","01:16:03,141"
DragonII,valka,"So frail, so fragile.",0983,neutral,4,"01:16:03,309","01:16:06,311"
DragonII,valka,I feared you wouldn't make it.,0984,neutral,4,"01:16:06,479","01:16:09,314"
DragonII,valka,But your father...,0985,neutral,4,"01:16:11,025","01:16:13,151"
DragonII,valka,He always said you would become the strongest of them all.,0987,neutral,4,"01:16:16,656","01:16:20,659"
DragonII,valka,You have the heart of a chief and a soul of a dragon.,0989,neutral,4,"01:16:24,664","01:16:29,542"
DragonII,valka,Only you can bring our worlds together.,0990,neutral,4,"01:16:29,710","01:16:33,380"
DragonII,valka,"Take him down, babe!",1068,neutral,4,"01:23:32,424","01:23:34,217"
DragonII,valka,No!,1083,sad,5,"01:24:59,344","01:25:03,431"
DragonII,valka,He's challenging the alpha!,1085,surprise,6,"01:25:43,847","01:25:45,223"
DragonII,valka,I'd be honored.,1113,happy,3,"01:29:42,377","01:29:43,586"
DragonII,valka,"I'm really glad you're here, Mom.",1116,happy,3,"01:29:51,553","01:29:53,429"
DragonII,AstridHofferson,Avoiding my dad.,0114,others,7,"00:10:35,135","00:10:36,385"
DragonII,AstridHofferson,"Son, we need to talk.",0121,happy,3,"00:10:50,025","00:10:51,942"
DragonII,AstridHofferson,"You're the pride of Berk, son, and I couldn't be prouder.",0128,happy,3,"00:11:10,628","00:11:13,839"
DragonII,AstridHofferson,"Aw, thanks, Dad.",0129,happy,3,"00:11:14,007","00:11:15,507"
DragonII,AstridHofferson,When have I ever done that with my hands?,0131,happy,3,"00:11:18,511","00:11:21,221"
DragonII,AstridHofferson,so this is what I'm dealing with.,0141,neutral,4,"00:11:55,006","00:11:57,299"
DragonII,AstridHofferson,"I didn't. By the time he turned around, I was gone.",0143,neutral,4,"00:11:58,635","00:12:02,304"
DragonII,AstridHofferson,It's a lot of responsibility.,0144,neutral,4,"00:12:04,307","00:12:06,308"
DragonII,AstridHofferson,The map will have to wait for sure...,0145,neutral,4,"00:12:06,476","00:12:09,895"
DragonII,AstridHofferson,"All those speeches and planning, and running the village, that's his thing.",0148,neutral,4,"00:12:18,696","00:12:23,367"
DragonII,AstridHofferson,"I mean, chief. What an honor.",0150,happy,3,"00:12:25,537","00:12:28,414"
DragonII,AstridHofferson,so what does that make me?,0158,neutral,4,"00:12:45,974","00:12:47,766"
DragonII,AstridHofferson,"What you're searching for isn't out there, Hiccup.",0159,neutral,4,"00:12:53,231","00:12:57,359"
DragonII,AstridHofferson,It's in here.,0160,neutral,4,"00:12:57,777","00:12:59,319"
DragonII,AstridHofferson,there is something out there.,0164,surprise,6,"00:13:07,203","00:13:09,663"
DragonII,AstridHofferson,in his dragon army.,0185,others,7,"00:14:57,063","00:14:58,188"
DragonII,AstridHofferson,and blasted our fort to bits!,0189,others,7,"00:15:06,614","00:15:08,740"
DragonII,AstridHofferson,Dragon trappers.,0265,neutral,4,"00:18:59,931","00:19:01,473"
DragonII,AstridHofferson,You should have seen their fort.,0266,neutral,4,"00:19:01,641","00:19:02,724"
DragonII,AstridHofferson,Because I'm going to change his mind about dragons.,0357,neutral,4,"00:23:21,525","00:23:24,402"
DragonII,AstridHofferson,What if they need our help?,0578,others,7,"00:41:16,558","00:41:18,851"
DragonII,AstridHofferson,"Wait, what? No, but Stoick said...",0580,others,7,"00:41:20,937","00:41:22,312"
DragonII,AstridHofferson,"If we don't turn up with dragons, and fast...",0586,happy,3,"00:41:36,953","00:41:39,997"
DragonII,AstridHofferson,What is this?,0589,happy,3,"00:41:46,713","00:41:47,713"
DragonII,AstridHofferson,Yay! Can he ride with me? Can he? Can he?,0591,neutral,4,"00:41:48,756","00:41:51,633"
DragonII,AstridHofferson,"Okay! Look, I got you here. Now get this thing off me.",0645,disgust,1,"00:47:25,760","00:47:29,054"
DragonII,AstridHofferson,Never take a toy from a dragon.,0646,disgust,1,"00:47:29,222","00:47:31,097"
DragonII,AstridHofferson,How many?,0672,others,7,"00:50:02,792","00:50:03,792"
DragonII,AstridHofferson,and they have tracking dragons.,0680,angry,0,"00:50:20,059","00:50:22,018"
DragonII,AstridHofferson,Really. Trust me.,0683,angry,0,"00:50:26,732","00:50:28,650"
DragonII,AstridHofferson,"He's only the son of Stoick the Vast, his heir to the throne of Berk...",0684,angry,0,"00:50:28,818","00:50:32,904"
DragonII,AstridHofferson,No. Sorry.,0688,angry,0,"00:50:42,331","00:50:44,165"
DragonII,AstridHofferson,"And unless you let us go, right now...",0689,angry,0,"00:50:44,834","00:50:47,627"
DragonII,AstridHofferson,he will blast through here on his Night Fury...,0690,angry,0,"00:50:48,212","00:50:50,052"
DragonII,AstridHofferson,Stormfly!,0706,fear,2,"00:51:39,847","00:51:41,014"
DragonII,AstridHofferson,"Please, ladies first.",0752,angry,0,"00:54:55,334","00:54:57,085"
DragonII,AstridHofferson,What?,0843,happy,3,"01:02:14,481","01:02:15,481"
DragonII,AstridHofferson,"Thanks, I think.",0859,happy,3,"01:03:34,394","01:03:36,061"
DragonII,AstridHofferson,"You know, catching up with Mom.",0861,surprise,6,"01:03:37,731","01:03:40,649"
DragonII,AstridHofferson,And here I'll stay.,1117,happy,3,"01:29:53,597","01:29:55,639"
DragonII,Drago,What are you doing?,0664,angry,0,"00:49:41,103","00:49:42,437"
DragonII,Drago,"Turns out, there is a whole bunch of them out there.",0671,angry,0,"00:49:57,787","00:50:00,163"
DragonII,Drago,and the greatest dragon master this world has ever seen!,0685,angry,0,"00:50:33,072","00:50:36,574"
DragonII,Drago,Dragon master?,0686,angry,0,"00:50:36,742","00:50:38,618"
DragonII,Drago,Real tiny ones.,0695,angry,0,"00:51:01,392","00:51:02,934"
DragonII,Drago,"First, there was one rider, and now, all of Berk.",0696,angry,0,"00:51:03,102","00:51:07,605"
DragonII,Drago,Stop all preparations!,0699,angry,0,"00:51:13,237","00:51:15,780"
DragonII,Drago,We must attack the dragon riders' nest at once!,0700,others,7,"00:51:15,948","00:51:20,034"
DragonII,Drago,We will take down their alpha!,0701,others,7,"00:51:20,202","00:51:23,830"
DragonII,Drago,"Aye. You got it! Come on, son.",0837,neutral,4,"01:01:13,128","01:01:15,504"
DragonII,Drago,We need to draw the alpha out.,0839,angry,0,"01:01:42,115","01:01:44,617"
DragonII,Drago,Yeah!,0842,surprise,6,"01:02:12,854","01:02:14,313"
DragonII,Drago,Yeah!,0848,angry,0,"01:02:35,335","01:02:36,335"
DragonII,Drago,Heads up!,0856,neutral,4,"01:03:20,922","01:03:22,548"
DragonII,Drago,Now you know where I get my dramatic flair.,0863,others,7,"01:03:54,080","01:03:56,790"
DragonII,Drago,That a boy!,0867,others,7,"01:04:27,614","01:04:28,614"
DragonII,Drago,They are controlled by the alpha!,0870,neutral,4,"01:04:46,716","01:04:48,300"
DragonII,Drago,No!,0886,neutral,4,"01:06:53,259","01:06:58,180"
DragonII,Drago,We have won.,0887,neutral,4,"01:07:19,452","01:07:20,703"
DragonII,Drago,Stop!,0894,happy,3,"01:07:59,659","01:08:04,163"
DragonII,Drago,The son of Stoick the Vast?,0896,others,7,"01:08:14,424","01:08:17,092"
DragonII,Drago,that can bring people together.,0902,others,7,"01:08:34,277","01:08:36,111"
DragonII,Drago,Or tear them apart.,0903,others,7,"01:08:38,072","01:08:40,365"
DragonII,Drago,You see...,0904,others,7,"01:08:42,869","01:08:43,869"
DragonII,Drago,I know what it is to live in fear.,0905,angry,0,"01:08:43,953","01:08:47,915"
DragonII,Drago,To see my village burned...,0906,angry,0,"01:08:48,082","01:08:50,751"
DragonII,Drago,my family taken.,0907,angry,0,"01:08:50,919","01:08:53,295"
DragonII,Drago,I vowed to rise above the fear of dragons...,0910,neutral,4,"01:08:59,385","01:09:03,722"
DragonII,Drago,Then why a dragon army?,0912,neutral,4,"01:09:08,436","01:09:10,562"
DragonII,Drago,and to get rid of those who won't.,0916,neutral,4,"01:09:22,158","01:09:23,909"
DragonII,Drago,Just let me show you.,0920,others,7,"01:09:34,921","01:09:36,505"
DragonII,Drago,No!,0921,others,7,"01:09:37,006","01:09:38,507"
DragonII,Drago,"Okay, change of plan!",0926,neutral,4,"01:10:00,989","01:10:03,115"
DragonII,Drago,No dragon can resist the alpha's command.,0927,neutral,4,"01:10:05,201","01:10:08,662"
DragonII,Drago,"So, he who controls the alpha...",0928,neutral,4,"01:10:08,830","01:10:12,833"
DragonII,Drago,Witness true strength.,0932,neutral,4,"01:10:28,808","01:10:30,642"
DragonII,Drago,In the face of it...,0934,others,7,"01:10:41,195","01:10:42,321"
DragonII,Drago,Come on!,0963,neutral,4,"01:13:38,498","01:13:39,498"
DragonII,Drago,Where are you going?,1017,neutral,4,"01:19:07,493","01:19:09,160"
DragonII,Drago,I'm okay!,1034,neutral,4,"01:21:03,067","01:21:04,526"
DragonII,Drago,Come back to me.,1041,others,7,"01:21:26,048","01:21:27,549"
DragonII,Drago,He's not yours anymore.,1042,others,7,"01:21:29,426","01:21:32,095"
DragonII,Drago,He belongs to the alpha.,1043,neutral,4,"01:21:32,263","01:21:34,097"
DragonII,Drago,"But, please, great dragon master...",1044,neutral,4,"01:21:34,265","01:21:37,725"
DragonII,Drago,You would never hurt me.,1050,others,7,"01:22:06,088","01:22:08,631"
DragonII,Drago,Go get them!,1069,angry,0,"01:23:37,888","01:23:39,013"
DragonII,Drago,"Shut it out, Toothless.",1071,angry,0,"01:23:45,354","01:23:46,521"
DragonII,Drago,It's all over now.,1080,happy,3,"01:24:41,076","01:24:42,952"
DragonII,Drago,Never!,1094,others,7,"01:26:43,282","01:26:44,448"
DragonII,Eret,Is that what I think it is?,0175,neutral,4,"00:14:32,539","00:14:33,705"
DragonII,Eret,Back again?,0179,happy,3,"00:14:41,589","00:14:42,673"
DragonII,Eret,That is a Night Fury.,0181,happy,3,"00:14:46,553","00:14:49,096"
DragonII,Eret,"It looks like our luck's had a turn for the better, lads.",0183,neutral,4,"00:14:51,766","00:14:54,142"
DragonII,Eret,"Look, we don't want any trouble.",0187,neutral,4,"00:14:59,983","00:15:01,650"
DragonII,Eret,You think we did this?,0191,neutral,4,"00:15:12,245","00:15:13,954"
DragonII,Eret,There are other dragon riders?,0195,angry,0,"00:15:24,424","00:15:26,592"
DragonII,Eret,You mean other than your thieving friend from last night? You tell me.,0196,angry,0,"00:15:26,926","00:15:29,761"
DragonII,Eret,"strange, hostile person whom we've never met.",0210,others,7,"00:16:10,303","00:16:12,929"
DragonII,Eret,Where are my manners?,0211,others,7,"00:16:13,097","00:16:14,973"
DragonII,Eret,I'm Eret...,0212,others,7,"00:16:15,600","00:16:16,600"
DragonII,Eret,son of Eret.,0213,others,7,"00:16:16,934","00:16:18,560"
DragonII,Eret,After all...,0215,others,7,"00:16:22,607","00:16:23,607"
DragonII,Eret,And this is Toothless. He says we're going. Now.,0217,others,7,"00:16:27,904","00:16:31,740"
DragonII,Eret,Go! Go!,0221,angry,0,"00:16:44,295","00:16:45,295"
DragonII,Eret,You will never hold on to those dragons...,0222,fear,2,"00:16:49,676","00:16:52,094"
DragonII,Eret,you hear me?,0223,fear,2,"00:16:52,261","00:16:53,512"
DragonII,Eret,"Keep your eyes peeled, lads!",0319,neutral,4,"00:21:30,790","00:21:32,916"
DragonII,Eret,"With this wind, we'll reach Drago by daybreak...",0320,neutral,4,"00:21:33,084","00:21:35,794"
DragonII,Eret,Eret? Not if we want to keep our...,0323,happy,3,"00:21:41,384","00:21:44,010"
DragonII,Eret,"Net them, lads! Take them down!",0325,angry,0,"00:21:48,599","00:21:50,809"
DragonII,Eret,And here I was...,0330,happy,3,"00:22:05,199","00:22:06,199"
DragonII,Eret,"Right, bud?",0353,angry,0,"00:23:12,058","00:23:12,724"
DragonII,Eret,Give me that!,0354,angry,0,"00:23:12,892","00:23:14,142"
DragonII,Eret,there is nothing a dragon won't do for you.,0360,happy,3,"00:23:31,619","00:23:34,120"
DragonII,Eret,"I am Eret, son of Eret.",0381,others,7,"00:24:48,320","00:24:50,822"
DragonII,Eret,You're gonna show us the way to Drago.,0592,others,7,"00:41:53,011","00:41:54,845"
DragonII,Eret,All right!,0597,fear,2,"00:42:10,069","00:42:11,069"
DragonII,Eret,Drago!,0654,disgust,1,"00:48:37,790","00:48:39,374"
DragonII,Eret,But you were so perfect!,0670,others,7,"00:49:55,826","00:49:57,619"
DragonII,Eret,A whole island full!,0675,fear,2,"00:50:07,922","00:50:09,381"
DragonII,Eret,I wouldn't worry about it.,0676,fear,2,"00:50:09,757","00:50:11,383"
DragonII,Eret,My men are hunting them down as we speak.,0677,fear,2,"00:50:11,550","00:50:14,678"
DragonII,Eret,Hiccup? He's not a problem.,0682,fear,2,"00:50:24,772","00:50:26,564"
DragonII,Eret,Looks refreshing.,0751,others,7,"00:54:53,457","00:54:54,874"
DragonII,Eret,You are a steaming heap of dragon...,0753,angry,0,"00:54:58,295","00:55:01,172"
DragonII,Eret,Pathetic. You can still jump.,0759,neutral,4,"00:55:21,276","00:55:23,653"
DragonII,Eret,Meatlug?,0762,neutral,4,"00:55:40,504","00:55:41,504"
DragonII,Eret,Keep cranking.,0765,others,7,"00:55:47,469","00:55:49,345"
DragonII,Eret,Thank you for saving my life.,0766,others,7,"00:56:06,071","00:56:09,032"
DragonII,Eret,That was some pretty fine dragon wrangling back there.,1109,happy,3,"01:29:25,277","01:29:28,612"
DragonII,Eret,"You know, Skullcrusher's gonna need somebody to look after him now.",1111,happy,3,"01:29:32,034","01:29:36,370"
DragonII,Eret,Me?,1112,happy,3,"01:29:37,205","01:29:38,205"
DragonII,Gobber,nowhere to be found.,0024,neutral,4,"00:02:45,165","00:02:46,749"
DragonII,Gobber,"It's time, Gobber.",0038,neutral,4,"00:03:28,166","00:03:29,542"
DragonII,Gobber,Let's go! Let's go! Let's go!,0044,happy,3,"00:03:47,477","00:03:49,437"
DragonII,Gobber,This is your big moment.,0045,happy,3,"00:03:50,397","00:03:51,856"
DragonII,Gobber,"Sorry, Mrs. Ack.",0228,neutral,4,"00:17:16,411","00:17:17,911"
DragonII,Gobber,Any sign of him?,0229,neutral,4,"00:17:18,079","00:17:19,079"
DragonII,Gobber,He's probably flown off the edge of the world by now.,0230,neutral,4,"00:17:19,580","00:17:22,624"
DragonII,Gobber,Are you sure you want that kid running the village?,0231,neutral,4,"00:17:22,792","00:17:24,960"
DragonII,Gobber,The pride of Berk!,0235,neutral,4,"00:17:33,845","00:17:36,430"
DragonII,Gobber,These folks weren't particularly friendly.,0260,others,7,"00:18:43,956","00:18:46,917"
DragonII,Gobber,"And worst of all, they thought we did it!",0269,others,7,"00:19:09,440","00:19:11,483"
DragonII,Gobber,You two are gonna get yourselves in serious trouble one of these days.,0270,neutral,4,"00:19:11,651","00:19:15,862"
DragonII,Gobber,What are you guys doing here?,0376,neutral,4,"00:24:35,099","00:24:36,933"
DragonII,Gobber,When I think of how stubborn and senseless you were back in the day...,0456,neutral,4,"00:32:45,881","00:32:49,884"
DragonII,Gobber,You just have to handle it delicately.,0725,neutral,4,"00:52:44,578","00:52:46,579"
DragonII,Gobber,"to find another answer, but did any of you listen?",0738,neutral,4,"00:53:38,883","00:53:41,384"
DragonII,Gobber,This is why I never married.,0739,neutral,4,"00:53:41,552","00:53:43,386"
DragonII,Gobber,I didn't marry you for your cooking. I hope not.,0777,neutral,4,"00:56:53,077","00:56:55,703"
DragonII,Gobber,Her meatballs could kill more beasts than a battle-axe.,0778,happy,3,"00:56:55,871","00:56:59,457"
DragonII,Gobber,Gotcha.,0784,neutral,4,"00:57:14,139","00:57:15,306"
DragonII,Gobber,"Come on, Gobber!",0925,neutral,4,"01:09:59,028","01:10:00,153"
DragonII,Gobber,A father.,0975,sad,5,"01:14:39,142","01:14:40,725"
DragonII,Gobber,Stormfly!,1102,happy,3,"01:29:03,505","01:29:04,547"
DragonII,Gobber,"Come here, you.",1121,happy,3,"01:30:05,650","01:30:07,151"
DragonII,Hiccup,"Looks like we found another one, bud.",0087,neutral,4,"00:08:28,967","00:08:31,343"
DragonII,Hiccup,"What, do you want an apology?",0088,neutral,4,"00:08:35,682","00:08:38,475"
DragonII,Hiccup,"Is that why you're pouting, big baby boo?",0089,neutral,4,"00:08:38,643","00:08:41,687"
DragonII,Hiccup,You know that doesn't wash out.,0099,neutral,4,"00:09:19,392","00:09:21,560"
DragonII,Hiccup,"So, what should we name it?",0100,neutral,4,"00:09:46,378","00:09:48,337"
DragonII,Hiccup,Itchy Armpit it is.,0101,neutral,4,"00:09:49,214","00:09:51,173"
DragonII,Hiccup,"What do you reckon, bud?",0102,neutral,4,"00:09:52,592","00:09:53,884"
DragonII,Hiccup,Who knows? Maybe we'll finally track down another Night Fury.,0105,neutral,4,"00:10:01,059","00:10:05,896"
DragonII,Hiccup,Wouldn't that be something?,0106,neutral,4,"00:10:07,399","00:10:09,191"
DragonII,Hiccup,"So, what do you say? Just keep going?",0107,neutral,4,"00:10:10,235","00:10:12,820"
DragonII,Hiccup,where have you been?,0113,neutral,4,"00:10:33,883","00:10:34,967"
DragonII,Hiccup,"Oh, no. What happened now?",0115,happy,3,"00:10:36,553","00:10:38,220"
DragonII,Hiccup,You're gonna love this.,0116,neutral,4,"00:10:38,430","00:10:40,472"
DragonII,Hiccup,I wake up. The sun is shining.,0117,neutral,4,"00:10:40,640","00:10:42,808"
DragonII,Hiccup,Terrible Terrors are singing on the rooftop.,0118,neutral,4,"00:10:42,976","00:10:45,644"
DragonII,Hiccup,I saunter down to breakfast...,0119,neutral,4,"00:10:45,812","00:10:47,104"
DragonII,Hiccup,"Not now, Dad. I got a whole day of goofing off to get started.",0122,neutral,4,"00:10:52,193","00:10:56,363"
DragonII,Hiccup,"Okay, first of all, I don't sound like that.",0123,neutral,4,"00:10:56,531","00:10:59,241"
DragonII,Hiccup,Who is this character?,0124,neutral,4,"00:10:59,409","00:11:00,826"
DragonII,Hiccup,"And second, what is that thing you're doing with my shoulders?",0125,neutral,4,"00:11:00,994","00:11:04,913"
DragonII,Hiccup,"Yeah, that's a truly flattering impersonation.",0126,neutral,4,"00:11:05,081","00:11:08,167"
DragonII,Hiccup,"Anyway, he goes...",0127,neutral,4,"00:11:08,335","00:11:10,044"
DragonII,Hiccup,"I'm pretty impressed with myself, too.",0130,happy,3,"00:11:15,675","00:11:18,260"
DragonII,Hiccup,You just did.,0132,happy,3,"00:11:21,389","00:11:22,931"
DragonII,Hiccup,Okay. Just hold still.,0133,happy,3,"00:11:23,516","00:11:26,727"
DragonII,Hiccup,This is very serious.,0134,neutral,4,"00:11:27,604","00:11:29,355"
DragonII,Hiccup,You're all grown up...,0135,neutral,4,"00:11:32,108","00:11:33,400"
DragonII,Hiccup,What did you tell him?,0142,neutral,4,"00:11:57,467","00:11:58,467"
DragonII,Hiccup,"and I'll need to fly Toothless, since you'll be too busy, but...",0146,neutral,4,"00:12:10,063","00:12:12,898"
DragonII,Hiccup,"It's not me, Astrid.",0147,neutral,4,"00:12:16,653","00:12:18,529"
DragonII,Hiccup,I'd be pretty excited.,0151,neutral,4,"00:12:28,581","00:12:30,457"
DragonII,Hiccup,I'm not like you.,0152,others,7,"00:12:31,418","00:12:33,043"
DragonII,Hiccup,You know exactly who you are.,0153,others,7,"00:12:33,211","00:12:35,170"
DragonII,Hiccup,You always have.,0154,others,7,"00:12:35,338","00:12:37,131"
DragonII,Hiccup,But I'm still looking.,0155,others,7,"00:12:38,216","00:12:39,842"
DragonII,Hiccup,I know that I'm not my father...,0156,others,7,"00:12:40,009","00:12:42,344"
DragonII,Hiccup,and I never met my mother...,0157,others,7,"00:12:42,512","00:12:45,139"
DragonII,Hiccup,Maybe you just don't see it yet.,0161,neutral,4,"00:13:00,405","00:13:02,489"
DragonII,Hiccup,Maybe.,0162,neutral,4,"00:13:03,741","00:13:04,992"
DragonII,Hiccup,But you know...,0163,neutral,4,"00:13:05,326","00:13:07,035"
DragonII,Hiccup,Stay close.,0166,others,7,"00:13:46,409","00:13:47,534"
DragonII,Hiccup,Dragon army?,0186,neutral,4,"00:14:58,356","00:14:59,815"
DragonII,Hiccup,What are you talking about?,0190,neutral,4,"00:15:10,743","00:15:12,077"
DragonII,Hiccup,sneaking in to rescue them.,0193,neutral,4,"00:15:20,086","00:15:21,712"
DragonII,Hiccup,What do-gooder?,0194,others,7,"00:15:21,879","00:15:23,589"
DragonII,Hiccup,How do you suppose we explain this mess to Drago Bludvist?,0199,others,7,"00:15:35,768","00:15:38,895"
DragonII,Hiccup,Just give us back our dragon and we'll go...,0209,neutral,4,"00:16:07,342","00:16:10,135"
DragonII,Hiccup,Sorry. Got held up.,0237,neutral,4,"00:17:39,767","00:17:41,393"
DragonII,Hiccup,"Dad, could I have a word?",0238,neutral,4,"00:17:41,561","00:17:42,769"
DragonII,Hiccup,Something you're itching to tell me?,0239,neutral,4,"00:17:42,937","00:17:44,980"
DragonII,Hiccup,"Absolutely. You got it, sir.",0249,neutral,4,"00:18:08,379","00:18:10,297"
DragonII,Hiccup,There you go. Go on. Have away.,0256,others,7,"00:18:32,862","00:18:35,238"
DragonII,Hiccup,Really? Your Night Fury and Deadly Nadder didn't bring them cheering to the rooftops?,0261,neutral,4,"00:18:47,794","00:18:51,838"
DragonII,Hiccup,"No, this was different.",0262,neutral,4,"00:18:52,006","00:18:53,507"
DragonII,Hiccup,Not the standard run-for-the-hills hoo-ha I've come to enjoy.,0263,neutral,4,"00:18:53,674","00:18:56,802"
DragonII,Hiccup,These guys were trappers.,0264,neutral,4,"00:18:56,969","00:18:59,471"
DragonII,Hiccup,All blown apart and stuck in giant spikes of ice. Lt was weird!,0267,neutral,4,"00:19:02,892","00:19:07,187"
DragonII,Hiccup,I've never seen anything like it.,0268,neutral,4,"00:19:07,355","00:19:09,272"
DragonII,Hiccup,Once we make the big announcement!,0275,others,7,"00:19:27,166","00:19:29,751"
DragonII,Hiccup,Or at least the guy they work for is.,0277,neutral,4,"00:19:34,549","00:19:37,467"
DragonII,Hiccup,Bludvist? Drago Bludvist?,0284,neutral,4,"00:19:52,650","00:19:55,402"
DragonII,Hiccup,Yeah. Wait.,0285,neutral,4,"00:19:55,570","00:19:57,237"
DragonII,Hiccup,Get them into their pens! Quickly!,0299,neutral,4,"00:20:31,188","00:20:32,856"
DragonII,Hiccup,"Then, let's ride back out there.",0300,neutral,4,"00:20:33,024","00:20:34,858"
DragonII,Hiccup,War?,0305,others,7,"00:20:45,745","00:20:46,786"
DragonII,Hiccup,"Dad, if Drago is coming for our dragons...",0306,others,7,"00:20:46,954","00:20:49,456"
DragonII,Hiccup,we can't wait around for him to get here.,0307,others,7,"00:20:49,624","00:20:52,000"
DragonII,Hiccup,Hiccup!,0316,neutral,4,"00:21:12,730","00:21:14,272"
DragonII,Hiccup,worried we might turn up empty-handed.,0331,neutral,4,"00:22:06,367","00:22:08,535"
DragonII,Hiccup,Nope. It's your lucky day. We give up.,0332,neutral,4,"00:22:08,703","00:22:12,247"
DragonII,Hiccup,"That's one Night Fury, one Deadly Nadder...",0333,neutral,4,"00:22:13,874","00:22:17,752"
DragonII,Hiccup,"That ought to make the boss happy, right?",0335,neutral,4,"00:22:21,215","00:22:23,383"
DragonII,Hiccup,Unless you do that.,0341,neutral,4,"00:22:37,314","00:22:39,024"
DragonII,Hiccup,Not good.,0343,neutral,4,"00:22:43,362","00:22:44,738"
DragonII,Hiccup,How is this a plan?,0345,neutral,4,"00:22:50,286","00:22:51,870"
DragonII,Hiccup,One end coats the blade in Monstrous Nightmare saliva.,0347,neutral,4,"00:22:54,874","00:22:58,084"
DragonII,Hiccup,He can be really persuasive.,0358,neutral,4,"00:23:27,990","00:23:29,949"
DragonII,Hiccup,Once you've earned his loyalty...,0359,neutral,4,"00:23:30,117","00:23:31,451"
DragonII,Hiccup,You won't be changing any minds around here.,0361,neutral,4,"00:23:35,122","00:23:37,290"
DragonII,Hiccup,I can change yours.,0362,neutral,4,"00:23:37,458","00:23:38,833"
DragonII,Hiccup,We're here to rescue you!,0377,neutral,4,"00:24:37,101","00:24:39,144"
DragonII,Hiccup,Of all the irresponsible...,0387,others,7,"00:25:06,130","00:25:07,839"
DragonII,Hiccup,I'm trying to protect our dragons and stop a war!,0388,others,7,"00:25:08,007","00:25:10,800"
DragonII,Hiccup,I'm still going to try.,0413,neutral,4,"00:26:39,181","00:26:40,682"
DragonII,Hiccup,This is what I'm good at.,0414,neutral,4,"00:26:43,269","00:26:44,769"
DragonII,Hiccup,And if I could change your mind...,0415,neutral,4,"00:26:44,937","00:26:47,605"
DragonII,Hiccup,Okay!,0423,neutral,4,"00:27:05,791","00:27:07,083"
DragonII,Hiccup,"Don't worry, bud.",0424,neutral,4,"00:27:27,938","00:27:29,355"
DragonII,Hiccup,I'm not gonna let anything happen to you.,0425,neutral,4,"00:27:29,732","00:27:32,191"
DragonII,Hiccup,I promise.,0426,disgust,1,"00:27:32,860","00:27:34,569"
DragonII,Hiccup,"Come on, Dad!",0427,surprise,6,"00:27:42,286","00:27:43,828"
DragonII,Hiccup,Really?,0428,neutral,4,"00:27:43,996","00:27:45,288"
DragonII,Hiccup,Okay.,0429,neutral,4,"00:27:53,672","00:27:55,131"
DragonII,Hiccup,No sudden moves.,0430,fear,2,"00:27:55,841","00:27:57,633"
DragonII,Hiccup,Hey! You left my dragon back there!,0433,others,7,"00:29:25,889","00:29:29,100"
DragonII,Hiccup,He can't fly on his own! He will drown!,0434,fear,2,"00:29:29,268","00:29:31,602"
DragonII,Hiccup,Hey!,0435,others,7,"00:29:53,625","00:29:54,625"
DragonII,Hiccup,We have to head back for my dragon!,0436,fear,2,"00:29:55,794","00:29:57,795"
DragonII,Hiccup,How is this possible?,0447,others,7,"00:32:07,926","00:32:09,635"
DragonII,Hiccup,You're not upset?,0479,neutral,4,"00:35:02,768","00:35:04,268"
DragonII,Hiccup,What? No. I don't know.,0480,neutral,4,"00:35:04,436","00:35:06,687"
DragonII,Hiccup,"It's a bit much to get my head around, to be frank.",0481,neutral,4,"00:35:06,855","00:35:09,023"
DragonII,Hiccup,It's not every day you find out...,0482,neutral,4,"00:35:09,191","00:35:10,733"
DragonII,Hiccup,"At least I'm not boring, right?",0484,neutral,4,"00:35:19,785","00:35:23,370"
DragonII,Hiccup,Do you like it?,0486,neutral,4,"00:35:28,376","00:35:30,419"
DragonII,Hiccup,"Did Drago or his trappers do this, too?",0503,neutral,4,"00:36:40,490","00:36:43,033"
DragonII,Hiccup,Yeah...,0504,neutral,4,"00:36:44,452","00:36:45,578"
DragonII,Hiccup,The crazy thing is...,0505,neutral,4,"00:36:47,122","00:36:49,248"
DragonII,Hiccup,"Hey, it's okay, though.",0507,neutral,4,"00:36:54,254","00:36:56,130"
DragonII,Hiccup,He got me back!,0508,neutral,4,"00:36:56,298","00:36:57,423"
DragonII,Hiccup,"Right, bud?",0509,neutral,4,"00:36:57,591","00:36:58,841"
DragonII,Hiccup,"You couldn't save all of me, could you?",0510,neutral,4,"00:36:59,009","00:37:00,718"
DragonII,Hiccup,He didn't take it all that well.,0514,neutral,4,"00:37:14,441","00:37:16,650"
DragonII,Hiccup,They all did.,0516,neutral,4,"00:37:20,614","00:37:22,531"
DragonII,Hiccup,all because I couldn't kill a dragon.,0545,neutral,4,"00:39:11,766","00:39:14,685"
DragonII,Hiccup,but I believed you would be safer if I did.,0548,neutral,4,"00:39:20,650","00:39:23,527"
DragonII,Hiccup,A safe haven for dragons everywhere.,0558,neutral,4,"00:39:56,770","00:39:59,605"
DragonII,Hiccup,"Wait, that's the ice-spitter?",0559,neutral,4,"00:40:00,482","00:40:02,608"
DragonII,Hiccup,"Then, from Dragon Island...",0602,neutral,4,"00:43:01,454","00:43:03,038"
DragonII,Hiccup,I don't even feel the cold. I just feel...,0606,happy,3,"00:44:07,312","00:44:10,564"
DragonII,Hiccup,"This is what it is to be a dragon, Hiccup.",0608,happy,3,"00:44:15,695","00:44:20,574"
DragonII,Hiccup,Like...,0622,surprise,6,"00:45:49,956","00:45:51,039"
DragonII,Hiccup,Now you can make those tight turns.,0624,happy,3,"00:45:57,255","00:45:59,798"
DragonII,Hiccup,"We will make it a better, safer place.",0635,happy,3,"00:46:36,752","00:46:39,504"
DragonII,Hiccup,Yeah.,0636,happy,3,"00:46:39,672","00:46:41,298"
DragonII,Hiccup,That sounds amazing.,0637,happy,3,"00:46:41,466","00:46:43,550"
DragonII,Hiccup,This is so great!,0638,happy,3,"00:46:55,855","00:46:57,689"
DragonII,Hiccup,No!,0707,neutral,4,"00:51:45,603","00:51:46,603"
DragonII,Hiccup,"Well, bud, we can't wait around for Drago to attack this place.",0708,neutral,4,"00:51:58,741","00:52:03,620"
DragonII,Hiccup,Easy now.,0711,surprise,6,"00:52:16,050","00:52:17,550"
DragonII,Hiccup,"Mom, you'd never even recognize it.",0768,neutral,4,"00:56:16,165","00:56:19,000"
DragonII,Hiccup,"Where we used to make weapons, we now build saddles, wing-slings.",0769,happy,3,"00:56:19,168","00:56:22,462"
DragonII,Hiccup,We even fix dragon teeth!,0770,neutral,4,"00:56:22,629","00:56:24,797"
DragonII,Hiccup,I've still got a few knocking around in here.,0779,happy,3,"00:56:59,625","00:57:02,293"
DragonII,Hiccup,"And once you move back in, with all your dragons...",0780,happy,3,"00:57:02,461","00:57:05,004"
DragonII,Hiccup,Drago won't even stand a chance.,0781,happy,3,"00:57:05,172","00:57:07,298"
DragonII,Hiccup,Where have you been?,0860,neutral,4,"01:03:36,229","01:03:37,563"
DragonII,Hiccup,That's your mother?,0862,happy,3,"01:03:52,412","01:03:53,913"
DragonII,Hiccup,What shame he must feel.,0897,angry,0,"01:08:18,887","01:08:21,764"
DragonII,Hiccup,"All of this loss, and for what?",0898,angry,0,"01:08:23,016","01:08:26,393"
DragonII,Hiccup,To rule the world?,0900,neutral,4,"01:08:28,438","01:08:30,355"
DragonII,Hiccup,"Dragons are kind, amazing creatures...",0901,neutral,4,"01:08:30,565","01:08:34,109"
DragonII,Hiccup,and liberate the people of this world.,0911,neutral,4,"01:09:05,600","01:09:08,268"
DragonII,Hiccup,You need dragons to conquer other dragons.,0913,neutral,4,"01:09:10,730","01:09:15,067"
DragonII,Hiccup,Or maybe you need dragons to conquer people.,0914,disgust,1,"01:09:15,235","01:09:18,779"
DragonII,Hiccup,To control those who follow you...,0915,disgust,1,"01:09:18,947","01:09:21,740"
DragonII,Hiccup,Clever boy.,0917,neutral,4,"01:09:26,913","01:09:28,622"
DragonII,Hiccup,The world wants peace.,0918,neutral,4,"01:09:28,790","01:09:31,416"
DragonII,Hiccup,And we have the answer back on Berk.,0919,neutral,4,"01:09:31,584","01:09:34,753"
DragonII,Hiccup,you are nothing.,0935,neutral,4,"01:10:43,156","01:10:45,741"
DragonII,Hiccup,"No, you...",0952,fear,2,"01:12:03,903","01:12:05,904"
DragonII,Hiccup,No! Get away from him!,0955,others,7,"01:12:53,202","01:12:54,453"
DragonII,Hiccup,Gather the men and meet me at Berk!,0964,others,7,"01:13:41,000","01:13:43,085"
DragonII,Hiccup,A friend.,0976,sad,5,"01:14:41,894","01:14:43,395"
DragonII,Hiccup,I'm not the chief that you wanted me to be.,0978,sad,5,"01:15:32,612","01:15:36,323"
DragonII,Hiccup,And I'm not the peacekeeper I thought I was.,0979,sad,5,"01:15:36,490","01:15:40,285"
DragonII,Hiccup,I was so afraid of becoming my dad.,0992,neutral,4,"01:16:54,360","01:16:57,904"
DragonII,Hiccup,Mostly because I thought I never could.,0993,neutral,4,"01:16:59,448","01:17:02,409"
DragonII,Hiccup,How do you become someone that great?,0994,neutral,4,"01:17:02,576","01:17:06,288"
DragonII,Hiccup,That brave? That selfless?,0995,neutral,4,"01:17:06,455","01:17:10,750"
DragonII,Hiccup,I guess you can only try.,0996,neutral,4,"01:17:13,921","01:17:17,257"
DragonII,Hiccup,A chief protects his own.,0997,neutral,4,"01:17:24,056","01:17:27,058"
DragonII,Hiccup,He took all the dragons.,1000,happy,3,"01:17:35,151","01:17:37,110"
DragonII,Hiccup,"But won't that Bewilderbeast just take control of these guys, too?",1005,neutral,4,"01:17:58,924","01:18:02,802"
DragonII,Hiccup,He took all the dragons!,1022,neutral,4,"01:19:51,078","01:19:52,954"
DragonII,Hiccup,He will not miss a second time.,1046,others,7,"01:21:40,396","01:21:43,815"
DragonII,Hiccup,"It wasn't your fault, bud.",1047,others,7,"01:21:44,233","01:21:45,984"
DragonII,Hiccup,My best friend.,1053,happy,3,"01:22:21,437","01:22:23,271"
DragonII,Hiccup,Hang on!,1057,happy,3,"01:22:39,997","01:22:41,205"
DragonII,Hiccup,Do something!,1059,neutral,4,"01:22:57,640","01:22:59,140"
DragonII,Hiccup,We need to get those two apart.,1060,neutral,4,"01:22:59,308","01:23:01,184"
DragonII,Hiccup,"We have to block him out, Toothless.",1061,neutral,4,"01:23:12,071","01:23:14,238"
DragonII,Hiccup,"Do you trust me, bud?",1062,neutral,4,"01:23:14,406","01:23:16,407"
DragonII,Hiccup,Now!,1073,others,7,"01:23:47,564","01:23:48,564"
DragonII,Hiccup,Hiccup!,1084,happy,3,"01:25:11,607","01:25:12,857"
DragonII,Hiccup,Now do you get it?,1091,neutral,4,"01:26:34,106","01:26:35,439"
DragonII,Hiccup,This is what it is to earn a dragon's loyalty.,1092,neutral,4,"01:26:35,607","01:26:38,943"
DragonII,Hiccup,Never!,1094,angry,0,"01:26:43,282","01:26:44,448"
DragonII,Hiccup,The alpha protects them all.,1097,happy,3,"01:27:43,508","01:27:46,010"
DragonII,Hiccup,"You never cease to amaze me, bud.",1098,happy,3,"01:28:45,737","01:28:48,364"
DragonII,Hiccup,You'd make a good trapper.,1110,neutral,4,"01:29:28,780","01:29:30,448"
DragonII,Hiccup,Your father would be every bit as proud as I am.,1114,happy,3,"01:29:45,797","01:29:49,759"
DragonII,Hiccup,Thank you.,1115,happy,3,"01:29:49,926","01:29:51,385"
DragonII,Stoick,And Hiccup is...,0023,neutral,4,"00:02:42,412","00:02:43,871"
DragonII,Stoick,even top-of-the-line fire prevention if I do say so myself.,0037,neutral,4,"00:03:23,078","00:03:26,831"
DragonII,Stoick,Astrid!,0063,happy,3,"00:04:37,194","00:04:38,194"
DragonII,Stoick,Well played!,0064,happy,3,"00:04:38,278","00:04:39,654"
DragonII,Stoick,Stormfly!,0067,happy,3,"00:04:48,580","00:04:49,580"
DragonII,Stoick,"Not quite the itch you're thinking of, but yes.",0240,neutral,4,"00:17:45,148","00:17:47,733"
DragonII,Stoick,"Dad, this is actually a little more important than building saddles.",0250,neutral,4,"00:18:10,465","00:18:13,258"
DragonII,Stoick,"Aye, Gobber's right, son.",0272,neutral,4,"00:19:19,158","00:19:20,492"
DragonII,Stoick,"Besides, you'll have more important uses for your time.",0274,happy,3,"00:19:22,078","00:19:25,080"
DragonII,Stoick,Yeah.,0283,neutral,4,"00:19:50,857","00:19:51,898"
DragonII,Stoick,You know him?,0286,others,7,"00:19:57,738","00:19:58,905"
DragonII,Stoick,in some faraway land?,0295,others,7,"00:20:20,177","00:20:21,636"
DragonII,Stoick,without conscience or mercy.,0297,others,7,"00:20:24,140","00:20:26,308"
DragonII,Stoick,"And if he's built a dragon army, gods help us all.",0298,others,7,"00:20:26,475","00:20:31,021"
DragonII,Stoick,We'll follow those trappers to Drago and talk some sense into him.,0301,others,7,"00:20:35,026","00:20:38,361"
DragonII,Stoick,It's our duty to keep the peace!,0303,others,7,"00:20:40,489","00:20:42,032"
DragonII,Stoick,"No, some minds won't be changed, Hiccup.",0309,others,7,"00:20:55,379","00:20:57,422"
DragonII,Stoick,Berk is what you need to worry about.,0310,others,7,"00:20:57,590","00:20:59,841"
DragonII,Stoick,Come on!,0317,others,7,"00:21:16,025","00:21:17,067"
DragonII,Stoick,That's what I figured.,0384,neutral,4,"00:24:59,790","00:25:00,790"
DragonII,Stoick,How is that irresponsible?,0389,angry,0,"00:25:10,968","00:25:12,260"
DragonII,Stoick,"Because war is what he wants, son!",0390,neutral,4,"00:25:12,428","00:25:14,804"
DragonII,Stoick,Stupid. Good one.,0403,neutral,4,"00:26:02,436","00:26:04,437"
DragonII,Stoick,burning the hall to the ground.,0409,neutral,4,"00:26:20,246","00:26:22,247"
DragonII,Stoick,I was the only one to escape.,0410,neutral,4,"00:26:26,085","00:26:28,670"
DragonII,Stoick,Men who kill without reason cannot be reasoned with.,0411,others,7,"00:26:33,425","00:26:37,178"
DragonII,Stoick,Let's go. No!,0418,angry,0,"00:26:53,570","00:26:54,696"
DragonII,Stoick,Lead the others back to Berk.,0419,neutral,4,"00:26:54,863","00:26:56,864"
DragonII,Stoick,"Well, not much has changed, actually.",0457,neutral,4,"00:32:52,596","00:32:54,930"
DragonII,Stoick,"You know what he's like. He won't give up, Gobber.",0458,neutral,4,"00:32:57,059","00:33:00,061"
DragonII,Stoick,so long as that Night Fury's around. It's a Night Fury!,0461,neutral,4,"00:33:06,860","00:33:10,237"
DragonII,Stoick,Are you kidding me? How did you get in here?,0712,neutral,4,"00:52:17,718","00:52:19,552"
DragonII,Stoick,"Shout, scream, say something!",0746,others,7,"00:54:02,656","00:54:05,533"
DragonII,Stoick,You wouldn't believe how much everything's changed.,0771,neutral,4,"00:56:24,965","00:56:27,050"
DragonII,Stoick,Our son has changed Berk for the better.,0772,neutral,4,"00:56:27,217","00:56:29,802"
DragonII,Stoick,I'm a little out of practice.,0775,neutral,4,"00:56:47,905","00:56:50,948"
DragonII,Stoick,"Well, you know...",0776,happy,3,"00:56:51,116","00:56:52,909"
DragonII,Stoick,Everything will be okay!,0782,neutral,4,"00:57:07,466","00:57:09,217"
DragonII,Stoick,"Remember our song, Val?",0786,neutral,4,"00:57:41,083","00:57:43,251"
DragonII,Stoick,I'll swim and sail on savage seas,0787,neutral,4,"00:57:44,670","00:57:50,842"
DragonII,Stoick,And gladly ride the waves of life,0789,neutral,4,"00:57:58,684","00:58:03,688"
DragonII,Stoick,If you will marry me,0790,neutral,4,"00:58:05,399","00:58:09,694"
DragonII,Stoick,No scorching sun,0791,neutral,4,"00:58:11,989","00:58:14,532"
DragonII,Stoick,If you will promise me your heart,0795,neutral,4,"00:58:26,128","00:58:31,716"
DragonII,Stoick,"I'd even sing you poetry Oh, would you?",0804,happy,3,"00:59:09,421","00:59:11,714"
DragonII,Stoick,And I would keep you from all harm,0805,happy,3,"00:59:12,299","00:59:14,467"
DragonII,Stoick,No need for drastic measures.,0820,happy,3,"00:59:53,590","00:59:56,092"
DragonII,Stoick,"For you, my dear...",0821,happy,3,"00:59:56,885","00:59:58,511"
DragonII,Stoick,anything.,0822,happy,3,"00:59:59,513","01:00:01,055"
DragonII,Stoick,"Will you come home, Val?",0823,happy,3,"01:00:02,266","01:00:04,267"
DragonII,Stoick,Will you be my wife once again?,0824,happy,3,"01:00:05,686","01:00:08,271"
DragonII,Stoick,Great! I'll do the cooking.,0827,happy,3,"01:00:24,705","01:00:26,872"
DragonII,Stoick,"Oh, no.",0832,others,7,"01:01:02,743","01:01:04,118"
DragonII,Stoick,Val?,0833,others,7,"01:01:04,619","01:01:05,619"
DragonII,Stoick,"Val! It's all right, it's all right.",0834,others,7,"01:01:05,787","01:01:07,913"
DragonII,Stoick,We have to save the dragons.,0836,neutral,4,"01:01:11,001","01:01:12,752"
DragonII,Stoick,Thank you.,0876,neutral,4,"01:05:45,609","01:05:46,609"
DragonII,Stoick,"For you, my dear...",0877,neutral,4,"01:05:46,693","01:05:47,943"
DragonII,Stoick,I watched you burn!,0883,angry,0,"01:06:03,960","01:06:05,961"
DragonII,Stoick,"Now, finish her!",0888,neutral,4,"01:07:20,870","01:07:23,622"
DragonII,Stoick,What in...,0923,fear,2,"01:09:50,520","01:09:51,520"
Dragon,StoicktheVast,"I've been his apprentice since I was little. Well, littler.",0034,neutral,4,"00:02:36,448","00:02:40,910"
Dragon,StoicktheVast,"See? Old village, lots and lots of new houses.",0037,neutral,4,"00:02:47,459","00:02:50,753"
Dragon,StoicktheVast,Do not let them escape! Right!,0095,angry,0,"00:06:39,483","00:06:41,901"
Dragon,StoicktheVast,Just stop.,0104,angry,0,"00:07:47,300","00:07:49,051"
Dragon,StoicktheVast,"Every time you step outside, disaster follows.",0105,angry,0,"00:07:49,386","00:07:52,429"
Dragon,StoicktheVast,Can you not see that I have bigger problems?,0106,angry,0,"00:07:52,597","00:07:54,640"
Dragon,StoicktheVast,"Between you and me, the village could do with a little less feeding.",0108,angry,0,"00:07:59,563","00:08:03,649"
Dragon,StoicktheVast,"This isn't a joke, Hiccup!",0109,angry,0,"00:08:03,817","00:08:05,734"
Dragon,StoicktheVast,"It's who I am, Dad.",0112,others,7,"00:08:14,035","00:08:16,036"
Dragon,StoicktheVast,Get back to the house.,0114,neutral,4,"00:08:21,751","00:08:23,377"
Dragon,StoicktheVast,It's the only way we'll be rid of them.,0133,neutral,4,"00:09:31,655","00:09:33,822"
Dragon,StoicktheVast,"If we find the nest and destroy it,",0134,angry,0,"00:09:33,990","00:09:35,991"
Dragon,StoicktheVast,the dragons will leave. They'll find another home!,0135,neutral,4,"00:09:36,159","00:09:39,328"
Dragon,StoicktheVast,Those ships never come back.,0137,angry,0,"00:09:42,165","00:09:44,166"
Dragon,StoicktheVast,"No, I'm serious. So am I.",0151,neutral,4,"00:10:18,994","00:10:21,203"
Dragon,StoicktheVast,"No, you don't.",0155,neutral,4,"00:10:27,752","00:10:28,961"
Dragon,StoicktheVast,"It taught me what a Viking could do, Gobber.",0167,others,7,"00:11:01,745","00:11:04,371"
Dragon,StoicktheVast,I did this.,0184,neutral,4,"00:14:07,388","00:14:09,306"
Dragon,StoicktheVast,"...I have to talk to you, Dad.",0187,neutral,4,"00:15:27,135","00:15:29,177"
Dragon,StoicktheVast,"You go first. No, you go first.",0191,neutral,4,"00:15:36,728","00:15:39,438"
Dragon,StoicktheVast,All right.,0192,neutral,4,"00:15:39,606","00:15:40,689"
Dragon,StoicktheVast,I don't want to fight dragons.,0199,others,7,"00:15:58,541","00:16:00,751"
Dragon,StoicktheVast,"Rephrase. Dad, I can't kill dragons.",0201,neutral,4,"00:16:02,503","00:16:06,381"
Dragon,StoicktheVast,"This is serious, son.",0205,neutral,4,"00:16:13,723","00:16:15,891"
Dragon,StoicktheVast,"Which means you walk like us, you talk like us...",0207,neutral,4,"00:16:21,481","00:16:25,150"
Dragon,StoicktheVast,Deal.,0213,neutral,4,"00:16:38,456","00:16:39,581"
Dragon,StoicktheVast,Good.,0214,neutral,4,"00:16:41,209","00:16:42,209"
Dragon,StoicktheVast,I can almost smell them.,0328,neutral,4,"00:24:52,116","00:24:54,075"
Dragon,StoicktheVast,Come over here. Hurry!,0458,neutral,4,"00:43:09,671","00:43:10,837"
Dragon,StoicktheVast,He can barely walk through the village without being swarmed by his new fans.,0461,others,7,"00:43:18,263","00:43:22,015"
Dragon,StoicktheVast,I have?,0492,neutral,4,"00:47:29,096","00:47:30,472"
Dragon,StoicktheVast,So...,0496,others,7,"00:47:41,484","00:47:42,776"
Dragon,StoicktheVast,"You were? And believe me, it only gets better!",0503,others,7,"00:48:04,966","00:48:07,634"
Dragon,StoicktheVast,Wait till you spill a Nadder's guts the first time!,0504,others,7,"00:48:07,802","00:48:10,554"
Dragon,StoicktheVast,All those years of the worst Viking Berk has ever seen.,0507,others,7,"00:48:17,562","00:48:21,731"
Dragon,StoicktheVast,"Odin, it was rough. I almost gave up on you.",0508,others,7,"00:48:21,899","00:48:25,193"
Dragon,StoicktheVast,And all the while you were holding out on me!,0509,happy,3,"00:48:25,361","00:48:27,612"
Dragon,StoicktheVast,...we finally have something to talk about.,0512,others,7,"00:48:35,162","00:48:37,831"
Dragon,StoicktheVast,"Here, I brought you something,",0513,others,7,"00:48:51,554","00:48:55,181"
Dragon,StoicktheVast,"Late for what, exactly?",0531,neutral,4,"00:50:31,654","00:50:34,197"
Dragon,StoicktheVast,"You've done it, Hiccup! You get to kill the dragon!",0533,happy,3,"00:50:48,629","00:50:52,882"
Dragon,StoicktheVast,"Hiccup would go from, well, being Hiccup",0620,neutral,4,"01:00:11,733","01:00:16,320"
Dragon,StoicktheVast,"to placing first in dragon training, well, I would have tied him to a mast",0621,neutral,4,"01:00:16,488","01:00:20,992"
Dragon,StoicktheVast,And you know it!,0623,neutral,4,"01:00:24,413","01:00:25,746"
Dragon,StoicktheVast,"Today, my boy becomes a Viking.",0626,happy,3,"01:00:36,383","01:00:39,802"
Dragon,StoicktheVast,Hiccup! Hiccup! Hiccup! Hiccup!,0636,neutral,4,"01:01:18,633","01:01:21,886"
Dragon,StoicktheVast,"Go on, Hiccup. Give it to him!",0639,neutral,4,"01:02:05,305","01:02:07,932"
Dragon,StoicktheVast,"I said, stop the fight!",0648,angry,0,"01:02:46,179","01:02:48,389"
Dragon,StoicktheVast,Please don't hurt him.,0662,others,7,"01:04:37,374","01:04:38,791"
Dragon,StoicktheVast,I know we did. That was before... It's all so messed up.,0666,angry,0,"01:04:54,683","01:04:58,727"
Dragon,StoicktheVast,"Take this out on me, be mad at me, but please, just don't hurt Toothless.",0669,angry,0,"01:05:06,778","01:05:10,322"
Dragon,StoicktheVast,The dragon? That's what you're worried about?,0670,angry,0,"01:05:10,490","01:05:13,659"
Dragon,StoicktheVast,He was protecting me! He's not dangerous.,0672,angry,0,"01:05:15,704","01:05:18,122"
Dragon,StoicktheVast,There's something else on their island. It's a dragon like...,0677,angry,0,"01:05:31,761","01:05:36,056"
Dragon,StoicktheVast,"For once in your life, would you please just listen to me?!",0686,angry,0,"01:06:00,665","01:06:03,626"
Dragon,StoicktheVast,You've thrown your lot in with them. You're not a Viking.,0687,angry,0,"01:06:07,380","01:06:11,175"
Dragon,StoicktheVast,Set sail!,0691,neutral,4,"01:07:15,323","01:07:16,865"
Dragon,StoicktheVast,I was wondering where that went.,0735,neutral,4,"01:11:04,886","01:11:06,970"
Dragon,StoicktheVast,Stay low and ready your weapons.,0736,neutral,4,"01:11:18,942","01:11:22,194"
Dragon,StoicktheVast,In my undies. Good thing I brought extras.,0743,neutral,4,"01:12:45,903","01:12:48,864"
Dragon,StoicktheVast,We've done it!,0746,others,7,"01:13:53,679","01:13:55,013"
Dragon,StoicktheVast,Beard of Thor! What is that?!,0749,fear,2,"01:14:32,385","01:14:34,928"
Dragon,StoicktheVast,Odin help us.,0750,neutral,4,"01:14:39,142","01:14:41,017"
Dragon,StoicktheVast,"Smart, that one. I was a fool.",0753,others,7,"01:15:11,841","01:15:13,758"
Dragon,StoicktheVast,"I think I'll stay, in case your thinking of doing something crazy.",0756,others,7,"01:15:17,597","01:15:20,557"
Dragon,StoicktheVast,Hiccup!,0790,others,7,"01:18:57,233","01:18:58,358"
Dragon,StoicktheVast,"Yeah. Me, too.",0792,others,7,"01:19:04,490","01:19:05,573"
Dragon,StoicktheVast,We're Vikings. It's an occupational hazard.,0794,others,7,"01:19:08,327","01:19:11,663"
Dragon,StoicktheVast,Son!,0823,sad,5,"01:23:37,554","01:23:38,805"
Dragon,StoicktheVast,Hiccup.,0824,sad,5,"01:23:41,850","01:23:42,934"
Dragon,StoicktheVast,I did this.,0826,sad,5,"01:24:07,960","01:24:09,419"
Dragon,StoicktheVast,He's alive. You brought him back alive.,0829,sad,5,"01:24:56,967","01:24:59,969"
Dragon,StoicktheVast,I knew it. I'm dead.,0844,happy,3,"01:27:14,146","01:27:16,355"
Dragon,StoicktheVast,"No, but you gave it your best shot. So, what do you think?",0845,neutral,4,"01:27:17,482","01:27:21,485"
Dragon,AstridHofferson,Welcome to dragon training!,0219,neutral,4,"00:16:54,138","00:16:55,764"
Dragon,AstridHofferson,"I'm hoping for some mauling, like on my shoulder or back.",0222,neutral,4,"00:17:17,787","00:17:21,373"
Dragon,AstridHofferson,Is this some kind of a joke to you?,0364,angry,0,"00:27:29,523","00:27:32,233"
Dragon,AstridHofferson,Our parents' war is about to become ours.,0365,angry,0,"00:27:32,860","00:27:35,486"
Dragon,AstridHofferson,Not that there's anything wrong with a dragonesque figure.,0423,fear,2,"00:37:52,687","00:37:56,023"
Dragon,AstridHofferson,"I normally don't care what people do, but you're acting weird.",0449,neutral,4,"00:42:13,573","00:42:16,491"
Dragon,AstridHofferson,Stay out of my way! I'm winning this thing.,0524,neutral,4,"00:49:52,573","00:49:55,575"
Dragon,AstridHofferson,"Please, by all means.",0525,fear,2,"00:49:55,743","00:49:58,453"
Dragon,AstridHofferson,What the?! What are you doing here?,0540,neutral,4,"00:51:15,906","00:51:18,992"
Dragon,AstridHofferson,No one just gets as good as you do. Especially you.,0542,angry,0,"00:51:22,413","00:51:26,499"
Dragon,AstridHofferson,Training?,0544,angry,0,"00:51:29,670","00:51:30,712"
Dragon,AstridHofferson,It's OK! It's OK.,0555,fear,2,"00:52:07,208","00:52:09,000"
Dragon,AstridHofferson,I scared him?!,0558,fear,2,"00:52:14,381","00:52:15,882"
Dragon,AstridHofferson,You have to give me a chance to explain.,0565,angry,0,"00:52:56,423","00:52:58,591"
Dragon,AstridHofferson,Just get me off of this thing.,0579,happy,3,"00:54:07,119","00:54:08,828"
Dragon,AstridHofferson,"All right, I admit it. This is pretty cool.",0580,happy,3,"00:55:55,519","00:55:59,230"
Dragon,AstridHofferson,It's amazing.,0581,neutral,4,"00:55:59,565","00:56:02,108"
Dragon,AstridHofferson,So what now?,0583,neutral,4,"00:56:06,655","00:56:08,781"
Dragon,AstridHofferson,"Hiccup, your final exam is tomorrow.",0584,neutral,4,"00:56:08,949","00:56:11,784"
Dragon,AstridHofferson,We have to think this through carefully.,0605,neutral,4,"00:58:57,951","00:59:00,661"
Dragon,AstridHofferson,"Hiccup, we just discovered the dragons' nest,",0606,neutral,4,"00:59:00,829","00:59:03,748"
Dragon,AstridHofferson,"the thing we've been after since Vikings first sailed here,",0607,neutral,4,"00:59:03,916","00:59:06,626"
Dragon,AstridHofferson,and you want to keep it a secret?,0608,others,7,"00:59:06,793","00:59:09,086"
Dragon,AstridHofferson,Yes.,0610,others,7,"00:59:14,301","00:59:15,509"
Dragon,AstridHofferson,Just give me until tomorrow. I'll figure something out.,0612,others,7,"00:59:25,646","00:59:29,398"
Dragon,AstridHofferson,OK.,0613,others,7,"00:59:30,150","00:59:31,317"
Dragon,AstridHofferson,That's for kidnapping me.,0614,others,7,"00:59:32,861","00:59:34,153"
Dragon,AstridHofferson,"Today, he becomes one of us!",0627,neutral,4,"01:00:39,970","01:00:43,180"
Dragon,AstridHofferson,just make sure they don't find Toothless.,0632,neutral,4,"01:01:00,198","01:01:02,241"
Dragon,AstridHofferson,It's a mess.,0694,neutral,4,"01:07:51,359","01:07:52,860"
Dragon,AstridHofferson,You must feel horrible. You've lost everything:,0695,neutral,4,"01:07:54,195","01:07:57,448"
Dragon,AstridHofferson,Would have been better for everyone. Yep. The rest of us would've done it.,0699,neutral,4,"01:08:08,334","01:08:12,629"
Dragon,AstridHofferson,Why is this so important to you all of a sudden?,0703,neutral,4,"01:08:23,850","01:08:26,143"
Dragon,AstridHofferson,For the love of... I was a coward. I was weak. I wouldn't kill a dragon.,0705,neutral,4,"01:08:29,689","01:08:34,735"
Dragon,AstridHofferson,Three hundred years and I'm the first Viking who wouldn't kill a dragon.,0708,neutral,4,"01:08:38,656","01:08:42,534"
Dragon,AstridHofferson,"First one to ride one, though.",0709,neutral,4,"01:08:47,040","01:08:48,957"
Dragon,AstridHofferson,I looked at him and I saw myself.,0712,neutral,4,"01:08:59,844","01:09:03,430"
Dragon,AstridHofferson,Then something crazy.,0715,neutral,4,"01:09:17,529","01:09:19,530"
Dragon,AstridHofferson,You're crazy. I like that.,0732,happy,3,"01:10:44,866","01:10:47,743"
Dragon,AstridHofferson,"Thanks, Dad.",0796,fear,2,"01:19:17,420","01:19:18,420"
Dragon,AstridHofferson,I might make a few tweaks.,0852,neutral,4,"01:27:42,174","01:27:44,258"
Dragon,Gobber,"Come on. Let me out, please. I need to make my mark.",0044,neutral,4,"00:03:16,947","00:03:20,366"
Dragon,Gobber,My life will get infinitely better. I might even get a date.,0047,neutral,4,"00:03:25,622","00:03:28,791"
Dragon,Gobber,You can't lift a hammer. You can't swing an axe.,0048,neutral,4,"00:03:28,959","00:03:31,627"
Dragon,Gobber,"OK, fine, but this will throw it for me.",0050,neutral,4,"00:03:35,674","00:03:38,676"
Dragon,Gobber,Mild calibration issue... Hiccup!,0052,angry,0,"00:03:43,390","00:03:45,433"
Dragon,Gobber,If you ever want to get out there to fight dragons...,0053,neutral,4,"00:03:45,601","00:03:48,644"
Dragon,Gobber,But you just pointed to all of me.,0055,neutral,4,"00:03:51,982","00:03:54,066"
Dragon,Gobber,"Yes, that's it! Stop being all of you.",0056,neutral,4,"00:03:54,234","00:03:57,612"
Dragon,Gobber,There will be consequences!,0060,neutral,4,"00:04:06,997","00:04:08,664"
Dragon,Gobber,No one has ever killed a Night Fury. That's why I'm going to be the first.,0082,neutral,4,"00:05:17,859","00:05:22,613"
Dragon,Gobber,"Man the fort, Hiccup. They need me out there.",0083,neutral,4,"00:05:22,781","00:05:25,908"
Dragon,Gobber,Stay. Put. There.,0084,neutral,4,"00:05:27,536","00:05:30,287"
Dragon,Gobber,You're thinking about this wrong.,0127,neutral,4,"00:09:01,917","00:09:03,959"
Dragon,Gobber,That's more like it.,0143,neutral,4,"00:09:57,430","00:09:58,514"
Dragon,Gobber,"No, I need you to stay and train some new recruits.",0145,neutral,4,"00:10:02,018","00:10:04,937"
Dragon,Gobber,"Perfect. And, while I'm busy, Hiccup can cover the stall.",0146,neutral,4,"00:10:05,105","00:10:09,525"
Dragon,Gobber,"What am I going to do with him, Gobber?",0149,neutral,4,"00:10:15,198","00:10:17,324"
Dragon,Gobber,"No, you don't. No, I do.",0154,neutral,4,"00:10:26,126","00:10:27,584"
Dragon,Gobber,I take him fishing and he goes hunting for trolls!,0159,neutral,4,"00:10:40,307","00:10:43,350"
Dragon,Gobber,Trolls exist. They steal your socks.,0160,neutral,4,"00:10:43,518","00:10:46,061"
Dragon,Gobber,"Even as a boy, I knew what I was, what I had to become.",0169,neutral,4,"00:11:09,544","00:11:13,756"
Dragon,Gobber,Hiccup is not that boy.,0170,neutral,4,"00:11:14,466","00:11:16,425"
Dragon,Gobber,You can only prepare him.,0172,neutral,4,"00:11:19,054","00:11:21,221"
Dragon,Gobber,Maybe.,0218,neutral,4,"00:16:50,802","00:16:52,260"
Dragon,Gobber,"Oh, great. Who let him in?",0226,neutral,4,"00:17:27,547","00:17:29,256"
Dragon,Gobber,Let's get started! The recruit who does best,0227,neutral,4,"00:17:29,424","00:17:32,134"
Dragon,Gobber,Can I transfer to the class with the cool Vikings?,0231,neutral,4,"00:17:41,644","00:17:44,146"
Dragon,Gobber,Don't worry. You're small and weak... that'll make you less of a target.,0232,neutral,4,"00:17:44,313","00:17:48,316"
Dragon,Gobber,They'll see you as sick or insane,0233,neutral,4,"00:17:48,484","00:17:50,235"
Dragon,Gobber,"Wait, aren't you gonna teach us first?",0245,neutral,4,"00:18:15,845","00:18:17,345"
Dragon,Gobber,"Tuffnut, Ruffnut! You're out! What?",0257,neutral,4,"00:18:49,712","00:18:51,671"
Dragon,Gobber,"Remember, a dragon will always,",0276,neutral,4,"00:19:49,730","00:19:52,732"
Dragon,Gobber,How about I give you one?,0346,neutral,4,"00:26:13,697","00:26:15,657"
Dragon,Gobber,"Hey, so, how would one sneak up on a Night Fury?",0348,neutral,4,"00:26:21,247","00:26:24,123"
Dragon,Gobber,"And with one twist, he took my hand and swallowed it whole!",0372,neutral,4,"00:33:13,158","00:33:17,286"
Dragon,Gobber,I saw the look on his face... I was delicious.,0373,neutral,4,"00:33:17,454","00:33:20,581"
Dragon,Gobber,"I'll chop off the legs of every dragon I fight, with my face.",0380,neutral,4,"00:33:40,769","00:33:44,772"
Dragon,Gobber,It's the wings and the tails you really want.,0381,neutral,4,"00:33:46,274","00:33:48,442"
Dragon,Gobber,A downed dragon is a dead dragon.,0383,neutral,4,"00:33:51,238","00:33:54,532"
Dragon,Gobber,He's gone?,0459,neutral,4,"00:43:11,005","00:43:12,005"
Dragon,Gobber,"Most afternoons, but who can blame him? The life of a celebrity's rough.",0460,neutral,4,"00:43:14,175","00:43:18,095"
Dragon,Gobber,This way!,0651,surprise,6,"01:03:27,262","01:03:28,554"
Dragon,Gobber,Here! One length to your stern.,0718,neutral,4,"01:09:34,420","01:09:36,922"
Dragon,Gobber,"are wondering what it is we're up to here. Not me, of course.",0720,neutral,4,"01:09:42,470","01:09:46,098"
Dragon,Gobber,"When we crack this mountain open, all hell is going to break loose.",0742,neutral,4,"01:12:41,566","01:12:45,736"
Dragon,Gobber,"No matter how this ends, it ends today.",0744,neutral,4,"01:12:49,032","01:12:52,284"
Dragon,Gobber,Thank you for saving my son.,0830,neutral,4,"01:25:16,987","01:25:19,906"
Dragon,Gobber,"Well, most of you. That bit's my handiwork.",0850,neutral,4,"01:27:35,000","01:27:38,127"
Dragon,Hiccup,Nice of you to join the party! I thought you'd been carried off!,0029,neutral,4,"00:02:18,388","00:02:21,557"
Dragon,Hiccup,"Who, me? No, come on, I'm way too muscular for their taste.",0030,neutral,4,"00:02:21,725","00:02:26,562"
Dragon,Hiccup,Their job is so much cooler.,0043,others,7,"00:03:13,527","00:03:15,820"
Dragon,Hiccup,"You've made plenty of marks, all in the wrong places.",0045,others,7,"00:03:20,534","00:03:23,452"
Dragon,Hiccup,"Please, two minutes. I'll kill a dragon.",0046,others,7,"00:03:23,620","00:03:25,454"
Dragon,Hiccup,You can't even throw one of these!,0049,neutral,4,"00:03:31,795","00:03:33,337"
Dragon,Hiccup,"Oh, yes.",0057,neutral,4,"00:03:58,655","00:03:59,780"
Dragon,Hiccup,"You, sir, are playing a dangerous game.",0058,neutral,4,"00:03:59,948","00:04:02,658"
Dragon,Hiccup,Keeping this much raw Vikingness contained?,0059,neutral,4,"00:04:02,826","00:04:06,829"
Dragon,Hiccup,The devils still have some juice in them!,0090,neutral,4,"00:05:47,931","00:05:49,932"
Dragon,Hiccup,Come on. Give me something to shoot at. Give me something to shoot at.,0091,happy,3,"00:05:59,985","00:06:03,279"
Dragon,Hiccup,"I hit it. Yes, I hit it!",0092,happy,3,"00:06:25,969","00:06:28,637"
Dragon,Hiccup,Did anybody see that?,0093,neutral,4,"00:06:28,847","00:06:30,848"
Dragon,Hiccup,"Oh, and there's one more thing you need to know.",0097,sad,5,"00:07:08,220","00:07:11,013"
Dragon,Hiccup,"Sorry, Dad.",0098,neutral,4,"00:07:21,483","00:07:23,484"
Dragon,Hiccup,"OK, but I hit a Night Fury.",0099,neutral,4,"00:07:32,953","00:07:34,703"
Dragon,Hiccup,"It's not like the last few times, Dad! I really, actually hit it!",0100,neutral,4,"00:07:35,247","00:07:39,291"
Dragon,Hiccup,Why can't you follow the simplest orders?,0110,neutral,4,"00:08:05,902","00:08:09,071"
Dragon,Hiccup,I can't stop myself. I see a dragon and I have to just kill it.,0111,neutral,4,"00:08:09,239","00:08:13,868"
Dragon,Hiccup,He never listens. It runs in the family.,0121,neutral,4,"00:08:41,980","00:08:44,190"
Dragon,Hiccup,"When he does, it's with this disappointed scowl,",0122,neutral,4,"00:08:44,357","00:08:47,109"
Dragon,Hiccup,like someone skimped on meat in his sandwich.,0123,neutral,4,"00:08:47,277","00:08:49,695"
Dragon,Hiccup,"Excuse me, barmaid. You brought me the wrong offspring.",0124,neutral,4,"00:08:49,863","00:08:53,908"
Dragon,Hiccup,"I ordered an extra-large boy with beefy arms, extra guts and glory on the side.",0125,neutral,4,"00:08:54,075","00:08:58,829"
Dragon,Hiccup,"It's not so much what you look like, it's what's inside that he can't stand.",0128,neutral,4,"00:09:04,127","00:09:08,589"
Dragon,Hiccup,"Look, the point is, stop trying so hard to be something you're not.",0130,neutral,4,"00:09:11,468","00:09:15,512"
Dragon,Hiccup,He's going to get out there again. He's probably out there now.,0174,others,7,"00:11:25,769","00:11:29,855"
Dragon,Hiccup,Some people lose their knife or their mug. Not me.,0176,others,7,"00:11:50,460","00:11:53,629"
Dragon,Hiccup,I manage to lose an entire dragon.,0177,happy,3,"00:11:53,797","00:11:56,799"
Dragon,Hiccup,"Oh, wow. I did it.",0178,happy,3,"00:12:46,015","00:12:48,308"
Dragon,Hiccup,I did it. This fixes everything! Yes!,0179,happy,3,"00:12:48,768","00:12:52,396"
Dragon,Hiccup,I have brought down this mighty beast!,0180,neutral,4,"00:12:52,564","00:12:54,898"
Dragon,Hiccup,"I'm going to kill you, dragon.",0181,neutral,4,"00:13:23,303","00:13:25,304"
Dragon,Hiccup,Then I'll cut out your heart and take it to my father.,0182,fear,2,"00:13:25,763","00:13:29,725"
Dragon,Hiccup,I am a Viking. I am a Viking!,0183,neutral,4,"00:13:30,059","00:13:33,187"
Dragon,Hiccup,Hiccup.,0185,neutral,4,"00:15:23,631","00:15:24,631"
Dragon,Hiccup,You get your wish. Dragon training... you start in the morning.,0193,neutral,4,"00:15:41,274","00:15:45,193"
Dragon,Hiccup,"Oh, man, I should have gone first.",0194,neutral,4,"00:15:45,361","00:15:47,362"
Dragon,Hiccup,"I was thinking, you know,",0195,neutral,4,"00:15:47,530","00:15:49,281"
Dragon,Hiccup,"we have a surplus of dragon-fighting Vikings,",0196,neutral,4,"00:15:49,449","00:15:52,451"
Dragon,Hiccup,You'll need this.,0198,others,7,"00:15:57,373","00:15:58,373"
Dragon,Hiccup,But you will kill dragons.,0202,others,7,"00:16:06,549","00:16:08,342"
Dragon,Hiccup,No more of... this.,0209,others,7,"00:16:27,445","00:16:29,529"
Dragon,Hiccup,Deal?,0212,sad,5,"00:16:35,286","00:16:36,578"
Dragon,Hiccup,"Yeah, no kidding, right?",0224,neutral,4,"00:17:23,960","00:17:25,210"
Dragon,Hiccup,Snotlout! You're done!,0268,neutral,4,"00:19:20,868","00:19:22,744"
Dragon,Hiccup,So... why didn't you?,0278,sad,5,"00:20:03,244","00:20:05,662"
Dragon,Hiccup,So I guess we'll share? Read it.,0303,neutral,4,"00:22:56,667","00:22:58,835"
Dragon,Hiccup,"All mine, then. Wow. So, OK, I'll see you...",0304,neutral,4,"00:22:59,128","00:23:03,798"
Dragon,Hiccup,...tomorrow.,0305,neutral,4,"00:23:04,133","00:23:05,592"
Dragon,Hiccup,Dragon classifications.,0306,neutral,4,"00:23:15,686","00:23:17,562"
Dragon,Hiccup,Bone Knapper. Whispering Death.,0318,neutral,4,"00:24:03,526","00:24:06,694"
Dragon,Hiccup,The unholy offspring of lightning and death itself.,0325,neutral,4,"00:24:27,716","00:24:31,886"
Dragon,Hiccup,Steady!,0334,neutral,4,"00:25:19,101","00:25:20,768"
Dragon,Hiccup,"Hey, you know, I just happened to notice the book had nothing on Night Furies.",0335,neutral,4,"00:25:33,073","00:25:37,285"
Dragon,Hiccup,Figure out which side you're on.,0366,neutral,4,"00:27:35,654","00:27:37,864"
Dragon,Hiccup,I could have sworn you had...,0368,neutral,4,"00:29:01,323","00:29:03,533"
Dragon,Hiccup,...teeth.,0369,fear,2,"00:29:06,870","00:29:07,870"
Dragon,Hiccup,"No, no, no.",0370,fear,2,"00:29:12,084","00:29:13,126"
Dragon,Hiccup,minding my own business.,0403,neutral,4,"00:35:44,392","00:35:46,936"
Dragon,Hiccup,It's OK.,0404,neutral,4,"00:35:59,407","00:36:00,699"
Dragon,Hiccup,"Prefers ambush attack, crushing its victims...",0417,angry,0,"00:37:32,792","00:37:35,127"
Dragon,Hiccup,Back into your cage. Now think about what you've done.,0434,neutral,4,"00:38:44,030","00:38:47,866"
Dragon,Hiccup,Hiccup? Are you in there?,0446,happy,3,"00:42:05,690","00:42:07,524"
Dragon,Hiccup,Who would have thought it? He has this way with the beasts.,0463,neutral,4,"00:43:23,351","00:43:27,479"
Dragon,Hiccup,"...three... no, four.",0466,neutral,4,"00:43:41,911","00:43:43,912"
Dragon,Hiccup,"Come on, buddy! Come on, buddy!",0468,happy,3,"00:44:11,899","00:44:13,817"
Dragon,Hiccup,"Yeah, yeah, I'm on it. Position four.",0472,neutral,4,"00:44:34,255","00:44:36,381"
Dragon,Hiccup,Yeah!,0482,sad,5,"00:45:49,664","00:45:51,289"
Dragon,Hiccup,Come on.,0483,happy,3,"00:45:53,126","00:45:54,209"
Dragon,Hiccup,Everything we know about you guys is wrong.,0487,others,7,"00:47:03,196","00:47:07,324"
Dragon,Hiccup,Dad! You're back! Gobber's not here so...,0488,others,7,"00:47:17,543","00:47:20,504"
Dragon,Hiccup,Just how long did you think you could hide it?,0493,neutral,4,"00:47:30,640","00:47:33,266"
Dragon,Hiccup,...about that dragon.,0498,others,7,"00:47:45,571","00:47:47,447"
Dragon,Hiccup,"Oh, gods. Dad, I'm so sorry. I was going to tell you.",0499,others,7,"00:47:47,615","00:47:51,785"
Dragon,Hiccup,to keep you safe in the ring.,0514,neutral,4,"00:48:55,433","00:48:58,143"
Dragon,Hiccup,...leaving! We're leaving.,0536,neutral,4,"00:51:01,392","00:51:03,309"
Dragon,Hiccup,Let's pack up. Looks like you and me are taking a little vacation.,0537,neutral,4,"00:51:03,477","00:51:07,939"
Dragon,Hiccup,You're right. You're right. You're right.,0547,happy,3,"00:51:38,679","00:51:40,680"
Dragon,Hiccup,I'm through with the lies. I've been making outfits. So you got me.,0548,happy,3,"00:51:40,848","00:51:45,977"
Dragon,Hiccup,It's OK! It's OK.,0555,happy,3,"00:52:07,208","00:52:09,000"
Dragon,Hiccup,Who is him?,0559,neutral,4,"00:52:16,884","00:52:18,510"
Dragon,Hiccup,"Astrid, Toothless. Toothless, Astrid.",0560,neutral,4,"00:52:19,595","00:52:23,598"
Dragon,Hiccup,I am not listening to anything you have to say!,0566,neutral,4,"00:52:58,759","00:53:01,427"
Dragon,Hiccup,Then I won't speak. Just let me show you.,0567,neutral,4,"00:53:01,595","00:53:05,056"
Dragon,Hiccup,To protect your pet dragon? Are you serious?,0609,neutral,4,"00:59:09,254","00:59:12,173"
Dragon,Hiccup,It's not the dragon I'm worried about. What are you going to do?,0629,neutral,4,"01:00:49,229","01:00:52,648"
Dragon,Hiccup,"Toothless, go. Get out of here.",0653,others,7,"01:04:08,762","01:04:10,554"
Dragon,Hiccup,"If they don't bring enough food back, they'll be eaten themselves.",0676,others,7,"01:05:27,757","01:05:31,594"
Dragon,Hiccup,"Dad, please. I promise you, you can't win this one!",0684,sad,5,"01:05:54,367","01:05:58,287"
Dragon,Hiccup,"No, Dad. No.",0685,others,7,"01:05:58,455","01:06:00,497"
Dragon,Hiccup,I couldn't. That's not an answer.,0702,angry,0,"01:08:21,765","01:08:23,682"
Dragon,Hiccup,Because I want to remember what you say right now.,0704,angry,0,"01:08:26,311","01:08:29,521"
Dragon,Hiccup,Dad?,0788,neutral,4,"01:18:33,084","01:18:34,209"
Dragon,Hiccup,I'm proud to call you my son.,0795,neutral,4,"01:19:13,040","01:19:16,000"
Dragon,Hiccup,"Stay with me, buddy. Just a bit longer.",0817,others,7,"01:22:38,829","01:22:41,205"
Dragon,Hiccup,What?,0843,neutral,4,"01:27:04,761","01:27:05,887"
Dragon,Hiccup,That's for scaring me.,0853,neutral,4,"01:27:46,136","01:27:47,970"
Dragon,Hiccup,What is it always going to be this way? 'Cause...,0854,happy,3,"01:27:48,138","01:27:50,681"
Dragon,Hiccup,Dad? We had a deal!,0665,others,7,"01:04:52,681","01:04:54,515"
Dragon,Hiccup,They've killed hundreds of us!,0673,angry,0,"01:05:18,290","01:05:20,291"
Dragon,Hiccup,Not the people you almost killed?,0671,others,7,"01:05:13,827","01:05:15,536"
Dragon,Hiccup,Whatever! I wouldn't!,0707,angry,0,"01:08:36,321","01:08:38,489"
Dragon,Hiccup,What does that make us?,0594,neutral,4,"00:56:56,080","00:56:57,830"
Dragon,Hiccup,You said wouldn't.,0706,angry,0,"01:08:34,903","01:08:36,153"
Dragon,Hiccup,"No, not yet. They'll kill Toothless.",0604,neutral,4,"00:58:53,697","00:58:57,783"
Dragon,Hiccup,"So everything in the ring, a trick? A lie?",0667,others,7,"01:04:58,895","01:05:02,314"
Dragon,Hiccup,Did I say nest? How did you find it?,0679,sad,5,"01:05:39,144","01:05:40,936"
Dragon,Hiccup,Come on! Is that the best you can do?!,0816,others,7,"01:22:18,934","01:22:20,935"
Dragon,Hiccup,You don't have to go up there.,0793,neutral,4,"01:19:05,991","01:19:07,617"
Dragon,Hiccup,You think that did it?,0809,others,7,"01:20:36,582","01:20:38,583"
Dragon,Hiccup,I wouldn't kill him because he looked as frightened as I was.,0711,neutral,4,"01:08:55,381","01:08:58,759"
Dragon,Hiccup,Thank you for summing that up.,0697,others,7,"01:08:00,660","01:08:02,828"
Dragon,Hiccup,Night Fury!,0652,others,7,"01:03:48,909","01:03:50,159"
Dragon,Hiccup,"Astrid, if something goes wrong,",0631,neutral,4,"01:00:56,611","01:01:00,031"
Dragon,Hiccup,"Your father, your tribe, your best friend.",0696,others,7,"01:07:57,615","01:08:00,492"
Dragon,Hiccup,So?,0710,neutral,4,"01:08:51,419","01:08:52,419"
Dragon,Hiccup,Go help the others!,0780,others,7,"01:17:12,628","01:17:13,795"
Dragon,Hiccup,That's for everything else.,0615,neutral,4,"00:59:41,161","00:59:43,871"
Dragon,Hiccup,Stop the fight. No!,0644,neutral,4,"01:02:35,127","01:02:36,585"
Dragon,Hiccup,I screwed up. I should have told you before now. I just...,0668,others,7,"01:05:02,482","01:05:06,610"
Dragon,Hiccup,Wait! What are you? Relax.,0738,neutral,4,"01:12:12,120","01:12:14,621"
Dragon,Hiccup,What is he doing?,0640,neutral,4,"01:02:12,354","01:02:13,687"
Dragon,Hiccup,Put an end to this. I have to try.,0630,neutral,4,"01:00:52,816","01:00:55,901"
Dragon,Hiccup,"Hey, it's OK. It's OK.",0641,neutral,4,"01:02:16,483","01:02:19,110"
Dragon,Hiccup,There!,0779,others,7,"01:17:03,160","01:17:04,160"
Dragon,Hiccup,"Probably something stupid. Good, but you've already done that.",0714,neutral,4,"01:09:11,397","01:09:15,901"
Dragon,Hiccup,"Stoick, no!",0655,others,7,"01:04:14,100","01:04:15,100"
Dragon,Hiccup,"They defend themselves, that's all! They raid us because they have to.",0675,others,7,"01:05:22,335","01:05:27,590"
Dragon,Hiccup,They're not what we think they are.,0646,neutral,4,"01:02:40,382","01:02:42,508"
IncrediblesII,Winston,Winston Deavor. You can call me Win.,0281,neutral,4,"00:16:44,253","00:16:46,255"
IncrediblesII,Winston,Genuine pleasure to meet you.,0282,happy,3,"00:16:46,422","00:16:47,632"
IncrediblesII,Winston,Yeah!,0288,neutral,4,"00:17:13,032","00:17:14,283"
IncrediblesII,Winston,that I was even remotely connected to you guys.,0295,neutral,4,"00:17:30,466","00:17:33,511"
IncrediblesII,Winston,He used to call you the last line of defense.,0296,neutral,4,"00:17:33,678","00:17:35,846"
IncrediblesII,Winston,"He loved that, showed it off to everyone.",0305,neutral,4,"00:17:52,071","00:17:54,490"
IncrediblesII,Winston,He was heartbroken,0306,neutral,4,"00:17:54,657","00:17:55,866"
IncrediblesII,Winston,-and shot him. {GUNSHOT,0318,neutral,4,"00:18:22,685","00:18:24,020"
IncrediblesII,Winston,If superheroes had not been forced underground...,0323,neutral,4,"00:18:34,155","00:18:36,782"
IncrediblesII,Winston,as soon as he knew there was trouble.,0326,angry,0,"00:18:40,745","00:18:41,829"
IncrediblesII,Winston,I disagree strongly!,0327,neutral,4,"00:18:41,996","00:18:43,456"
IncrediblesII,Winston,The point is...,0329,neutral,4,"00:18:46,584","00:18:47,585"
IncrediblesII,Winston,nobody expected us,0330,neutral,4,"00:18:47,752","00:18:49,503"
IncrediblesII,Winston,to be able to actually run Dad's company.,0331,neutral,4,"00:18:49,587","00:18:52,089"
IncrediblesII,Winston,"But with Evelyn as designer, and myself as operator...",0332,neutral,4,"00:18:52,256","00:18:55,676"
IncrediblesII,Winston,A world-class telecommunications company.,0335,neutral,4,"00:19:00,014","00:19:02,475"
IncrediblesII,Winston,Bigger than ever.,0336,neutral,4,"00:19:02,641","00:19:03,809"
IncrediblesII,Winston,Perfectly positioned to make some wrong things right.,0337,happy,3,"00:19:03,976","00:19:07,021"
IncrediblesII,Winston,Let me ask you something.,0339,neutral,4,"00:19:09,106","00:19:10,524"
IncrediblesII,Winston,What is the main reason,0340,neutral,4,"00:19:10,691","00:19:12,318"
IncrediblesII,Winston,Difficult situation.,0344,neutral,4,"00:19:18,657","00:19:19,784"
IncrediblesII,Winston,I can't.,0347,neutral,4,"00:19:23,662","00:19:24,872"
IncrediblesII,Winston,Because I didn't see it...,0348,neutral,4,"00:19:25,039","00:19:27,375"
IncrediblesII,Winston,neither did anyone else.,0349,neutral,4,"00:19:27,541","00:19:29,293"
IncrediblesII,Winston,"So, when you fight bad guys like today...",0350,neutral,4,"00:19:29,460","00:19:31,629"
IncrediblesII,Winston,people don't see the fight or what led up to it.,0351,neutral,4,"00:19:31,796","00:19:34,382"
IncrediblesII,Winston,They see destruction and they see you.,0353,neutral,4,"00:19:36,884","00:19:39,470"
IncrediblesII,Winston,"So, if we wanna change",0354,neutral,4,"00:19:39,762","00:19:41,305"
IncrediblesII,Winston,people's perceptions about superheroes...,0355,neutral,4,"00:19:41,389","00:19:43,641"
IncrediblesII,Winston,we need you,0356,neutral,4,"00:19:43,808","00:19:45,017"
IncrediblesII,Winston,"We've got resources, lobbyists,",0366,neutral,4,"00:20:03,244","00:20:04,537"
IncrediblesII,Winston,worldwide connections...,0367,neutral,4,"00:20:04,620","00:20:05,955"
IncrediblesII,Winston,That enthusiasm is golden.,0375,neutral,4,"00:20:21,637","00:20:23,639"
IncrediblesII,Winston,Now hold on to it. But for our first move...,0376,neutral,4,"00:20:23,722","00:20:25,975"
IncrediblesII,Winston,You know. You know.,0381,neutral,4,"00:20:37,027","00:20:39,655"
IncrediblesII,Winston,With great respect...,0382,neutral,4,"00:20:39,822","00:20:40,865"
IncrediblesII,Winston,let's not test the whole,0383,neutral,4,"00:20:41,031","00:20:42,283"
IncrediblesII,Winston,Wait a minute. You're saying what? I'm messy?,0386,neutral,4,"00:20:46,454","00:20:49,832"
IncrediblesII,Winston,Heavyweight problems need heavyweight solutions.,0392,neutral,4,"00:21:00,217","00:21:02,761"
IncrediblesII,Winston,Of course! We're gonna solve,0393,neutral,4,"00:21:02,928","00:21:04,472"
IncrediblesII,Winston,Nonsense! That's the least we can do.,0466,neutral,4,"00:23:35,231","00:23:36,482"
IncrediblesII,Winston,We're partners now!,0467,neutral,4,"00:23:36,649","00:23:38,109"
IncrediblesII,Winston,"Strange thing to be excited about, Winston.",0538,happy,3,"00:27:03,615","00:27:05,826"
IncrediblesII,Winston,Relax. You're smack in the middle...,0563,happy,3,"00:28:14,185","00:28:15,770"
IncrediblesII,Winston,Station's at Fifty-Fourth and Nottingham.,0576,happy,3,"00:28:41,671","00:28:43,006"
IncrediblesII,Winston,for the last time we made life easy for them.,0612,neutral,4,"00:30:27,956","00:30:29,541"
IncrediblesII,Winston,This is good. The train gives us momentum.,0799,neutral,4,"00:43:53,427","00:43:55,763"
IncrediblesII,Winston,"Talk to ya. Oh, what do ya know!",0903,neutral,4,"00:49:32,004","00:49:34,047"
IncrediblesII,Winston,EIIenwood.,0904,neutral,4,"00:49:34,214","00:49:35,466"
IncrediblesII,Winston,"Oh, now you wanna return my calls",0905,neutral,4,"00:49:35,632","00:49:37,342"
IncrediblesII,Winston,"about superheroes, huh?",0906,neutral,4,"00:49:37,426","00:49:38,427"
IncrediblesII,Winston,"Felicia, hold my calls, please.",0909,happy,3,"00:49:41,722","00:49:43,015"
IncrediblesII,Winston,"makes a good impression on them. Who knew, huh?",0914,neutral,4,"00:49:49,730","00:49:51,440"
IncrediblesII,Winston,I'm getting calls from all over the world.,0915,neutral,4,"00:49:51,607","00:49:53,650"
IncrediblesII,Winston,I have big plans for our next move.,0919,neutral,4,"00:50:00,589","00:50:02,299"
IncrediblesII,Winston,"and as long as he gets to play, he wins.",0933,neutral,4,"00:50:28,329","00:50:30,498"
IncrediblesII,Winston,Smell the flowers.,0935,neutral,4,"00:50:32,500","00:50:34,210"
IncrediblesII,Winston,They don't bloom that often.,0936,neutral,4,"00:50:34,377","00:50:35,753"
IncrediblesII,Winston,What do you want on your tombstone?,0937,neutral,4,"00:50:35,920","00:50:37,338"
IncrediblesII,Winston,OW!,0977,neutral,4,"00:52:27,665","00:52:28,875"
IncrediblesII,Winston,Attention. Attention.,1324,neutral,4,"01:09:24,458","01:09:25,792"
IncrediblesII,Winston,I wanna thank everyone that came out tonight...,1325,neutral,4,"01:09:25,876","01:09:28,170"
IncrediblesII,Winston,in support of superheroes...,1326,happy,3,"01:09:28,337","01:09:29,838"
IncrediblesII,Winston,crystal clear in recent days...,1330,neutral,4,"01:09:36,428","01:09:37,804"
IncrediblesII,Winston,with bad actors like the self-proclaimed,1331,neutral,4,"01:09:37,971","01:09:39,806"
IncrediblesII,Winston,And thanks to this woman...,1334,neutral,4,"01:09:43,310","01:09:45,520"
IncrediblesII,Winston,your pressure changed all the right minds.,1344,neutral,4,"01:10:09,586","01:10:12,339"
IncrediblesII,Winston,We've made amazing headway in a very short time...,1345,neutral,4,"01:10:12,756","01:10:15,050"
IncrediblesII,Winston,which leads me to an important announcement.,1346,neutral,4,"01:10:15,217","01:10:18,262"
IncrediblesII,Winston,"Just now, at a worldwide summit...",1347,neutral,4,"01:10:18,428","01:10:20,555"
IncrediblesII,Winston,leaders from more than a hundred,1348,neutral,4,"01:10:20,722","01:10:22,474"
IncrediblesII,Winston,have agreed to make superheroes legal again!,1350,neutral,4,"01:10:24,226","01:10:27,688"
IncrediblesII,Winston,We'll gather superheroes and leaders,1351,neutral,4,"01:10:29,731","01:10:31,316"
IncrediblesII,Winston,Hello! Glad you could come.,1698,happy,3,"01:28:03,164","01:28:04,707"
IncrediblesII,Winston,"Hey, did you make them new masks?",1732,others,7,"01:30:52,442","01:30:54,819"
IncrediblesII,Bob,Buh-bye!,0067,fear,2,"00:04:50,373","00:04:52,000"
IncrediblesII,Bob,The Underminer remains at large.,0108,angry,0,"00:08:59,736","00:09:01,780"
IncrediblesII,Bob,Without a doubt.,0122,neutral,4,"00:09:23,725","00:09:25,268"
IncrediblesII,Bob,First you gotta put down the shovel.,0125,sad,5,"00:09:33,110","00:09:36,113"
IncrediblesII,Bob,"Oh, hey, Rick.",0131,sad,5,"00:10:06,643","00:10:07,853"
IncrediblesII,Bob,"Violet thinks a friend of hers, a kid named Tony...",0132,sad,5,"00:10:07,936","00:10:10,564"
IncrediblesII,Bob,Talkative type? Don't know.,0134,neutral,4,"00:10:13,650","00:10:15,527"
IncrediblesII,Bob,"You've done plenty, Rick.",0152,neutral,4,"00:10:49,728","00:10:50,771"
IncrediblesII,Bob,working with you good people.,0155,neutral,4,"00:10:54,816","00:10:56,151"
IncrediblesII,Bob,"Isn't that what you tell us, Dad?",0175,neutral,4,"00:12:00,048","00:12:01,633"
IncrediblesII,Bob,You said that you were proud of us.,0180,neutral,4,"00:12:10,058","00:12:11,059"
IncrediblesII,Bob,It defines who I am.,0188,neutral,4,"00:12:26,408","00:12:27,701"
IncrediblesII,Bob,Yes. No.,0194,angry,0,"00:12:37,669","00:12:38,962"
IncrediblesII,Bob,"Whether it's fair or not, that's the law.",0197,angry,0,"00:12:43,925","00:12:45,635"
IncrediblesII,Bob,To respect the law!,0199,angry,0,"00:12:48,847","00:12:49,848"
IncrediblesII,Bob,One of us has gotta get a job.,0219,neutral,4,"00:13:50,283","00:13:51,826"
IncrediblesII,Bob,You did a long stint at Insuricare.,0221,others,7,"00:13:53,286","00:13:55,246"
IncrediblesII,Bob,and you take care of the kids...,0225,others,7,"00:14:00,752","00:14:01,753"
IncrediblesII,Bob,"No, I'm doing this. I need to do this.",0226,neutral,4,"00:14:01,920","00:14:04,881"
IncrediblesII,Bob,Swim at your own risk.,0235,happy,3,"00:14:28,822","00:14:30,281"
IncrediblesII,Bob,"Yeah, in spite of Bob's best efforts.",0241,happy,3,"00:14:41,209","00:14:42,711"
IncrediblesII,Bob,How much longer are you in this motel?,0244,others,7,"00:14:47,340","00:14:49,050"
IncrediblesII,Bob,"You enjoy, I'm sitting this one out.",0262,neutral,4,"00:15:24,757","00:15:26,384"
IncrediblesII,Bob,Where are you going?,0270,happy,3,"00:15:47,196","00:15:49,115"
IncrediblesII,Bob,"and very important, insurance.",0368,happy,3,"00:20:06,122","00:20:08,290"
IncrediblesII,Bob,Help me make all Supers legal again.,0372,happy,3,"00:20:14,713","00:20:17,758"
IncrediblesII,Bob,This sounds great!,0373,happy,3,"00:20:18,050","00:20:19,385"
IncrediblesII,Bob,Better than me?,0378,others,7,"00:20:29,812","00:20:32,273"
IncrediblesII,Bob,"I mean, she's good.",0379,others,7,"00:20:33,149","00:20:34,692"
IncrediblesII,Bob,"Really, a credit to her...",0380,others,7,"00:20:34,859","00:20:36,861"
IncrediblesII,Bob,And Elastigirl's numbers are self-explanatory.,0390,neutral,4,"00:20:56,130","00:20:57,965"
IncrediblesII,Bob,"Well, it's not a fair comparison!",0391,neutral,4,"00:20:58,132","00:21:00,050"
IncrediblesII,Bob,I don't know.,0398,neutral,4,"00:21:17,610","00:21:19,653"
IncrediblesII,Bob,"What do you mean, you don't know?",0399,neutral,4,"00:21:20,154","00:21:21,614"
IncrediblesII,Bob,"A few hours ago, you were saying it was over...",0400,neutral,4,"00:21:21,780","00:21:23,908"
IncrediblesII,Bob,They haven't decided what they are. They're still kids.,0410,neutral,4,"00:21:41,550","00:21:43,928"
IncrediblesII,Bob,"Kids with powers, which makes them Supers...",0411,neutral,4,"00:21:44,094","00:21:46,430"
IncrediblesII,Bob,and Jack-Jack...,0418,neutral,4,"00:21:57,191","00:21:58,192"
IncrediblesII,Bob,Of course you can leave.,0423,others,7,"00:22:06,951","00:22:08,202"
IncrediblesII,Bob,You've got to. So that I...,0424,neutral,4,"00:22:08,369","00:22:10,371"
IncrediblesII,Bob,"we can be Supers again,",0425,others,7,"00:22:10,538","00:22:12,331"
IncrediblesII,Bob,"All right, yes!",0428,angry,0,"00:22:16,210","00:22:17,378"
IncrediblesII,Bob,So I can have that choice.,0429,angry,0,"00:22:17,545","00:22:19,713"
IncrediblesII,Bob,And I would do a great job!,0430,angry,0,"00:22:20,130","00:22:22,466"
IncrediblesII,Bob,Regardless of what Deavor's pie charts say or whatever...,0431,sad,5,"00:22:22,633","00:22:26,845"
IncrediblesII,Bob,But they want you.,0432,others,7,"00:22:27,012","00:22:29,056"
IncrediblesII,Bob,And you'll do a great...,0433,sad,5,"00:22:29,223","00:22:31,767"
IncrediblesII,Bob,job...,0434,sad,5,"00:22:32,685","00:22:33,936"
IncrediblesII,Bob,But what's the choice?,0439,neutral,4,"00:22:45,739","00:22:46,740"
IncrediblesII,Bob,"One, do this right,",0440,neutral,4,"00:22:46,824","00:22:48,033"
IncrediblesII,Bob,"get well paid, we're out of the motel...",0441,neutral,4,"00:22:48,117","00:22:49,326"
IncrediblesII,Bob,"and things get better for all Supers,",0442,neutral,4,"00:22:49,493","00:22:51,287"
IncrediblesII,Bob,including our kids.,0443,neutral,4,"00:22:51,370","00:22:52,538"
IncrediblesII,Bob,Or two...,0444,neutral,4,"00:22:52,705","00:22:54,248"
IncrediblesII,Bob,But what about you? We have kids.,0451,neutral,4,"00:23:05,009","00:23:06,176"
IncrediblesII,Bob,I'II drop this thing and come right back.,0456,neutral,4,"00:23:12,516","00:23:13,767"
IncrediblesII,Bob,Near a forest!,0485,happy,3,"00:24:16,173","00:24:17,967"
IncrediblesII,Bob,What exactly is Mom's new job?,0488,happy,3,"00:24:22,388","00:24:24,515"
IncrediblesII,Bob,"No, some guy named Alexander Galbaki.",0509,happy,3,"00:25:20,446","00:25:23,324"
IncrediblesII,Bob,"Glad it's you and not me,",0510,happy,3,"00:25:23,407","00:25:25,534"
IncrediblesII,Bob,A new Elasticycle.,0514,surprise,6,"00:25:37,514","00:25:39,557"
IncrediblesII,Bob,"I will be great. And you will, too.",0524,happy,3,"00:26:04,347","00:26:06,224"
IncrediblesII,Bob,But I thought superheroes were still illegal.,0544,others,7,"00:27:21,633","00:27:24,177"
IncrediblesII,Bob,So Mom is getting paid to break the law?,0546,neutral,4,"00:27:26,012","00:27:28,849"
IncrediblesII,Bob,She's not breaking...,0547,neutral,4,"00:27:29,015","00:27:30,225"
IncrediblesII,Bob,Hey... Hey!,0552,happy,3,"00:27:40,026","00:27:41,736"
IncrediblesII,Bob,We're gonna get along just fine...,0557,happy,3,"00:27:58,461","00:28:00,964"
IncrediblesII,Bob,Enjoy the movie.,0583,neutral,4,"00:28:58,229","00:28:59,564"
IncrediblesII,Bob,In the county of Noddoff...,0584,neutral,4,"00:29:00,095","00:29:01,847"
IncrediblesII,Bob,the Frubbers of Freep...,0585,neutral,4,"00:29:02,014","00:29:03,974"
IncrediblesII,Bob,They want us to do it this way.,0590,others,7,"00:29:32,628","00:29:34,255"
IncrediblesII,Bob,I'll just wait for Mom to get back.,0593,others,7,"00:29:39,791","00:29:41,626"
IncrediblesII,Bob,What?,0594,others,7,"00:29:41,709","00:29:42,710"
IncrediblesII,Bob,The Outer Limits.,0596,others,7,"00:29:45,755","00:29:46,965"
IncrediblesII,Bob,"All over Doozle-Dorf,",0597,others,7,"00:29:50,390","00:29:51,725"
IncrediblesII,Bob,the Fribbers of Frupp are going to sleep...,0598,others,7,"00:29:51,808","00:29:54,102"
IncrediblesII,Bob,cause they just can't keep up.,0599,others,7,"00:29:54,269","00:29:56,355"
IncrediblesII,Bob,"All over Doozle-Dorf, Doozles are dozing.",0600,others,7,"00:29:56,521","00:30:00,108"
IncrediblesII,Bob,"Eyelids so heavy, they're drooping.",0601,surprise,6,"00:30:00,275","00:30:04,571"
IncrediblesII,Bob,and there's not a scratch on you!,0688,happy,3,"00:38:47,218","00:38:49,178"
IncrediblesII,Bob,Did you go through the locked door?,0689,happy,3,"00:38:49,345","00:38:50,846"
IncrediblesII,Bob,Are those your powers?,0690,neutral,4,"00:38:50,930","00:38:53,015"
IncrediblesII,Bob,{SNEEZES) {YELPS),0693,surprise,6,"00:38:58,437","00:38:59,647"
IncrediblesII,Bob,"You weren't gonna call me? Oh, hey!",0696,neutral,4,"00:39:11,617","00:39:13,369"
IncrediblesII,Bob,I just didn't wanna wake you.,0698,neutral,4,"00:39:15,746","00:39:17,957"
IncrediblesII,Bob,I'm coming home right now! I never should have...,0704,others,7,"00:39:26,549","00:39:28,050"
IncrediblesII,Bob,No accident. Stay there and finish your mission.,0705,others,7,"00:39:28,217","00:39:30,636"
IncrediblesII,Bob,Do you need me to come back?,0709,happy,3,"00:39:36,976","00:39:38,227"
IncrediblesII,Bob,What happened with Jack-Jack?,0711,others,7,"00:39:41,355","00:39:42,731"
IncrediblesII,Bob,of control the moment I left?,0723,others,7,"00:40:05,671","00:40:06,714"
IncrediblesII,Bob,"Amazing as it may seem,",0724,others,7,"00:40:06,797","00:40:08,716"
IncrediblesII,Bob,"I'm telling you, honey, it was a saga!",0745,happy,3,"00:40:47,583","00:40:49,752"
IncrediblesII,Bob,"That's fantastic, honey!",0746,happy,3,"00:40:49,919","00:40:51,712"
IncrediblesII,Bob,And on your first night!,0747,happy,3,"00:40:51,879","00:40:54,006"
IncrediblesII,Bob,That means a plus becomes a minus and a minus...,0772,neutral,4,"00:42:31,095","00:42:33,722"
IncrediblesII,Bob,He's protecting himself.,0874,happy,3,"00:47:54,759","00:47:56,761"
IncrediblesII,Bob,"If he really did see you, it's best that he forget.",0875,happy,3,"00:47:56,927","00:47:59,555"
IncrediblesII,Bob,"It's better for you, too.",0876,happy,3,"00:47:59,722","00:48:01,474"
IncrediblesII,Bob,I can't tell you how many memories,0877,neutral,4,"00:48:01,640","00:48:03,684"
IncrediblesII,Bob,Dicker's had to erase over the years...,0878,happy,3,"00:48:03,768","00:48:06,020"
IncrediblesII,Bob,"Dicker. Yeah, hey, Rick.",1032,neutral,4,"00:54:19,652","00:54:20,987"
IncrediblesII,Bob,the Friday night date my daughter had with him.,1037,neutral,4,"00:54:27,619","00:54:29,454"
IncrediblesII,Bob,"Rick, you gotta help me here.",1040,neutral,4,"00:54:34,459","00:54:36,085"
IncrediblesII,Bob,"We'd like a booth over there, near the philodendron.",1051,happy,3,"00:55:01,631","00:55:04,885"
IncrediblesII,Bob,Ha-ha! The Bored Platter!,1055,happy,3,"00:55:14,648","00:55:16,608"
IncrediblesII,Bob,Mops it right up.,1068,happy,3,"00:55:37,588","00:55:38,672"
IncrediblesII,Bob,"Would you like water, sir? Yes.",1070,happy,3,"00:55:41,508","00:55:43,635"
IncrediblesII,Bob,"Hello, Violet.",1074,happy,3,"00:55:49,558","00:55:50,726"
IncrediblesII,Bob,Hello.,1078,happy,3,"00:55:56,773","00:55:57,774"
IncrediblesII,Bob,Mmm. This is really good water.,1079,happy,3,"00:55:57,858","00:56:00,360"
IncrediblesII,Bob,How do I do it?,1223,angry,0,"01:04:26,660","01:04:27,745"
IncrediblesII,Bob,"By rolling with the punches, baby!",1224,angry,0,"01:04:28,954","01:04:31,040"
IncrediblesII,Bob,"I eat thunder and crap lightning, okay?",1225,angry,0,"01:04:31,206","01:04:33,626"
IncrediblesII,Bob,'Cause I'm Mr. Incredible!,1226,angry,0,"01:04:33,792","01:04:35,502"
IncrediblesII,Bob,I get it. When was the last time you slept?,1246,others,7,"01:05:27,972","01:05:30,474"
IncrediblesII,Bob,"Besides, he's a baby.",1248,others,7,"01:05:32,393","01:05:33,894"
IncrediblesII,Bob,Sorry about Tony.,1372,others,7,"01:11:48,635","01:11:50,637"
IncrediblesII,Bob,by trying to...,1377,others,7,"01:12:03,692","01:12:04,943"
IncrediblesII,Bob,That's the room. See where he is in relation?,1595,happy,3,"01:21:17,964","01:21:19,715"
IncrediblesII,Bob,What's at the ship at DEVTECH?,1606,others,7,"01:21:47,891","01:21:49,851"
IncrediblesII,Bob,Lucius? Bob. Helen's in trouble.,1607,others,7,"01:21:50,018","01:21:51,645"
IncrediblesII,Bob,and she's acting kind of strange. In here.,1663,neutral,4,"01:25:09,402","01:25:11,654"
IncrediblesII,Dash,Trampoline me.,0031,happy,3,"00:02:10,501","00:02:12,086"
IncrediblesII,Dash,"Thank you so much, young man!",0078,fear,2,"00:06:04,598","00:06:07,518"
IncrediblesII,Dash,Did you dry them?,0160,surprise,6,"00:11:22,636","00:11:24,596"
IncrediblesII,Dash,You're referring to today.,0166,others,7,"00:11:43,949","00:11:44,950"
IncrediblesII,Dash,"So now, we've gotta go back to never using our powers.",0187,neutral,4,"00:12:23,738","00:12:26,241"
IncrediblesII,Dash,"The dinner, while it's hot?",0192,neutral,4,"00:12:33,206","00:12:35,834"
IncrediblesII,Dash,How about thanks?,0473,happy,3,"00:23:48,494","00:23:50,329"
IncrediblesII,Dash,The important thing is we're out of the motel.,0489,happy,3,"00:24:24,682","00:24:26,934"
IncrediblesII,Dash,Whoa.,0492,happy,3,"00:24:35,693","00:24:38,154"
IncrediblesII,Dash,Oh! Wow.,0495,happy,3,"00:24:46,036","00:24:47,329"
IncrediblesII,Dash,we will control the vertical.,0588,neutral,4,"00:29:21,200","00:29:23,202"
IncrediblesII,Dash,"It's okay, Dad. Math is math!",0592,neutral,4,"00:29:37,622","00:29:39,624"
IncrediblesII,Dash,They've probably done the same to Mom.,1673,neutral,4,"01:26:12,381","01:26:14,925"
IncrediblesII,Dash,Okay. Bad guys after us.,1674,neutral,4,"01:26:16,385","01:26:18,471"
IncrediblesII,Dash,"No Mom, no Dad.",1675,neutral,4,"01:26:18,637","01:26:20,181"
IncrediblesII,Dash,No Lucius.,1676,neutral,4,"01:26:20,347","01:26:21,474"
IncrediblesII,Dash,"But we have our powers, this car...",1677,others,7,"01:26:21,640","01:26:25,144"
IncrediblesII,Helen,"We're gonna lose him. Oh, all right.",0025,neutral,4,"00:02:02,743","00:02:04,412"
IncrediblesII,Helen,I can't steer it or stop it. And the Underminer's escaped!,0071,surprise,6,"00:05:26,727","00:05:30,356"
IncrediblesII,Helen,What? Is this all vegetables? Who ordered all vegetables?,0161,neutral,4,"00:11:28,558","00:11:33,188"
IncrediblesII,Helen,What elephant? I guess not then.,0165,neutral,4,"00:11:41,530","00:11:43,782"
IncrediblesII,Helen,"Yeah, what's the deal with today?",0167,neutral,4,"00:11:45,033","00:11:46,785"
IncrediblesII,Helen,We all made mistakes.,0168,neutral,4,"00:11:46,952","00:11:48,203"
IncrediblesII,Helen,"For example,",0169,neutral,4,"00:11:48,370","00:11:49,621"
IncrediblesII,Helen,"Babysitting, while you guys did the important stuff.",0171,neutral,4,"00:11:51,414","00:11:54,626"
IncrediblesII,Helen,You said things were different now.,0184,neutral,4,"00:12:17,691","00:12:19,568"
IncrediblesII,Helen,What? Someone on TV said it.,0190,neutral,4,"00:12:29,578","00:12:31,454"
IncrediblesII,Helen,We didn't do anything wrong.,0195,neutral,4,"00:12:39,129","00:12:41,381"
IncrediblesII,Helen,Superheroes are illegal.,0196,neutral,4,"00:12:41,548","00:12:43,842"
IncrediblesII,Helen,Even when the law is disrespectful?,0200,angry,0,"00:12:49,931","00:12:51,516"
IncrediblesII,Helen,"If laws are unjust, there are laws to change them!",0201,angry,0,"00:12:51,683","00:12:54,227"
IncrediblesII,Helen,Any thought we had about being Supers again is fantasy.,0218,sad,5,"00:13:47,030","00:13:50,116"
IncrediblesII,Helen,One of us has gotta get a job.,0219,sad,5,"00:13:50,283","00:13:51,826"
IncrediblesII,Helen,You did a long stint at Insuricare.,0221,sad,5,"00:13:53,286","00:13:55,246"
IncrediblesII,Helen,You know where my suit and ties are?,0227,neutral,4,"00:14:05,966","00:14:07,759"
IncrediblesII,Helen,"We can't count on anyone else now, Bob.",0231,neutral,4,"00:14:12,764","00:14:15,141"
IncrediblesII,Helen,It's just us.,0232,neutral,4,"00:14:15,308","00:14:16,476"
IncrediblesII,Helen,"Besides, I knew the cops would let you go.",0240,neutral,4,"00:14:38,498","00:14:41,042"
IncrediblesII,Helen,"Now, you know the offer still stands.",0246,neutral,4,"00:14:50,510","00:14:52,137"
IncrediblesII,Helen,"You're very generous, but there are five of us.",0247,neutral,4,"00:14:52,303","00:14:54,514"
IncrediblesII,Helen,"Ah, jeez! More superhero trouble.",0258,neutral,4,"00:15:16,675","00:15:18,719"
IncrediblesII,Helen,"So, what do you say?",0396,happy,3,"00:21:11,896","00:21:13,647"
IncrediblesII,Helen,"A few hours ago, you were saying it was over...",0400,others,7,"00:21:21,780","00:21:23,908"
IncrediblesII,Helen,So do I.,0405,angry,0,"00:21:33,042","00:21:34,460"
IncrediblesII,Helen,It's not a good time to be away.,0414,neutral,4,"00:21:50,351","00:21:52,144"
IncrediblesII,Helen,Dash is having trouble with homework...,0415,neutral,4,"00:21:52,311","00:21:53,771"
IncrediblesII,Helen,Vi is worried about her first date,0416,neutral,4,"00:21:53,938","00:21:55,689"
IncrediblesII,Helen,"with that boy she likes, Tony...",0417,neutral,4,"00:21:55,773","00:21:57,024"
IncrediblesII,Helen,Jack-Jack? What's wrong with him?,0419,neutral,4,"00:21:58,359","00:22:00,152"
IncrediblesII,Helen,"Okay, nothing's wrong with Jack-Jack.",0420,neutral,4,"00:22:01,111","00:22:02,321"
IncrediblesII,Helen,But even a normal baby needs a lot of attention.,0421,neutral,4,"00:22:02,488","00:22:05,032"
IncrediblesII,Helen,so our kids can have that choice.,0426,neutral,4,"00:22:12,414","00:22:14,083"
IncrediblesII,Helen,too.,0435,others,7,"00:22:34,520","00:22:35,729"
IncrediblesII,Helen,I can't lie to you.,0437,neutral,4,"00:22:40,484","00:22:42,403"
IncrediblesII,Helen,I find a job in two weeks or we're homeless.,0445,others,7,"00:22:54,415","00:22:56,834"
IncrediblesII,Helen,You'll be great.,0449,neutral,4,"00:23:02,840","00:23:03,841"
IncrediblesII,Helen,"I'll watch the kids, no problem.",0452,neutral,4,"00:23:06,343","00:23:07,886"
IncrediblesII,Helen,"Easy. Easy, huh?",0453,neutral,4,"00:23:08,053","00:23:09,555"
IncrediblesII,Helen,You're adorable.,0454,neutral,4,"00:23:09,722","00:23:11,265"
IncrediblesII,Helen,"Well, if there is a problem,",0455,neutral,4,"00:23:11,432","00:23:12,433"
IncrediblesII,Helen,Deavor here.,0461,neutral,4,"00:23:22,651","00:23:24,737"
IncrediblesII,Helen,This is Elastigirl.,0462,neutral,4,"00:23:24,903","00:23:26,196"
IncrediblesII,Helen,Can't have my partners living in a motel.,0468,neutral,4,"00:23:38,192","00:23:39,944"
IncrediblesII,Helen,I'm not using that one. Stay as long as you need.,0471,neutral,4,"00:23:44,323","00:23:46,700"
IncrediblesII,Helen,I'm not all dark and angsty.,0505,others,7,"00:25:12,563","00:25:15,691"
IncrediblesII,Helen,I'm Elastigirl.,0506,neutral,4,"00:25:15,858","00:25:16,942"
IncrediblesII,Helen,E designed this?,0508,others,7,"00:25:19,069","00:25:20,279"
IncrediblesII,Helen,This note came with it.,0512,neutral,4,"00:25:28,204","00:25:29,413"
IncrediblesII,Helen,"Hey, I had a mohawk.",0516,neutral,4,"00:25:42,394","00:25:43,603"
IncrediblesII,Helen,"Yeah, but... A mohawk?",0518,neutral,4,"00:25:45,230","00:25:47,107"
IncrediblesII,Helen,"Ah, you didn't miss anything.",0519,happy,3,"00:25:47,273","00:25:49,275"
IncrediblesII,Helen,"What's that mean? Whoa, whoa, whoa, whoa.",0521,others,7,"00:25:54,504","00:25:57,424"
IncrediblesII,Helen,You will be great.,0523,neutral,4,"00:26:03,221","00:26:04,264"
IncrediblesII,Helen,you go where the crime is big.,0537,neutral,4,"00:27:01,780","00:27:03,448"
IncrediblesII,Helen,It's a superhero's playground.,0565,neutral,4,"00:28:19,357","00:28:20,692"
IncrediblesII,Helen,It's a superhero's playground. Right.,0566,neutral,4,"00:28:20,775","00:28:22,319"
IncrediblesII,Helen,"You know, after we went underground...",0567,neutral,4,"00:28:22,485","00:28:24,112"
IncrediblesII,Helen,my husband used to listen to a police scanner...,0568,neutral,4,"00:28:24,279","00:28:25,947"
IncrediblesII,Helen,waiting for something to happen.,0569,happy,3,"00:28:26,114","00:28:27,616"
IncrediblesII,Helen,And I got mad at him for it.,0570,neutral,4,"00:28:27,782","00:28:29,492"
IncrediblesII,Helen,that New Urbem is not the only city...,0608,neutral,4,"00:30:20,170","00:30:22,214"
IncrediblesII,Helen,Sure. You're making life easy for them.,0610,neutral,4,"00:30:24,744","00:30:26,580"
IncrediblesII,Helen,They still haven't forgiven us,0611,neutral,4,"00:30:26,746","00:30:27,873"
IncrediblesII,Helen,This thing's really moving.,0627,others,7,"00:31:28,065","00:31:30,317"
IncrediblesII,Helen,"Dash, honey. Can't talk right now.",0641,others,7,"00:32:21,410","00:32:22,869"
IncrediblesII,Helen,"It's just, Jack-Jack... He had an accident!",0702,others,7,"00:39:23,295","00:39:25,089"
IncrediblesII,Helen,What? You don't think I can do this?,0707,others,7,"00:39:32,304","00:39:34,265"
IncrediblesII,Helen,"No, no. No, I've got this. Everything's great.",0710,neutral,4,"00:39:38,394","00:39:41,188"
IncrediblesII,Helen,"Fine, yes, no trouble.",0719,neutral,4,"00:39:59,748","00:40:01,250"
IncrediblesII,Helen,All done.,0721,neutral,4,"00:40:03,169","00:40:04,420"
IncrediblesII,Helen,How about you?,0726,happy,3,"00:40:11,302","00:40:12,803"
IncrediblesII,Helen,It was so great!,0728,happy,3,"00:40:17,141","00:40:18,809"
IncrediblesII,Helen,and was able to successfully activate...,0731,happy,3,"00:40:23,336","00:40:25,422"
IncrediblesII,Helen,"Blah, blah, blah. He says a few words, cuts the ribbon...",0732,happy,3,"00:40:25,589","00:40:27,632"
IncrediblesII,Helen,Elastigirl...,0739,happy,3,"00:40:37,809","00:40:38,852"
IncrediblesII,Helen,"I'm proud of you, honey.",0749,happy,3,"00:40:57,218","00:40:58,719"
IncrediblesII,Helen,I know you want to get out there and you will soon.,0750,happy,3,"00:40:58,886","00:41:01,388"
IncrediblesII,Helen,And you'll be amazing.,0751,neutral,4,"00:41:01,555","00:41:03,349"
IncrediblesII,Helen,I couldn't have done this,0752,neutral,4,"00:41:03,515","00:41:04,642"
IncrediblesII,Helen,This is good. The train gives us momentum.,0799,neutral,4,"00:43:53,427","00:43:55,763"
IncrediblesII,Helen,That means so much coming from you.,0811,happy,3,"00:44:22,706","00:44:24,041"
IncrediblesII,Helen,"and sporting a new look, is the superhero, Elastigirl.",0826,neutral,4,"00:44:49,135","00:44:51,471"
IncrediblesII,Helen,All the polls are going in your direction.,0828,neutral,4,"00:44:53,943","00:44:56,028"
IncrediblesII,Helen,I'm happy.,0924,neutral,4,"00:50:10,057","00:50:11,350"
IncrediblesII,Helen,Because I didn't get him!,0929,neutral,4,"00:50:21,405","00:50:22,698"
IncrediblesII,Helen,Screenslaver is still out there.,0930,neutral,4,"00:50:22,782","00:50:23,866"
IncrediblesII,Helen,All I did was play his game and win this round.,0931,others,7,"00:50:24,033","00:50:26,994"
IncrediblesII,Helen,He's gonna want more,0932,others,7,"00:50:27,161","00:50:28,246"
IncrediblesII,Helen,I am called Brick.,0963,neutral,4,"00:51:53,298","00:51:55,008"
IncrediblesII,Helen,And people have to pay attention.,0991,neutral,4,"00:52:58,696","00:53:00,573"
IncrediblesII,Helen,The cynic...,0999,neutral,4,"00:53:16,214","00:53:17,215"
IncrediblesII,Helen,Would say selling is more important,1000,neutral,4,"00:53:17,340","00:53:18,883"
IncrediblesII,Helen,because the best sellers have the most buyers.,1001,neutral,4,"00:53:18,967","00:53:21,094"
IncrediblesII,Helen,"So, what would the believer say?",1008,neutral,4,"00:53:35,483","00:53:37,151"
IncrediblesII,Helen,The believer would tell you to make your mark.,1009,neutral,4,"00:53:37,318","00:53:39,696"
IncrediblesII,Helen,"Well, he's not wrong.",1014,neutral,4,"00:53:46,828","00:53:47,870"
IncrediblesII,Helen,There is an art to getting a reaction...,1015,neutral,4,"00:53:47,954","00:53:49,581"
IncrediblesII,Helen,My brother? No. Screenslaver!,1017,neutral,4,"00:53:51,207","00:53:54,127"
IncrediblesII,Helen,You're tech-savvy. I need to lock onto a signal...,1018,neutral,4,"00:53:54,294","00:53:56,796"
IncrediblesII,Helen,and trace its origin.,1019,neutral,4,"00:53:56,963","00:53:58,047"
IncrediblesII,Helen,What happened?,1148,angry,0,"01:01:44,385","01:01:45,594"
IncrediblesII,Helen,"Thanks, Winston, Evelyn, and everyone at DEVTECH.",1341,neutral,4,"01:10:02,454","01:10:05,624"
IncrediblesII,Helen,I am forever in your debt.,1342,others,7,"01:10:05,791","01:10:07,584"
IncrediblesII,Helen,"And thanks to all of you,",1343,others,7,"01:10:07,751","01:10:09,503"
IncrediblesII,Helen,I know I can handle the superhero stuff.,1361,others,7,"01:10:56,967","01:10:58,802"
IncrediblesII,Helen,"Uh-huh, uh-huh. Oh.",1362,neutral,4,"01:11:01,888","01:11:03,181"
IncrediblesII,Helen,He wanted you to win.,1420,neutral,4,"01:13:57,055","01:13:59,057"
IncrediblesII,Helen,"Look, you won. You got the guy who...",1428,neutral,4,"01:14:11,737","01:14:13,780"
IncrediblesII,Helen,Wait. AII Screenslaver needs to do,1429,neutral,4,"01:14:13,947","01:14:16,199"
IncrediblesII,Helen,to hypnotize someone...,1430,neutral,4,"01:14:16,283","01:14:17,325"
IncrediblesII,Helen,is get a screen in front of their eyes.,1431,others,7,"01:14:17,492","01:14:19,578"
IncrediblesII,Helen,But what if the screen doesn't look like a screen?,1432,others,7,"01:14:19,745","01:14:23,749"
IncrediblesII,Helen,What if the pizza guy is really a pizza guy...,1433,others,7,"01:14:26,293","01:14:30,422"
IncrediblesII,Helen,Does Winston know?,1526,angry,0,"01:18:35,790","01:18:37,166"
IncrediblesII,Lucius,No lifeguard on duty!,0234,neutral,4,"00:14:26,653","00:14:28,655"
IncrediblesII,Lucius,"Yeah, yeah, yeah.",0242,neutral,4,"00:14:42,877","00:14:44,379"
IncrediblesII,Lucius,I heard the program shut down.,0243,neutral,4,"00:14:44,546","00:14:47,173"
IncrediblesII,Lucius,Two weeks.,0245,neutral,4,"00:14:49,217","00:14:50,343"
IncrediblesII,Lucius,We wouldn't do that to you and Honey.,0248,neutral,4,"00:14:54,681","00:14:56,224"
IncrediblesII,Lucius,"Well, door's always open.",0249,neutral,4,"00:14:56,391","00:14:57,851"
IncrediblesII,Lucius,"You know, the news isn't all bad.",0250,neutral,4,"00:14:58,018","00:15:00,145"
IncrediblesII,Lucius,While you guys were being detained...,0251,neutral,4,"00:15:00,311","00:15:02,981"
IncrediblesII,Lucius,I checked him out.,0255,neutral,4,"00:15:12,588","00:15:13,630"
IncrediblesII,Lucius,When?,0260,others,7,"00:15:20,512","00:15:21,555"
IncrediblesII,Lucius,"You enjoy, I'm sitting this one out.",0262,neutral,4,"00:15:24,757","00:15:26,384"
IncrediblesII,Lucius,"Honey, let's just at least hear what he has to say.",0264,happy,3,"00:15:28,219","00:15:31,722"
IncrediblesII,Lucius,Go in our Supersuits?,0266,neutral,4,"00:15:34,517","00:15:36,519"
IncrediblesII,Lucius,"I can handle it, I got this handled.",1249,neutral,4,"01:05:33,978","01:05:36,146"
IncrediblesII,Lucius,Then I'll be good to go.,1274,neutral,4,"01:06:42,546","01:06:43,922"
IncrediblesII,Lucius,"Oh, you need more than me time, Bob.",1275,neutral,4,"01:06:44,089","01:06:46,175"
IncrediblesII,Lucius,You need major life realignment,1276,neutral,4,"01:06:46,341","01:06:48,093"
IncrediblesII,Lucius,Suit up. It might get weird.,1609,others,7,"01:21:53,396","01:21:54,773"
IncrediblesII,Lucius,The Beavers “Net sent me here to guard the house.,1633,neutral,4,"01:23:00,589","01:23:03,300"
IncrediblesII,Rick,,0000,neutral,4,,
IncrediblesII,Rick,Agent Rick Dicker interrogating.,0002,neutral,4,"00:00:55,160","00:00:57,245"
IncrediblesII,Rick,What is that?,0050,neutral,4,"00:02:50,499","00:02:51,500"
IncrediblesII,Rick,You weren't much help.,0123,neutral,4,"00:09:29,523","00:09:30,899"
IncrediblesII,Rick,Do you want out of the hole?,0124,neutral,4,"00:09:31,066","00:09:32,943"
IncrediblesII,Rick,Last name is Rydinger.,0135,neutral,4,"00:10:15,694","00:10:16,945"
IncrediblesII,Rick,Tony Rydinger.,0136,neutral,4,"00:10:17,112","00:10:19,197"
IncrediblesII,Rick,I'll check it out.,0137,neutral,4,"00:10:19,364","00:10:20,949"
IncrediblesII,Rick,"Bob, Helen...",0138,neutral,4,"00:10:21,116","00:10:22,451"
IncrediblesII,Rick,a word if you don't mind.,0139,neutral,4,"00:10:22,617","00:10:25,036"
IncrediblesII,Rick,Politicians don't understand people...,0142,neutral,4,"00:10:29,750","00:10:31,334"
IncrediblesII,Rick,who do good simply because it's right.,0143,neutral,4,"00:10:31,501","00:10:34,629"
IncrediblesII,Rick,It makes 'em nervous.,0144,neutral,4,"00:10:34,796","00:10:36,423"
IncrediblesII,Rick,Today was all they needed.,0146,neutral,4,"00:10:39,301","00:10:41,428"
IncrediblesII,Rick,Anyway...,0147,neutral,4,"00:10:41,720","00:10:43,388"
IncrediblesII,Rick,I'm done.,0148,neutral,4,"00:10:43,555","00:10:44,723"
IncrediblesII,Rick,I'm afraid two more weeks in the motel,0149,neutral,4,"00:10:44,890","00:10:46,975"
IncrediblesII,Rick,is the best I can do for ya.,0150,neutral,4,"00:10:47,058","00:10:48,351"
IncrediblesII,Rick,We won't forget.,0153,neutral,4,"00:10:50,937","00:10:52,522"
IncrediblesII,Rick,"Well, it has been a great honor",0154,neutral,4,"00:10:52,689","00:10:54,733"
IncrediblesII,Rick,"Thanks for everything, and good luck.",0156,neutral,4,"00:10:56,318","00:10:58,653"
IncrediblesII,Rick,I gotta fix this. What do you know about Tony?,1042,neutral,4,"00:54:39,339","00:54:41,758"
IncrediblesII,Rick,Um...,1043,neutral,4,"00:54:41,841","00:54:43,092"
IncrediblesII,Rick,Not much.,1044,neutral,4,"00:54:43,176","00:54:44,469"
IncrediblesII,Sady,With all due respect...,0614,neutral,4,"00:30:31,877","00:30:33,003"
IncrediblesII,Sady,if you alone had handled the Underminer...,0615,neutral,4,"00:30:33,170","00:30:35,255"
IncrediblesII,Sady,Out front?,0983,neutral,4,"00:52:42,555","00:52:43,598"
IncrediblesII,Sady,"Well, it's been a while since your superhero days...",0984,neutral,4,"00:52:43,765","00:52:46,601"
IncrediblesII,Sady,"Nah, I beg to differ.",0987,neutral,4,"00:52:50,104","00:52:51,606"
IncrediblesII,Sady,I'm not... I'm not saying you weren't big.,0988,neutral,4,"00:52:51,773","00:52:53,608"
IncrediblesII,Sady,"No, you were, and are, a superstar...",0989,neutral,4,"00:52:53,775","00:52:55,652"
IncrediblesII,Sady,but you have the stage to yourself now.,0990,neutral,4,"00:52:55,818","00:52:58,530"
IncrediblesII,Sady,Your brother runs DEVTECH.,0994,disgust,1,"00:53:04,244","00:53:05,578"
IncrediblesII,Sady,It only matters what people buy.,1003,neutral,4,"00:53:22,929","00:53:24,681"
IncrediblesII,Sady,This is true.,1004,neutral,4,"00:53:24,847","00:53:25,890"
IncrediblesII,Sady,If I discovered the origin of the universe...,1005,neutral,4,"00:53:26,057","00:53:28,393"
IncrediblesII,Sady,"Yeah, I invent the stuff, he's good at people.",1396,neutral,4,"01:13:02,751","01:13:05,170"
IncrediblesII,Sady,That I'm the Screenslaver? Of course not.,1527,neutral,4,"01:18:37,333","01:18:40,086"
IncrediblesII,Sady,Can you imagine what Mr. Free Enterprise,1528,neutral,4,"01:18:40,253","01:18:42,588"
IncrediblesII,Sady,would do with my hypnosis technology?,1529,neutral,4,"01:18:42,672","01:18:44,465"
IncrediblesII,Sady,"Hey, I'm using the technology",1531,neutral,4,"01:18:46,092","01:18:48,219"
IncrediblesII,Sady,Because you have some strange abilities,1552,neutral,4,"01:19:25,381","01:19:27,675"
IncrediblesII,Sady,and a shiny costume...,1553,others,7,"01:19:27,758","01:19:28,926"
IncrediblesII,Sady,the rest of us are supposed to put our lives,1554,others,7,"01:19:29,093","01:19:31,470"
IncrediblesII,Sady,into your gloved hands.,1555,others,7,"01:19:31,554","01:19:33,431"
IncrediblesII,Sady,to put their lives in anybody else's hands.,1569,angry,0,"01:20:11,886","01:20:13,721"
IncrediblesII,Sady,Nah.,1572,neutral,4,"01:20:19,310","01:20:20,311"
IncrediblesII,Sady,"Yeah. Night vision, et cetera...",1733,neutral,4,"01:30:54,986","01:30:56,821"
IncrediblesII,Tony,"State your name, please.",0003,others,7,"00:00:57,412","00:00:58,747"
IncrediblesII,Tony,I asked her out to a movie.,0012,happy,3,"00:01:22,703","00:01:23,871"
IncrediblesII,Tony,I couldn't handle it and ran off.,0044,neutral,4,"00:02:37,528","00:02:39,280"
IncrediblesII,Tony,I feel kinda bad about it.,0045,neutral,4,"00:02:39,613","00:02:41,073"
IncrediblesII,Tony,It's not her fault superheroes are illegal.,0047,others,7,"00:02:44,034","00:02:45,995"
IncrediblesII,Tony,And it's not like I don't like strong girls.,0048,neutral,4,"00:02:46,162","00:02:47,997"
IncrediblesII,Tony,I'm pretty secure manhood-wise.,0049,neutral,4,"00:02:48,164","00:02:50,332"
IncrediblesII,Tony,"I like this girl, Mr. Dicker.",0054,neutral,4,"00:02:59,008","00:03:00,092"
IncrediblesII,Tony,I'm supposed to go out with her Friday night.,0055,sad,5,"00:03:00,259","00:03:02,303"
IncrediblesII,Violet,Oh. Tony!,0040,others,7,"00:02:31,355","00:02:32,648"
IncrediblesII,Violet,Violet! Who's watching Jack-Jack?,0085,others,7,"00:07:06,994","00:07:09,455"
IncrediblesII,Violet,"Dad, this is probably",0127,others,7,"00:09:41,868","00:09:43,954"
IncrediblesII,Violet,not the best time to tell you about this...,0128,sad,5,"00:09:44,037","00:09:47,332"
IncrediblesII,Violet,I did. They're good and you're going to have some.,0162,neutral,4,"00:11:33,355","00:11:35,065"
IncrediblesII,Violet,you kids were supposed to watch Jack-Jack.,0170,others,7,"00:11:49,704","00:11:51,248"
IncrediblesII,Violet,"Yeah, well, help out can mean many different things.",0176,others,7,"00:12:01,800","00:12:05,095"
IncrediblesII,Violet,Which is exactly what we have!,0203,others,7,"00:12:55,687","00:12:57,564"
IncrediblesII,Violet,Got a feeling he's nostalgic.,0269,neutral,4,"00:15:40,773","00:15:43,609"
IncrediblesII,Violet,If Jack-Jack wakes up...,0272,neutral,4,"00:15:51,784","00:15:52,785"
IncrediblesII,Violet,And a pool!,0487,others,7,"00:24:19,927","00:24:22,221"
IncrediblesII,Violet,"They are, for now.",0545,others,7,"00:27:24,344","00:27:25,846"
IncrediblesII,Violet,She's not breaking...,0547,happy,3,"00:27:29,015","00:27:30,225"
IncrediblesII,Violet,"So, Mom is going out illegally...",0550,others,7,"00:27:33,937","00:27:36,690"
IncrediblesII,Violet,"Oh. Uh, hello.",0775,surprise,6,"00:42:50,739","00:42:52,533"
IncrediblesII,Violet,We're in a new house.,0776,surprise,6,"00:42:53,325","00:42:54,702"
IncrediblesII,Violet,"Oh, is that what that is?",0779,neutral,4,"00:43:00,082","00:43:02,084"
IncrediblesII,Violet,That's funny.,0782,happy,3,"00:43:06,714","00:43:08,757"
IncrediblesII,Violet,Points for funny.,0783,happy,3,"00:43:11,885","00:43:13,220"
IncrediblesII,Violet,and they just wanna do Shakespeare...,0787,happy,3,"00:43:21,478","00:43:23,606"
IncrediblesII,Violet,You wanna wear one kind of tights...,0791,angry,0,"00:43:28,986","00:43:30,112"
IncrediblesII,Violet,Good morning!,0871,neutral,4,"00:47:47,626","00:47:48,627"
IncrediblesII,Violet,He takes one look at me in that suit...,0872,others,7,"00:47:48,794","00:47:50,755"
IncrediblesII,Violet,your mother's or my identity.,0880,angry,0,"00:48:07,938","00:48:09,565"
IncrediblesII,Violet,You had me erased from Tony's mind!,0883,angry,0,"00:48:14,528","00:48:17,156"
IncrediblesII,Violet,I hate superheroes!,0884,angry,0,"00:48:30,669","00:48:32,338"
IncrediblesII,Violet,And I renounce them!,0885,angry,0,"00:48:32,505","00:48:34,381"
IncrediblesII,Violet,Happy Platter?,1048,others,7,"00:54:52,330","00:54:54,332"
IncrediblesII,Violet,from drive-in food.,1057,neutral,4,"00:55:19,069","00:55:20,153"
IncrediblesII,Violet,"No firing the baby around the house, okay?",1616,angry,0,"01:22:04,616","01:22:06,701"
IncrediblesII,Violet,What's at the ship at DEVTECH?,1617,angry,0,"01:22:06,868","01:22:08,578"
IncrediblesII,Violet,Is that Mom's supersuit?,1619,neutral,4,"01:22:23,009","01:22:24,511"
IncrediblesII,Violet,"I don't know, but Dad called Lucius",1622,neutral,4,"01:22:28,265","01:22:30,141"
IncrediblesII,Violet,after getting a call about Mom...,1623,neutral,4,"01:22:30,225","01:22:32,102"
IncrediblesII,Violet,"They were wearing them, too.",1671,sad,5,"01:26:07,668","01:26:09,462"
IncrediblesII,Violet,They're all under someone's control.,1672,sad,5,"01:26:09,628","01:26:12,214"
IncrediblesII,Violet,Keep him amused but quiet!,1715,neutral,4,"01:29:10,804","01:29:13,432"
Inside,Sadness,"Er, for 33 seconds?",0012,sad,5,"00:02:41,400","00:02:43,482"
Inside,Sadness,He doesn't love us anymore.,0205,others,7,"00:11:00,400","00:11:02,004"
Inside,Sadness,That's sad.,0206,others,7,"00:11:02,080","00:11:03,241"
Inside,Sadness,"I should drive, right?",0207,neutral,4,"00:11:03,400","00:11:04,890"
Inside,Sadness,she's gonna feel sad.,0252,sad,5,"00:12:39,880","00:12:41,120"
Inside,Sadness,"Bravo. I'm sorry, Joy.",0253,sad,5,"00:12:41,360","00:12:42,805"
Inside,Sadness,I don't really know...,0254,sad,5,"00:12:42,880","00:12:44,120"
Inside,Sadness,until we figure out what's going on.,0258,sad,5,"00:12:53,120","00:12:54,560"
Inside,Sadness,Whoo-hoo!,0269,others,7,"00:13:25,160","00:13:26,241"
Inside,Sadness,"And when you touch them, we can't change them back.",0273,sad,5,"00:13:35,680","00:13:38,001"
Inside,Sadness,I know. I'm sorry.,0274,sad,5,"00:13:38,080","00:13:39,241"
Inside,Sadness,Something's wrong with me.,0275,sad,5,"00:13:39,320","00:13:41,084"
Inside,Sadness,You're not having a breakdown. It's stress.,0277,sad,5,"00:13:43,200","00:13:45,248"
Inside,Sadness,Yeah. Find the fun.,0284,sad,5,"00:13:57,800","00:13:59,484"
Inside,Sadness,try to think of something funny.,0287,happy,3,"00:14:02,800","00:14:04,290"
Inside,Sadness,Um... Oh!,0288,happy,3,"00:14:04,640","00:14:05,641"
Inside,Sadness,milk came out of her nose?,0293,sad,5,"00:14:14,360","00:14:16,408"
Inside,Sadness,"Uh, what are your favorite things to do?",0297,neutral,4,"00:14:24,800","00:14:26,484"
Inside,Sadness,My favorite?,0298,neutral,4,"00:14:26,600","00:14:27,806"
Inside,Sadness,"And we get all cold, shivery, and",0309,sad,5,"00:14:52,880","00:14:55,690"
Inside,Sadness,It's just like really the opposite of what we're going for here.,0313,neutral,4,"00:15:03,320","00:15:06,005"
Inside,Sadness,Crying helps me slow down and obsess,0314,neutral,4,"00:15:06,680","00:15:08,648"
Inside,Sadness,"No. Ooh, a real page-turner!",0322,neutral,4,"00:15:25,360","00:15:27,567"
Inside,Sadness,Long Term Memory data selection,0323,neutral,4,"00:15:27,920","00:15:29,763"
Inside,Sadness,"We have no clean clothes. I mean, no one should see us.",0363,fear,2,"00:17:00,000","00:17:01,776"
Inside,Sadness,and Riley will be back to normal.,0546,others,7,"00:26:15,080","00:26:16,764"
Inside,Sadness,Riley has no Core Memories.,0547,fear,2,"00:26:17,920","00:26:20,161"
Inside,Sadness,You.,0550,fear,2,"00:26:24,840","00:26:25,841"
Inside,Sadness,You're not in Headquarters.,0551,others,7,"00:26:26,000","00:26:27,764"
Inside,Sadness,"Without you, Riley can't be happy.",0552,others,7,"00:26:27,880","00:26:30,531"
Inside,Sadness,We lost Goofball Island.,0662,fear,2,"00:32:23,520","00:32:25,568"
Inside,Sadness,That means she can lose Friendship,0663,fear,2,"00:32:26,280","00:32:27,725"
Inside,Sadness,and Hockey and Honesty and Family.,0664,fear,2,"00:32:27,880","00:32:30,042"
Inside,Sadness,So you know the way back to Headquarters!,0690,neutral,4,"00:33:28,600","00:33:30,568"
Inside,Sadness,Show me where we're going!,0695,sad,5,"00:33:38,680","00:33:39,761"
Inside,Sadness,Okay. Only I'm too sad to walk.,0696,sad,5,"00:33:39,840","00:33:43,606"
Inside,Sadness,"If you touch them, they stay sad.",0716,neutral,4,"00:34:32,160","00:34:34,640"
Inside,Sadness,"Oh, Riley loved that one. And now it's gone.",0785,sad,5,"00:37:06,400","00:37:10,724"
Inside,Sadness,"Goodbye, friendship.",0786,sad,5,"00:37:11,280","00:37:12,566"
Inside,Sadness,We'll just have to go the long way.,0788,sad,5,"00:37:18,720","00:37:20,961"
Inside,Sadness,"Bing Bong, Bing Bong",0834,neutral,4,"00:39:07,760","00:39:09,046"
Inside,Sadness,Joy. What?,0875,neutral,4,"00:40:45,480","00:40:46,606"
Inside,Sadness,I read about this place,0876,neutral,4,"00:40:46,800","00:40:48,404"
Inside,Sadness,Bing Bong says it's the quickest way to Headquarters.,0878,others,7,"00:40:50,280","00:40:52,296"
Inside,Sadness,Is there really another station?,0943,neutral,4,"00:43:49,640","00:43:50,926"
Inside,Sadness,"Won't that be fun? Come on, let's go to the train station!",1042,neutral,4,"00:48:31,400","00:48:34,529"
Inside,Sadness,I'm sorry they took your rocket.,1043,neutral,4,"00:48:36,400","00:48:38,129"
Inside,Sadness,They took something that you loved.,1044,sad,5,"00:48:39,200","00:48:41,009"
Inside,Sadness,"Oh, she did. We were best friends.",1055,others,7,"00:49:02,280","00:49:05,762"
Inside,Sadness,How did you do that?,1060,neutral,4,"00:49:33,720","00:49:34,881"
Inside,Sadness,"Oh, I don't know. He was sad.",1061,neutral,4,"00:49:35,040","00:49:37,088"
Inside,Sadness,"How about we wake her up? Sadness, that's ridiculous!",1111,neutral,4,"00:51:53,440","00:51:56,205"
Inside,Sadness,Rainbow Unicorn! She's right there!,1119,neutral,4,"00:52:18,040","00:52:20,407"
Inside,Sadness,My friend says you're famous.,1120,neutral,4,"00:52:23,560","00:52:25,449"
Inside,Sadness,Okay. How are we going to wake her up?,1138,neutral,4,"00:53:00,840","00:53:02,683"
Inside,Sadness,We'll excite her awake!,1146,neutral,4,"00:53:16,320","00:53:17,606"
Inside,Sadness,I don't like it here.,1230,fear,2,"00:56:46,160","00:56:47,321"
Inside,Sadness,Would you walk quieter?,1236,fear,2,"00:57:14,200","00:57:15,247"
Inside,Sadness,Did you hear about the pa-pa-party they were having?,1254,fear,2,"00:58:52,440","00:58:55,808"
Inside,Sadness,"Oh, yeah. Oh, yes, Joy.",1255,fear,2,"00:58:55,880","00:58:57,609"
Inside,Sadness,You're not so bad.,1311,happy,3,"01:01:41,120","01:01:42,201"
Inside,Sadness,"Oh, I love this one.",1324,happy,3,"01:02:07,640","01:02:09,165"
Inside,Sadness,Atta girl! Now you're getting it!,1326,neutral,4,"01:02:12,040","01:02:14,088"
Inside,Sadness,Yeah. It was the day the Prairie Dogs,1327,neutral,4,"01:02:14,160","01:02:16,481"
Inside,Sadness,lost the big playoff game.,1328,sad,5,"01:02:16,560","01:02:18,324"
Inside,Sadness,Riley missed the winning shot.,1329,sad,5,"01:02:18,400","01:02:20,129"
Inside,Sadness,She felt awful. She wanted to quit.,1330,sad,5,"01:02:20,200","01:02:22,328"
Inside,Sadness,Let's get back to Minnesota and make more.,1355,others,7,"01:04:14,360","01:04:16,442"
Inside,Sadness,Family Island. Let's go!,1357,others,7,"01:04:22,320","01:04:23,685"
Inside,Sadness,You're hurting Riley!,1369,fear,2,"01:05:35,280","01:05:36,441"
Inside,Sadness,Glad they finally opened that Friendly Argument section.,1556,neutral,4,"01:24:04,440","01:24:06,920"
Inside,Bill,Whew! Yeah. You're welcome.,0040,neutral,4,"00:03:45,360","00:03:46,566"
Inside,Bill,"Riley, if you don't eat your dinner,",0041,neutral,4,"00:03:46,640","00:03:48,080"
Inside,Bill,It's okay. We get it.,0201,neutral,4,"00:10:53,240","00:10:54,605"
Inside,Bill,Signal him again.,0603,happy,3,"00:28:34,480","00:28:35,527"
Inside,Bill,"No, not the foot!",0615,neutral,4,"00:29:00,400","00:29:02,323"
Inside,Bill,"You heard that, gentlemen. DEFCON Two.",0622,neutral,4,"00:29:14,640","00:29:16,688"
Inside,Bill,"Listen, young lady, I don't know where",0623,neutral,4,"00:29:17,960","00:29:19,480"
Inside,Bill,Fire!,0632,angry,0,"00:29:40,240","00:29:41,366"
Inside,Bill,That's it! Go to your room! Now!,0633,neutral,4,"00:29:41,880","00:29:45,407"
Inside,Bill,No!,0647,neutral,4,"00:30:42,120","00:30:43,201"
Inside,Bill,Do you want to talk about it?,0650,neutral,4,"00:30:55,960","00:30:57,291"
Inside,Bill,"Come on, where's my happy girl?",0651,neutral,4,"00:30:58,840","00:31:01,047"
Inside,Bill,I get it. You need some alone time.,0658,neutral,4,"00:32:08,040","00:32:10,691"
Inside,Bill,"Oh, sweetie.",1547,sad,5,"01:22:17,040","01:22:18,530"
Inside,Bill,We're not mad.,1548,others,7,"01:22:18,600","01:22:19,886"
Inside,Bill,I miss the woods where we took hikes.,1550,neutral,4,"01:22:26,920","01:22:29,526"
Inside,Bill,And the backyard where you used to play.,1551,others,7,"01:22:30,240","01:22:32,686"
Inside,Bill,"You know, you guys don't have to come to every game.",1575,others,7,"01:24:48,200","01:24:50,726"
Inside,Bill,Are you kidding? I'm not missing one!,1576,others,7,"01:24:50,920","01:24:52,809"
Inside,Disgust,Physically and socially.,0034,neutral,4,"00:03:35,040","00:03:36,201"
Inside,Disgust,That is not brightly colored,0035,neutral,4,"00:03:36,320","00:03:37,651"
Inside,Disgust,"or shaped like a dinosaur. Hold on, guys.",0036,surprise,6,"00:03:37,720","00:03:39,324"
Inside,Disgust,Yucky!,0038,others,7,"00:03:40,880","00:03:41,881"
Inside,Disgust,"Step on it, Daddy!",0118,neutral,4,"00:08:18,760","00:08:19,807"
Inside,Disgust,Why don't we just live in this smelly car?,0119,neutral,4,"00:08:19,920","00:08:21,216"
Inside,Disgust,Spitting out the car window!,0233,neutral,4,"00:11:56,280","00:11:57,645"
Inside,Disgust,"No! I guess I can't! Good going, Sadness.",0250,neutral,4,"00:12:36,160","00:12:38,049"
Inside,Disgust,"Now when Riley thinks of that moment with Dad,",0251,neutral,4,"00:12:38,160","00:12:39,856"
Inside,Disgust,What was that? Was it a bear? It's a bear!,0337,others,7,"00:16:09,200","00:16:10,964"
Inside,Disgust,"Oh, I'm so jumpy. My nerves are shot.",0340,others,7,"00:16:14,800","00:16:17,087"
Inside,Disgust,There are at least 37 things for Riley to be scared of right now.,0344,disgust,1,"00:16:23,040","00:16:25,496"
Inside,Disgust,and lock ourselves in the bedroom.,0362,others,7,"00:16:58,760","00:16:59,976"
Inside,Disgust,But also blends in.,0423,neutral,4,"00:20:29,520","00:20:30,646"
Inside,Disgust,"When I'm through, Riley will look so good,",0424,happy,3,"00:20:30,800","00:20:32,643"
Inside,Disgust,Are you gonna be okay? You want us to walk with you?,0457,neutral,4,"00:21:44,880","00:21:46,536"
Inside,Disgust,"Yeah, we want to be friends with them. Let's go talk to them!",0473,others,7,"00:22:23,760","00:22:25,816"
Inside,Disgust,Are you kidding? We're not talking to them.,0474,neutral,4,"00:22:25,840","00:22:27,604"
Inside,Disgust,And the blue one is recycling.,0558,neutral,4,"00:26:55,080","00:26:56,684"
Inside,Disgust,And the black one is trash. Riley is acting so weird.,0559,neutral,4,"00:26:56,840","00:26:58,776"
Inside,Disgust,What do you expect? All the Islands are down.,0561,sad,5,"00:26:59,920","00:27:02,207"
Inside,Disgust,"Until she gets back, we just do what Joy would do!",0564,happy,3,"00:27:04,760","00:27:07,445"
Inside,Disgust,"Great idea. Anger, Fear, Disgust,",0565,angry,0,"00:27:07,600","00:27:10,285"
Inside,Disgust,"after school. What luck, right?",0570,neutral,4,"00:27:19,560","00:27:21,449"
Inside,Disgust,"It was fine, I guess. I don't know.",0587,neutral,4,"00:27:54,600","00:27:57,604"
Inside,Disgust,She's so cool.,0769,others,7,"00:36:14,760","00:36:15,886"
Inside,Disgust,A new girl? Meg has a new friend already?,0771,others,7,"00:36:17,680","00:36:19,921"
Inside,Disgust,"Hey, hey! Stay happy!",0772,others,7,"00:36:20,040","00:36:22,088"
Inside,Disgust,"Good luck, sweetie!",0985,others,7,"00:45:30,200","00:45:31,440"
Inside,Disgust,Luck isn't going to help us now.,0986,neutral,4,"00:45:31,600","00:45:32,776"
Inside,Disgust,"Oh, don't worry about it. Happens all the time.",1066,surprise,6,"00:49:59,760","00:50:01,922"
Inside,Disgust,"On a scale of one to ten,",1067,others,7,"00:50:06,720","00:50:07,801"
Inside,Disgust,"Well, why don't we quit standing around and do something?",1069,neutral,4,"00:50:09,440","00:50:12,250"
Inside,Disgust,She took it. There's no turning back.,1286,neutral,4,"01:00:46,240","01:00:48,129"
Inside,Disgust,There's a bus leaving tomorrow. Perfect!,1292,neutral,4,"01:00:59,280","01:01:01,123"
Inside,Disgust,How do we stop it? I got it!,1486,others,7,"01:16:14,400","01:16:15,765"
Inside,Disgust,Stand back!,1512,others,7,"01:18:19,080","01:18:20,286"
Inside,Disgust,"Well, what would you do, if you're so smart?",1514,others,7,"01:18:22,640","01:18:24,802"
Inside,Disgust,What? Of course your tiny brain is confused.,1516,others,7,"01:18:28,040","01:18:30,805"
Inside,Disgust,"Sorry I don't speak moron as well as you,",1518,others,7,"01:18:33,840","01:18:35,808"
Inside,Disgust,I like Tragic Vampire Romance Island.,1557,surprise,6,"01:24:07,080","01:24:09,208"
Inside,Disgust,"Yeah, Mom and Dad are pretty cool.",1581,neutral,4,"01:24:59,880","01:25:01,530"
Inside,Jill,"Come on, Grandma! Ha!",0187,neutral,4,"00:10:25,880","00:10:27,962"
Inside,Jill,I got to go.,0200,neutral,4,"00:10:51,720","00:10:53,131"
Inside,Jill,Maybe we could try that?,0214,neutral,4,"00:11:19,680","00:11:20,761"
Inside,Jill,"Must be a San Francisco thing, huh?",0224,neutral,4,"00:11:39,960","00:11:41,883"
Inside,Jill,"Still, it's not as bad as that soup.",0225,neutral,4,"00:11:42,600","00:11:44,250"
Inside,Jill,Dad's got a steel stomach.,0230,neutral,4,"00:11:51,760","00:11:53,080"
Inside,Jill,"The drive out was pretty fun, huh?",0231,neutral,4,"00:11:53,120","00:11:54,804"
Inside,Jill,Toot-toot!,0370,neutral,4,"00:17:15,160","00:17:16,161"
Inside,Jill,Now for a few well-placed withering scowls.,0379,neutral,4,"00:17:31,920","00:17:34,366"
Inside,Jill,through all this confusion you've stayed...,0382,neutral,4,"00:17:40,960","00:17:43,930"
Inside,Jill,it would be a big help.,0386,neutral,4,"00:17:52,000","00:17:53,331"
Inside,Jill,"Yeah, sure.",0390,neutral,4,"00:18:01,960","00:18:03,166"
Inside,Jill,Very cute!,0456,neutral,4,"00:21:43,200","00:21:44,531"
Inside,Jill,"Hey, Riley. I've got good news!",0567,neutral,4,"00:27:12,400","00:27:14,402"
Inside,Jill,I found a junior hockey league right here in San Francisco.,0568,neutral,4,"00:27:14,560","00:27:17,404"
Inside,Jill,so she doesn't notice.,0582,neutral,4,"00:27:45,720","00:27:46,767"
Inside,Jill,"School was great, all right?",0608,surprise,6,"00:28:48,360","00:28:50,044"
Inside,Jill,"This should be fun! New team, new friends.",0980,neutral,4,"00:45:20,440","00:45:23,683"
Inside,Jill,"These kids look pretty good,",0981,neutral,4,"00:45:24,080","00:45:25,366"
Inside,Jill,Got to go. Okay.,0984,happy,3,"00:45:28,560","00:45:30,085"
Inside,Jill,We're home!,1449,neutral,4,"01:13:41,520","01:13:42,521"
Inside,Jill,All right. Thank you. We will.,1530,others,7,"01:20:00,520","01:20:02,204"
Inside,Jill,Her teacher hasn't even seen Riley all day.,1531,others,7,"01:20:02,280","01:20:04,567"
Inside,Jill,Please don't be mad.,1546,others,7,"01:22:12,480","01:22:13,970"
Inside,Joy,"Well, I know. Well, I know Riley's head.",0003,neutral,4,"00:00:56,320","00:00:59,403"
Inside,Joy,Aren't you a little bundle of joy?,0009,neutral,4,"00:02:07,920","00:02:09,763"
Inside,Joy,I'm Sadness.,0013,neutral,4,"00:02:45,920","00:02:47,410"
Inside,Joy,"Oh, hello. I... I'm Joy. So...",0014,neutral,4,"00:02:47,560","00:02:50,848"
Inside,Joy,Can I just... If you could...,0015,neutral,4,"00:02:51,680","00:02:53,125"
Inside,Joy,"Nice job, everybody!",0095,happy,3,"00:06:44,280","00:06:45,441"
Inside,Joy,What... Aah!,0104,neutral,4,"00:07:24,200","00:07:25,281"
Inside,Joy,We've already been in it forever.,0120,neutral,4,"00:08:21,240","00:08:22,651"
Inside,Joy,"Which, actually, was really lucky,",0121,happy,3,"00:08:22,760","00:08:24,569"
Inside,Joy,because that gave us plenty of time to think about,0122,happy,3,"00:08:24,640","00:08:26,296"
Inside,Joy,what our new house is going to look like!,0123,happy,3,"00:08:26,320","00:08:28,561"
Inside,Joy,Ooh! That looks safe! That one's nice.,0125,happy,3,"00:08:31,440","00:08:33,090"
Inside,Joy,And...,0132,neutral,4,"00:08:47,280","00:08:48,281"
Inside,Joy,Can you die from moving?,0136,neutral,4,"00:09:06,000","00:09:07,081"
Inside,Joy,"Guys, you're overreacting.",0137,neutral,4,"00:09:07,160","00:09:08,605"
Inside,Joy,Get off of me!,0142,happy,3,"00:09:14,640","00:09:16,085"
Inside,Joy,"Hey. All through the drive,",0143,neutral,4,"00:09:16,200","00:09:17,486"
Inside,Joy,Dad talked about how cool our new room is.,0144,neutral,4,"00:09:17,560","00:09:19,449"
Inside,Joy,It's the worst place I've ever been in my entire life.,0155,neutral,4,"00:09:31,680","00:09:34,160"
Inside,Joy,"Hey, it's nothing our butterfly curtains couldn't fix.",0156,neutral,4,"00:09:34,320","00:09:36,800"
Inside,Joy,Where did you read that? It doesn't matter.,0158,neutral,4,"00:09:39,280","00:09:40,776"
Inside,Joy,I read it and it's great.,0159,neutral,4,"00:09:40,800","00:09:41,800"
Inside,Joy,Now we're talking!,0166,happy,3,"00:09:49,760","00:09:50,841"
Inside,Joy,What are you doing?,0209,others,7,"00:11:07,080","00:11:08,286"
Inside,Joy,"Uh, just give me one second.",0210,neutral,4,"00:11:08,400","00:11:09,970"
Inside,Joy,"Um, you know what I've realized?",0211,happy,3,"00:11:10,200","00:11:12,089"
Inside,Joy,Wearing a seat belt!,0235,neutral,4,"00:11:59,280","00:12:00,281"
Inside,Joy,That was pretty funny.,0244,others,7,"00:12:15,680","00:12:17,284"
Inside,Joy,I'm trying. You can't change it back?,0249,neutral,4,"00:12:34,800","00:12:36,136"
Inside,Joy,Just don't touch any other memories,0257,neutral,4,"00:12:51,760","00:12:53,096"
Inside,Joy,"Joy! Whoa, whoa!",0271,others,7,"00:13:29,800","00:13:31,211"
Inside,Joy,"Sadness, you nearly touched a Core Memory.",0272,others,7,"00:13:33,400","00:13:35,562"
Inside,Joy,It's like I'm having a breakdown.,0276,neutral,4,"00:13:41,200","00:13:43,089"
Inside,Joy,"No, you're not. And annoying.",0279,neutral,4,"00:13:48,160","00:13:50,242"
Inside,Joy,You know what?,0280,neutral,4,"00:13:50,400","00:13:52,289"
Inside,Joy,You can't focus on what's going wrong.,0281,neutral,4,"00:13:52,400","00:13:54,289"
Inside,Joy,"There's always a way to turn things around,",0282,happy,3,"00:13:54,400","00:13:56,084"
Inside,Joy,I don't know how to do that.,0285,neutral,4,"00:14:00,000","00:14:01,240"
Inside,Joy,"Okay. Well,",0286,happy,3,"00:14:01,400","00:14:02,731"
Inside,Joy,Remember the funny movie where the dog dies?,0289,happy,3,"00:14:05,760","00:14:08,445"
Inside,Joy,"Oh. Yeah, that's not...",0290,neutral,4,"00:14:08,560","00:14:10,483"
Inside,Joy,What about that time with Meg,0291,neutral,4,"00:14:10,680","00:14:12,284"
Inside,Joy,when Riley laughed so hard,0292,neutral,4,"00:14:12,440","00:14:14,283"
Inside,Joy,"Rain? Rain is my favorite, too!",0304,neutral,4,"00:14:40,480","00:14:43,484"
Inside,Joy,"Oh, hey, hey. Hey, easy.",0311,neutral,4,"00:14:58,680","00:15:00,808"
Inside,Joy,Why are you crying?,0312,neutral,4,"00:15:01,200","00:15:02,440"
Inside,Joy,over the weight of life's problems.,0315,happy,3,"00:15:08,800","00:15:10,882"
Inside,Joy,"You know what? Let's, uh,",0316,neutral,4,"00:15:12,360","00:15:13,521"
Inside,Joy,think about something else.,0317,neutral,4,"00:15:13,680","00:15:14,966"
Inside,Joy,"How about we read some mind manuals, huh?",0318,happy,3,"00:15:15,040","00:15:17,805"
Inside,Joy,Sounds fun. I've read most of them.,0319,happy,3,"00:15:17,880","00:15:20,042"
Inside,Joy,"Well, have you read this one? This seems interesting.",0320,neutral,4,"00:15:20,160","00:15:22,136"
Inside,Joy,via channel subgrouping?,0324,happy,3,"00:15:29,840","00:15:31,524"
Inside,Joy,"See? Fun already! Oh, you lucky dog.",0325,neutral,4,"00:15:31,600","00:15:34,046"
Inside,Joy,I can't believe Mom and Dad moved us here!,0346,others,7,"00:16:27,240","00:16:29,163"
Inside,Joy,"Look, I get it. You guys have concerns.",0347,neutral,4,"00:16:29,240","00:16:31,527"
Inside,Joy,But we've been through worse!,0348,happy,3,"00:16:31,680","00:16:32,920"
Inside,Joy,"Tell you what, let's make a list of all the things",0349,happy,3,"00:16:33,080","00:16:34,896"
Inside,Joy,And all of our stuff is in the missing van!,0353,neutral,4,"00:16:41,720","00:16:43,440"
Inside,Joy,"Okay, I admit it, we had a rough start.",0356,neutral,4,"00:16:48,960","00:16:50,883"
Inside,Joy,"Look, we all have our off days.",0367,surprise,6,"00:17:08,320","00:17:10,129"
Inside,Joy,Looks like we're going into REM.,0396,happy,3,"00:18:19,040","00:18:20,769"
Inside,Joy,"Oh, sleep well, Team Happy!",0400,neutral,4,"00:18:25,560","00:18:27,640"
Inside,Joy,No! Who is in charge of programming down there?,0406,neutral,4,"00:18:50,520","00:18:53,842"
Inside,Joy,"I know I'm not supposed to do this, but...",0407,sad,5,"00:18:54,080","00:18:56,048"
Inside,Joy,We are not going to end the day like this.,0408,happy,3,"00:19:01,360","00:19:03,249"
Inside,Joy,Don't you worry.,0409,happy,3,"00:19:47,280","00:19:48,486"
Inside,Joy,I'm gonna make sure that tomorrow is another great day.,0410,happy,3,"00:19:48,880","00:19:52,441"
Inside,Joy,And I don't think of it as playing so much as hugging.,0414,neutral,4,"00:20:11,280","00:20:13,965"
Inside,Joy,"Okay, first day of school!",0415,neutral,4,"00:20:15,640","00:20:16,562"
Inside,Joy,"Very, very exciting.",0416,happy,3,"00:20:16,640","00:20:17,641"
Inside,Joy,I was up late last night figuring out a new plan.,0417,happy,3,"00:20:17,760","00:20:19,842"
Inside,Joy,Here it is! Fear.,0418,happy,3,"00:20:19,960","00:20:21,325"
Inside,Joy,Way ahead of you there. Does anyone know how to spell meteor?,0421,neutral,4,"00:20:25,160","00:20:27,296"
Inside,Joy,Disgust. Make sure Riley stands out today.,0422,neutral,4,"00:20:27,320","00:20:29,322"
Inside,Joy,the other kids will look at their own outfits and barf.,0425,neutral,4,"00:20:32,720","00:20:34,880"
Inside,Joy,"Joy. Yes, Joy?",0426,neutral,4,"00:20:34,960","00:20:35,961"
Inside,Joy,"You'll be in charge of the console,",0427,neutral,4,"00:20:36,040","00:20:37,496"
Inside,Joy,keeping Riley happy all day long.,0428,neutral,4,"00:20:37,520","00:20:38,931"
Inside,Joy,And may I add I love your dress? It's adorable.,0429,neutral,4,"00:20:39,000","00:20:40,736"
Inside,Joy,"Oh, this old thing? Thank you so much.",0430,happy,3,"00:20:40,760","00:20:42,256"
Inside,Joy,Train of Thought! Right on schedule.,0432,neutral,4,"00:20:43,480","00:20:46,086"
Inside,Joy,Anger. Unload the daydreams.,0433,neutral,4,"00:20:48,680","00:20:50,250"
Inside,Joy,"boring, useless classes. Which it probably will be.",0436,neutral,4,"00:20:54,800","00:20:57,644"
Inside,Joy,What are you doing? And there. Perfect!,0439,neutral,4,"00:21:05,600","00:21:08,126"
Inside,Joy,This is the circle of Sadness.,0440,neutral,4,"00:21:08,320","00:21:10,243"
Inside,Joy,Your job is to make sure that,0441,neutral,4,"00:21:10,440","00:21:12,169"
Inside,Joy,So you want me to just stand here?,0443,neutral,4,"00:21:15,080","00:21:17,651"
Inside,Joy,stays in the circle!,0446,neutral,4,"00:21:24,160","00:21:25,366"
Inside,Joy,See? You're a pro at this! Isn't this fun?,0447,happy,3,"00:21:25,520","00:21:28,649"
Inside,Joy,"Well, you certainly get a lot more snow than we do.",0493,happy,3,"00:23:05,680","00:23:07,921"
Inside,Joy,Long Term Memory? Wait...,0538,others,7,"00:25:50,960","00:25:53,201"
Inside,Joy,Oh! This is bad.,0542,neutral,4,"00:26:07,000","00:26:08,843"
Inside,Joy,We... We can fix this!,0543,neutral,4,"00:26:09,000","00:26:11,002"
Inside,Joy,"We just have to get back to Headquarters,",0544,neutral,4,"00:26:11,640","00:26:13,404"
Inside,Joy,"plug the Core Memories in,",0545,neutral,4,"00:26:13,560","00:26:15,005"
Inside,Joy,We got to get you back up there.,0553,others,7,"00:26:31,200","00:26:32,804"
Inside,Joy,"You can fix this, right, Joy?",0665,others,7,"00:32:31,160","00:32:32,924"
Inside,Joy,"I, uh... I don't know.",0666,neutral,4,"00:32:33,680","00:32:36,365"
Inside,Joy,Oh... But we have to try.,0667,neutral,4,"00:32:36,480","00:32:38,164"
Inside,Joy,"Okay, come on.",0668,others,7,"00:32:38,360","00:32:39,441"
Inside,Joy,Riley's gone to sleep. Oh...,0669,neutral,4,"00:32:40,840","00:32:42,729"
Inside,Joy,Which is a good thing.,0670,neutral,4,"00:32:42,840","00:32:45,320"
Inside,Joy,When you think about it because,0671,happy,3,"00:32:45,480","00:32:46,720"
Inside,Joy,nothing else bad can happen while she's asleep.,0672,happy,3,"00:32:46,800","00:32:48,848"
Inside,Joy,Remember the funny movie where the dog dies?,0678,neutral,4,"00:33:00,320","00:33:02,209"
Inside,Joy,"Oh, Sadness, we don't have time for this.",0679,happy,3,"00:33:02,360","00:33:04,840"
Inside,Joy,"Wait, Joy, you could get lost in there!",0681,happy,3,"00:33:08,560","00:33:10,927"
Inside,Joy,I read about it in the manuals.,0686,neutral,4,"00:33:21,240","00:33:22,810"
Inside,Joy,The manuals?,0687,happy,3,"00:33:23,800","00:33:25,370"
Inside,Joy,You read the manuals! Yeah.,0689,happy,3,"00:33:26,720","00:33:28,529"
Inside,Joy,Ooh!,0692,happy,3,"00:33:32,200","00:33:34,009"
Inside,Joy,You are my map!,0693,happy,3,"00:33:35,000","00:33:36,081"
Inside,Joy,We can do it! This will be easy! This is working!,0707,others,7,"00:34:01,920","00:34:05,367"
Inside,Joy,"Uh, are you sure you know where we're going?",0711,others,7,"00:34:18,320","00:34:20,926"
Inside,Joy,Don't touch. Remember?,0715,others,7,"00:34:30,600","00:34:32,045"
Inside,Joy,The names of every Cutie Pie Princess doll?,0735,angry,0,"00:35:08,000","00:35:10,287"
Inside,Joy,"Okay, could you just please tell me which way is...",0781,others,7,"00:36:38,000","00:36:40,000"
Inside,Joy,Friendship Island! What?,0783,sad,5,"00:36:45,640","00:36:47,324"
Inside,Joy,I'm ready.,0790,others,7,"00:37:27,160","00:37:28,321"
Inside,Joy,"Oh, who am I kidding? I can't leave you.",0795,happy,3,"00:37:39,680","00:37:41,682"
Inside,Joy,Hello!,0796,others,7,"00:37:42,280","00:37:43,770"
Inside,Joy,"Ow, I hurt all over.",0802,neutral,4,"00:38:05,880","00:38:07,120"
Inside,Joy,"No, no, no. I do.",0806,happy,3,"00:38:12,440","00:38:14,090"
Inside,Joy,"You really do know me? Well, of course!",0808,happy,3,"00:38:16,880","00:38:19,326"
Inside,Joy,Riley loved playing with you! You two are best friends!,0809,neutral,4,"00:38:19,480","00:38:21,881"
Inside,Joy,"Oh! Oh, you would know.",0810,happy,3,"00:38:22,040","00:38:23,485"
Inside,Joy,Headquarters? You guys are from Headquarters?,0812,neutral,4,"00:38:24,880","00:38:26,882"
Inside,Joy,What the heck are you doing out here?,0815,neutral,4,"00:38:31,880","00:38:33,405"
Inside,Joy,"That's a good question. You want to answer that, Sadness?",0816,neutral,4,"00:38:33,520","00:38:35,696"
Inside,Joy,"I gotta tell you, I am such a huge fan of your work.",0822,neutral,4,"00:38:46,080","00:38:48,242"
Inside,Joy,Do you remember when you and Riley were in a band?,0823,happy,3,"00:38:48,400","00:38:50,767"
Inside,Joy,Of course! It runs on song power!,0829,happy,3,"00:38:59,640","00:39:01,688"
Inside,Joy,That's right! Your theme song!,0830,happy,3,"00:39:02,000","00:39:03,445"
Inside,Joy,Bing Bong Bing Bong,0832,happy,3,"00:39:04,920","00:39:06,126"
Inside,Joy,"But shape-wise I'm part cat, part elephant, part dolphin.",0837,neutral,4,"00:39:14,600","00:39:19,288"
Inside,Joy,That's all people talked about back then.,0842,neutral,4,"00:39:28,560","00:39:30,016"
Inside,Joy,Yeah. Yeah. I guess that's true.,0843,neutral,4,"00:39:30,040","00:39:31,451"
Inside,Joy,"So, uh, I, you know, um...",0846,neutral,4,"00:39:36,240","00:39:38,607"
Inside,Joy,"Hey, hey. Don't be sad.",0847,happy,3,"00:39:40,480","00:39:42,608"
Inside,Joy,"Tell you what. When I get back up to Headquarters,",0848,happy,3,"00:39:42,920","00:39:44,968"
Inside,Joy,Try the caramel. It's delicious.,0858,fear,2,"00:40:01,560","00:40:03,085"
Inside,Joy,Here. What? It's imaginary.,0863,neutral,4,"00:40:16,480","00:40:19,324"
Inside,Joy,Thanks. This will make it a lot easier,0864,neutral,4,"00:40:19,720","00:40:21,529"
Inside,Joy,in the manual. We shouldn't go in there.,0877,neutral,4,"00:40:48,520","00:40:50,124"
Inside,Joy,Almost there!,0886,neutral,4,"00:41:10,680","00:41:12,250"
Inside,Joy,"If you want to walk the long way, go for it.",0887,neutral,4,"00:41:13,320","00:41:15,687"
Inside,Joy,But Riley needs to be happy.,0888,neutral,4,"00:41:15,760","00:41:17,728"
Inside,Joy,I'm not missing that train.,0889,neutral,4,"00:41:17,880","00:41:19,291"
Inside,Joy,"Say, would you look at that?",0902,fear,2,"00:41:57,080","00:41:58,600"
Inside,Joy,Whoa! What's happening?,0903,fear,2,"00:41:58,640","00:42:00,529"
Inside,Joy,That was dangerous! They really should put up a sign.,0934,neutral,4,"00:43:32,360","00:43:34,376"
Inside,Joy,"If we hurry, we can catch it.",0940,neutral,4,"00:43:42,680","00:43:44,409"
Inside,Joy,Yeah!,0942,neutral,4,"00:43:46,880","00:43:48,689"
Inside,Joy,Welcome to Imagination Land!,0945,happy,3,"00:43:54,880","00:43:57,167"
Inside,Joy,"Me too! Oh, participation award.",0954,neutral,4,"00:44:15,280","00:44:18,409"
Inside,Joy,"Wait, is that... Sadness, look, it's Cloud Town!",0955,surprise,6,"00:44:18,720","00:44:21,451"
Inside,Joy,That is my favorite!,0956,happy,3,"00:44:21,560","00:44:23,244"
Inside,Joy,"Oh, I'm sorry. Great.",0969,happy,3,"00:44:54,720","00:44:56,165"
Inside,Joy,We're nearly to the train!,0978,happy,3,"00:45:15,040","00:45:16,280"
Inside,Joy,"Nice hustle, ladies!",1010,surprise,6,"00:46:46,680","00:46:48,284"
Inside,Joy,Hockey?,1011,others,7,"00:46:56,240","00:46:57,287"
Inside,Joy,Hey! Look at that!,1013,others,7,"00:47:04,960","00:47:06,007"
Inside,Joy,Very nice shot! Hey!,1014,happy,3,"00:47:06,120","00:47:07,326"
Inside,Joy,Riley can't be done with me.,1032,happy,3,"00:47:56,400","00:47:58,402"
Inside,Joy,"Hey, it's going to be okay! We can fix this!",1033,happy,3,"00:48:04,680","00:48:08,082"
Inside,Joy,We just need to get back to Headquarters.,1034,happy,3,"00:48:08,320","00:48:10,084"
Inside,Joy,I had a whole trip planned for us.,1036,happy,3,"00:48:11,720","00:48:13,961"
Inside,Joy,"Hey, who's ticklish, huh?",1037,happy,3,"00:48:15,000","00:48:17,606"
Inside,Joy,Here comes the tickle monster!,1038,happy,3,"00:48:17,720","00:48:19,802"
Inside,Joy,"Hey, Bing Bong! Look at this!",1039,happy,3,"00:48:21,560","00:48:22,800"
Inside,Joy,Oh! Here's a fun game!,1040,neutral,4,"00:48:26,080","00:48:27,127"
Inside,Joy,You point to the train station and we all go there!,1041,happy,3,"00:48:27,240","00:48:31,211"
Inside,Joy,It's gone. Forever.,1045,neutral,4,"00:48:41,880","00:48:43,530"
Inside,Joy,It's all I had left of Riley.,1048,neutral,4,"00:48:47,040","00:48:48,690"
Inside,Joy,We had breakfast twice that day.,1052,others,7,"00:48:56,160","00:48:57,924"
Inside,Joy,Come on. The train station is this way.,1059,neutral,4,"00:49:24,200","00:49:27,124"
Inside,Joy,Hey! There's the train!,1063,happy,3,"00:49:38,560","00:49:40,369"
Inside,Joy,Oh! We made it! We're finally going to get home!,1064,sad,5,"00:49:51,520","00:49:55,081"
Inside,Joy,are just around the corner.,1104,neutral,4,"00:51:29,440","00:51:31,329"
Inside,Joy,"Yeah, the Train of Thought doesn't run while she's asleep.",1109,neutral,4,"00:51:49,760","00:51:51,696"
Inside,Joy,How about we wake her up?,1113,happy,3,"00:51:59,720","00:52:00,920"
Inside,Joy,"Yeah, it looks so much smaller than I expected.",1116,surprise,6,"00:52:10,600","00:52:13,126"
Inside,Joy,"No, no, Sadness, don't bother Miss Unicorn, okay?",1122,neutral,4,"00:52:26,680","00:52:29,251"
Inside,Joy,"Sorry, she's from out of town.",1123,neutral,4,"00:52:29,400","00:52:30,686"
Inside,Joy,"That was so embarrassing, right?",1124,neutral,4,"00:52:30,760","00:52:32,046"
Inside,Joy,I loved you in Fairy Dream Adventure Part 7.,1125,neutral,4,"00:52:33,760","00:52:35,762"
Inside,Joy,I have to do stupid Dream Duty.,1137,neutral,4,"00:52:57,400","00:52:58,890"
Inside,Joy,We could scare her. Scare her?,1140,neutral,4,"00:53:05,720","00:53:07,324"
Inside,Joy,"But, Joy... Sadness, you may know your way",1142,neutral,4,"00:53:09,240","00:53:10,776"
Inside,Joy,"around down here, but I know Riley.",1143,happy,3,"00:53:10,800","00:53:12,609"
Inside,Joy,"We're gonna make her so happy,",1144,happy,3,"00:53:12,760","00:53:13,966"
Inside,Joy,she'll wake up with exhilaration.,1145,happy,3,"00:53:14,080","00:53:16,208"
Inside,Joy,That's never happened before.,1147,happy,3,"00:53:17,720","00:53:19,529"
Inside,Joy,I don't think that'll work.,1149,neutral,4,"00:53:21,600","00:53:22,681"
Inside,Joy,Bing Bong? Yeah?,1150,neutral,4,"00:53:22,800","00:53:24,000"
Inside,Joy,"No, no. No, no!",1209,others,7,"00:55:54,040","00:55:55,769"
Inside,Joy,My hat feels loose.,1217,neutral,4,"00:56:14,240","00:56:15,241"
Inside,Joy,It's where they keep Riley's darkest fears.,1231,fear,2,"00:56:47,400","00:56:49,289"
Inside,Joy,Grandma's vacuum cleaner!,1234,neutral,4,"00:57:00,960","00:57:02,485"
Inside,Joy,"Okay, come on.",1235,neutral,4,"00:57:11,160","00:57:12,366"
Inside,Joy,I'm trying.,1237,neutral,4,"00:57:15,360","00:57:16,361"
Inside,Joy,What is going...,1238,surprise,6,"00:57:16,840","00:57:17,840"
Inside,Joy,Bing Bong! Joy?,1240,neutral,4,"00:57:32,120","00:57:34,043"
Inside,Joy,There you are. Shhh!,1241,fear,2,"00:57:34,360","00:57:36,362"
Inside,Joy,We're out of here! Let's get to that train!,1248,neutral,4,"00:58:20,920","00:58:23,161"
Inside,Joy,Wait! The train's not running.,1249,neutral,4,"00:58:23,840","00:58:26,047"
Inside,Joy,"Oh, no!",1252,neutral,4,"00:58:32,160","00:58:33,286"
Inside,Joy,"Hey, Sadness.",1253,neutral,4,"00:58:51,240","00:58:52,366"
Inside,Joy,Okay. Follow us!,1262,others,7,"00:59:08,600","00:59:10,090"
Inside,Joy,"Hey, look at this, guys! Memories!",1308,neutral,4,"01:01:33,360","01:01:34,805"
Inside,Joy,Hey. That was a good idea.,1309,neutral,4,"01:01:36,440","01:01:38,408"
Inside,Joy,Really?,1312,happy,3,"01:01:42,600","01:01:43,601"
Inside,Joy,"Oh, I can't wait to get the old Riley back.",1314,neutral,4,"01:01:46,440","01:01:48,647"
Inside,Joy,"As soon as we get there,",1315,neutral,4,"01:01:48,960","01:01:49,961"
Inside,Joy,How are we gonna get to the moon?,1319,happy,3,"01:01:56,120","01:01:57,451"
Inside,Joy,"Oh, it's that time in the twisty tree, remember?",1320,neutral,4,"01:01:57,560","01:02:00,131"
Inside,Joy,The hockey team showed up,1321,neutral,4,"01:02:00,480","01:02:02,005"
Inside,Joy,"Look at her, having fun and laughing.",1323,neutral,4,"01:02:04,560","01:02:06,881"
Inside,Joy,"Sorry. I went sad again, didn't I?",1331,others,7,"01:02:24,160","01:02:26,766"
Inside,Joy,"Go! Run, run! Go!",1367,others,7,"01:05:19,600","01:05:20,761"
Inside,Joy,"Oh, no, no, no! I did it again!",1370,others,7,"01:05:36,520","01:05:38,363"
Inside,Joy,"If you get in here,",1371,others,7,"01:05:38,800","01:05:39,961"
Inside,Joy,Since we moved.,1384,sad,5,"01:07:33,640","01:07:34,846"
Inside,Joy,Do you remember how she used to,1385,sad,5,"01:08:06,080","01:08:08,924"
Inside,Joy,stick her tongue out when she was coloring?,1386,sad,5,"01:08:09,000","01:08:11,480"
Inside,Joy,I could listen to her stories all day.,1387,sad,5,"01:08:21,280","01:08:24,409"
Inside,Joy,I just wanted Riley to be happy.,1388,sad,5,"01:08:38,120","01:08:40,726"
Inside,Joy,She wanted to quit.,1393,sad,5,"01:09:50,360","01:09:51,771"
Inside,Joy,Sadness.,1394,sad,5,"01:10:09,960","01:10:11,007"
Inside,Joy,Mom and Dad... The team...,1395,sad,5,"01:10:12,680","01:10:15,729"
Inside,Joy,They came to help because of Sadness.,1396,sad,5,"01:10:16,920","01:10:20,641"
Inside,Joy,We might as well be on another planet.,1399,neutral,4,"01:10:32,560","01:10:34,528"
Inside,Joy,And wants to sing the song to say...,1420,neutral,4,"01:11:41,120","01:11:42,640"
Inside,Joy,"Louder! Joy, sing louder!",1434,neutral,4,"01:12:24,600","01:12:27,251"
Inside,Joy,To sing this song to say,1435,neutral,4,"01:12:27,360","01:12:28,521"
Inside,Joy,Take her to the moon for me. Okay?,1446,sad,5,"01:13:04,120","01:13:07,124"
Inside,Joy,"I'll try, Bing Bong.",1447,sad,5,"01:13:21,200","01:13:23,282"
Inside,Joy,That's the stuff. We keep going.,1458,others,7,"01:14:08,520","01:14:10,204"
Inside,Joy,"Come on, Sadness. Where are you? Okay.",1461,others,7,"01:14:27,480","01:14:30,211"
Inside,Joy,"If I were Sadness, where would I be?",1462,others,7,"01:14:30,360","01:14:32,328"
Inside,Joy,"Oh. Everything is awful and my legs don't work,",1463,others,7,"01:14:32,800","01:14:37,601"
Inside,Joy,Joy?,1470,others,7,"01:15:14,760","01:15:15,761"
Inside,Joy,"This is crazy. This is crazy. No, no, no. Joy. Be positive.",1506,angry,0,"01:17:40,480","01:17:44,405"
Inside,Joy,I am positive this is crazy!,1507,neutral,4,"01:17:47,880","01:17:49,769"
Inside,Joy,"Joy, you got to fix this! Get up there!",1523,neutral,4,"01:19:02,880","01:19:04,416"
Inside,Joy,"I can't, Joy.",1526,neutral,4,"01:19:08,520","01:19:09,681"
Inside,Joy,Boy Band Island? Hope that's just a phase.,1559,happy,3,"01:24:12,000","01:24:14,162"
Inside,Riley,"Good night, kiddo.",0090,happy,3,"00:06:30,080","00:06:31,081"
Inside,Riley,Riley hasn't had lunch! Remember?,0212,neutral,4,"00:11:12,320","00:11:14,561"
Inside,Riley,"At that diner in Nebraska. Oh, yeah.",0226,happy,3,"00:11:44,320","00:11:46,288"
Inside,Riley,"Nice one, Joy.",0242,happy,3,"00:12:12,960","00:12:13,961"
Inside,Riley,we're going to have to lay people off.,0331,neutral,4,"00:15:52,560","00:15:54,080"
Inside,Riley,Mom! Dad!,0332,neutral,4,"00:15:54,480","00:15:56,209"
Inside,Riley,Toot-toot-toot!,0373,neutral,4,"00:17:21,080","00:17:22,127"
Inside,Riley,Well.,0389,neutral,4,"00:17:59,240","00:18:00,401"
Inside,Riley,"So, the big day! New school, new friends, huh?",0453,happy,3,"00:21:36,000","00:21:39,083"
Inside,Riley,Uh... I'm on it!,0459,happy,3,"00:21:49,200","00:21:50,201"
Inside,Riley,Don't worry. I got this.,0487,others,7,"00:22:50,440","00:22:51,646"
Inside,Riley,Uh... Okay.,0488,neutral,4,"00:22:52,760","00:22:54,250"
Inside,Riley,My name is Riley Andersen.,0489,neutral,4,"00:22:54,760","00:22:56,364"
Inside,Riley,She's hilarious!,0494,neutral,4,"00:23:10,240","00:23:11,890"
Inside,Riley,"Yeah, it gets pretty cold.",0495,neutral,4,"00:23:13,560","00:23:15,085"
Inside,Riley,"The lake freezes over,",0496,neutral,4,"00:23:15,160","00:23:16,161"
Inside,Riley,and that's when we play hockey.,0497,happy,3,"00:23:16,280","00:23:17,645"
Inside,Riley,It's kind of a family tradition.,0501,happy,3,"00:23:26,000","00:23:27,331"
Inside,Riley,Somebody help me! Grab that... Everybody put...,0513,sad,5,"00:23:55,000","00:23:57,367"
Inside,Riley,But everything's different now.,0514,sad,5,"00:23:57,800","00:23:59,848"
Inside,Riley,Won't it be great to be back out on the ice?,0574,others,7,"00:27:25,840","00:27:27,729"
Inside,Riley,"What? Okay. Um, hmm.",0586,others,7,"00:27:51,800","00:27:54,167"
Inside,Riley,Move! I'll be Joy.,0607,angry,0,"00:28:46,400","00:28:47,845"
Inside,Riley,Riley. Is everything okay?,0609,disgust,1,"00:28:50,360","00:28:52,203"
Inside,Riley,"No. No, no, no! Stay happy!",0618,angry,0,"00:29:06,480","00:29:07,845"
Inside,Riley,Come and get it!,0626,angry,0,"00:29:23,240","00:29:24,366"
Inside,Riley,"Ready to launch on your command, sir!",0630,angry,0,"00:29:33,320","00:29:34,800"
Inside,Riley,Is the bridge cool?,0763,neutral,4,"00:36:05,760","00:36:06,761"
Inside,Riley,Let's just be calm for one second! Ahhh!,0778,others,7,"00:36:31,400","00:36:33,000"
Inside,Riley,I heard they have parrots... I've got to go.,0779,others,7,"00:36:33,760","00:36:35,376"
Inside,Riley,"Okay, Andersen, you're up!",0983,neutral,4,"00:45:27,200","00:45:28,520"
Inside,Riley,we talked to your teacher.,1539,sad,5,"01:20:16,320","01:20:17,651"
Inside,Riley,I know you don't want me to but...,1540,sad,5,"01:21:44,320","01:21:47,563"
Inside,Riley,I miss home.,1541,sad,5,"01:21:48,760","01:21:50,091"
Inside,Riley,I miss Minnesota.,1542,sad,5,"01:21:52,080","01:21:53,650"
Inside,Riley,"You need me to be happy, but...",1543,sad,5,"01:21:57,080","01:22:00,209"
Inside,Riley,"I want my old friends, and my hockey team.",1544,sad,5,"01:22:02,120","01:22:06,569"
Inside,Riley,I want to go home.,1545,sad,5,"01:22:09,000","01:22:10,490"
Inside,Riley,"I know, Dad. But not too aggressive.",1574,neutral,4,"01:24:46,360","01:24:48,124"
Inside,Riley,Girl! Girl! Girl!,1590,others,7,"01:25:28,720","01:25:31,007"
Meet,Wibur,"Okay, goodbye. All right,",0213,neutral,4,"00:12:41,809","00:12:44,311"
Meet,Wibur,"didn't want to pull rank on you, but you forced my hand.",0214,neutral,4,"00:12:44,436","00:12:46,480"
Meet,Wibur,The what? Time Continuum Task Force.,0216,neutral,4,"00:12:48,899","00:12:50,942"
Meet,Wibur,I'm here to protect you. Well...,0217,neutral,4,"00:12:51,067","00:12:52,193"
Meet,Wibur,"No, why?",0219,neutral,4,"00:12:54,863","00:12:55,948"
Meet,Wibur,I could lose my badge for this.,0220,neutral,4,"00:12:56,573","00:12:58,450"
Meet,Wibur,Me? Why me?,0225,neutral,4,"00:13:06,291","00:13:07,959"
Meet,Wibur,The boys back at HQ haven't figured out a motive yet.,0226,neutral,4,"00:13:08,084","00:13:10,044"
Meet,Wibur,I know what HQ means.,0228,neutral,4,"00:13:12,254","00:13:13,589"
Meet,Wibur,Good. You're a smart kid.,0229,neutral,4,"00:13:13,714","00:13:15,257"
Meet,Wibur,"That might keep you alive, for now.",0230,neutral,4,"00:13:15,382","00:13:17,426"
Meet,Wibur,Just worry about your little science gizmo,0231,neutral,4,"00:13:17,551","00:13:19,094"
Meet,Wibur,"Okay, Mr Smarty-pants.",0234,fear,2,"00:13:24,350","00:13:26,352"
Meet,Wibur,"You're not gonna get away with it,",0237,fear,2,"00:13:37,153","00:13:38,404"
Meet,Wibur,Got you! That's the last of them.,0241,angry,0,"00:14:19,861","00:14:22,280"
Meet,Wibur,toward the exits.,0288,others,7,"00:17:10,775","00:17:11,859"
Meet,Wibur,"Would you quit that, please? I know you're not a pigeon.",0292,others,7,"00:19:18,313","00:19:21,024"
Meet,Wibur,We're the only ones up here.,0294,neutral,4,"00:19:23,693","00:19:25,278"
Meet,Wibur,That's just what they want you to think.,0295,neutral,4,"00:19:25,403","00:19:27,363"
Meet,Wibur,"Now, enough moping.",0296,neutral,4,"00:19:27,488","00:19:29,073"
Meet,Wibur,Stop! Stop! Get away from me!,0298,neutral,4,"00:19:32,243","00:19:34,119"
Meet,Wibur,Maybe you've forgotten.,0299,neutral,4,"00:19:34,245","00:19:35,287"
Meet,Wibur,This is a coupon for a tanning salon! You're a fake.,0302,neutral,4,"00:19:40,376","00:19:43,629"
Meet,Wibur,"Okay, you got me. I'm not a cop,",0303,neutral,4,"00:19:43,754","00:19:45,798"
Meet,Wibur,You're crazy!,0312,angry,0,"00:20:01,437","00:20:02,480"
Meet,Wibur,and hide under the covers for a couple years.,0317,others,7,"00:20:13,407","00:20:15,326"
Meet,Wibur,The future has arrived today,0327,neutral,4,"00:21:20,137","00:21:22,933"
Meet,Wibur,"and here it is, right in front of me!",0331,others,7,"00:22:10,310","00:22:12,730"
Meet,Wibur,This means I could really change my life.,0334,neutral,4,"00:22:18,319","00:22:20,612"
Meet,Wibur,That's right. You can.,0335,neutral,4,"00:22:20,737","00:22:22,114"
Meet,Wibur,I could actually go back to that night and stop her from giving me up.,0341,neutral,4,"00:22:38,213","00:22:42,300"
Meet,Wibur,which makes me older and the boss of you!,0352,surprise,6,"00:23:02,278","00:23:04,321"
Meet,Wibur,"Mom and Dad are gonna kill me,",0355,fear,2,"00:23:28,761","00:23:30,137"
Meet,Wibur,"There's only two time machines in existence,",0359,neutral,4,"00:23:36,101","00:23:38,186"
Meet,Wibur,Are you crazy? I can't fix this thing.,0363,others,7,"00:23:45,985","00:23:48,404"
Meet,Wibur,"I fix it, you take me back to see my mom.",0366,surprise,6,"00:23:54,744","00:23:57,455"
Meet,Wibur,What? You didn't even follow through on our last deal.,0367,neutral,4,"00:23:57,580","00:24:00,500"
Meet,Wibur,"Well, fine, but I'm gonna need some blueprints or something for this.",0445,neutral,4,"00:29:14,511","00:29:17,680"
Meet,Wibur,Who dares to disturb my sanctuary?,0447,neutral,4,"00:29:22,978","00:29:26,105"
Meet,Wibur,None may enter unless they speak the royal password.,0449,neutral,4,"00:29:28,399","00:29:31,569"
Meet,Wibur,"Yes, we do. I made one up while you were gone.",0451,neutral,4,"00:29:34,238","00:29:37,533"
Meet,Wibur,and you managed to bust this one as well.,0458,neutral,4,"00:29:53,590","00:29:56,217"
Meet,Wibur,As was that.,0464,neutral,4,"00:30:13,067","00:30:14,652"
Meet,Wibur,"If my family finds out I brought you from the past,",0465,neutral,4,"00:30:14,777","00:30:17,279"
Meet,Wibur,they'll bury me alive and dance on my grave.,0466,neutral,4,"00:30:17,404","00:30:19,490"
Meet,Wibur,"I'm not exaggerating. Well, yes, I am, but not the point.",0467,neutral,4,"00:30:19,615","00:30:22,659"
Meet,Wibur,Why would my hair be a dead giveaway?,0469,neutral,4,"00:30:25,120","00:30:26,830"
Meet,Wibur,But I don't just want to sit here.,0473,neutral,4,"00:30:33,503","00:30:35,296"
Meet,Wibur,That and someone took my bike.,0489,neutral,4,"00:31:34,228","00:31:35,896"
Meet,Wibur,I didn't have time to sculpt everything.,0495,neutral,4,"00:31:47,240","00:31:48,950"
Meet,Wibur,"He goes back to the science fair, fixes his Memory Scanner,",0498,neutral,4,"00:31:52,912","00:31:55,373"
Meet,Wibur,What about taking him back to see his mom?,0500,neutral,4,"00:31:57,542","00:31:59,294"
Meet,Wibur,"Oh, yeah, can't see that one blowing up in your face.",0502,neutral,4,"00:32:01,379","00:32:04,715"
Meet,Wibur,Trust me. I got it under control.,0503,neutral,4,"00:32:04,840","00:32:06,592"
Meet,Wibur,"What? And I didn't want to tell you, but I did.",0511,surprise,6,"00:32:33,493","00:32:36,620"
Meet,Wibur,"Alone, rusting in a corner.",0514,neutral,4,"00:32:39,873","00:32:42,167"
Meet,Wibur,3.7 seconds. I win!,0550,surprise,6,"00:34:18,885","00:34:21,179"
Meet,Wibur,That's strange. She usually takes the Harley.,0575,others,7,"00:35:32,122","00:35:34,666"
Meet,Wibur,"but, wow, look at the time.",0608,angry,0,"00:37:12,801","00:37:15,220"
Meet,Wibur,"I did, but I went up the tube, and I ran into your family, and I...",0610,surprise,6,"00:37:19,849","00:37:21,976"
Meet,Wibur,You met my family?,0611,neutral,4,"00:37:23,061","00:37:24,605"
Meet,Wibur,Pop quiz.,0612,neutral,4,"00:37:27,524","00:37:28,608"
Meet,Wibur,"Fritz is married to Petunia, and is she...",0615,neutral,4,"00:37:32,445","00:37:34,822"
Meet,Wibur,What does Cornelius look like?,0623,neutral,4,"00:37:48,085","00:37:50,337"
Meet,Wibur,Wilbur is the son of Franny and Cornelius.,0628,neutral,4,"00:37:59,763","00:38:02,224"
Meet,Wibur,I don't even know what I'm doing.,0668,neutral,4,"00:40:50,802","00:40:51,803"
Meet,Wibur,And what if I can't fix this? What are we gonna do?,0672,neutral,4,"00:40:56,474","00:40:58,559"
Meet,Wibur,What's that supposed to mean?,0679,neutral,4,"00:41:08,651","00:41:10,320"
Meet,Wibur,What has he invented? Everything.,0685,neutral,4,"00:41:23,875","00:41:25,710"
Meet,Wibur,Your dad invented the time machine?,0687,neutral,4,"00:41:27,837","00:41:30,589"
Meet,Wibur,"Yep. Five years ago,",0688,neutral,4,"00:41:30,714","00:41:32,174"
Meet,Wibur,"The very first, or what's left of it. Yikes.",0694,neutral,4,"00:41:43,477","00:41:46,688"
Meet,Wibur,Yeah. Dark day at the Robinson house.,0695,neutral,4,"00:41:46,813","00:41:49,024"
Meet,Wibur,"952,",0699,neutral,4,"00:41:54,070","00:41:55,196"
Meet,Wibur,and they all end the same way.,0700,angry,0,"00:41:55,279","00:41:57,573"
Meet,Wibur,But he doesn't give up.,0701,neutral,4,"00:41:59,784","00:42:02,537"
Meet,Wibur,"He keeps working and working until finally he gets it,",0703,happy,3,"00:42:06,416","00:42:09,669"
Meet,Wibur,I'm assuming that's a joke. I'm ignoring you for time reasons.,0708,neutral,4,"00:42:17,509","00:42:19,636"
Meet,Wibur,"This, my friend, is merely a model",0709,neutral,4,"00:42:19,761","00:42:21,221"
Meet,Wibur,I think that's it. I did it!,0714,neutral,4,"00:42:53,753","00:42:56,380"
Meet,Wibur,I knew you could.,0715,fear,2,"00:42:56,505","00:42:57,923"
Meet,Wibur,Boys! Dinner time!,0719,neutral,4,"00:43:25,950","00:43:27,201"
Meet,Wibur,"Science fair, Memory Scanner, a time stream that needs fixing?",0766,neutral,4,"00:45:47,001","00:45:50,755"
Meet,Wibur,Temporary setback.,0767,neutral,4,"00:45:50,880","00:45:51,965"
Meet,Wibur,Yes. No.,0776,neutral,4,"00:46:05,394","00:46:06,478"
Meet,Wibur,Then we can see if he has the family cowlick.,0786,others,7,"00:46:28,374","00:46:30,876"
Meet,Wibur,We're just experiencing bugs.,0814,neutral,4,"00:48:09,429","00:48:13,016"
Meet,Wibur,"What did he mean, if he had a family?",0904,neutral,4,"00:52:51,615","00:52:54,076"
Meet,Wibur,"Stupid, stupid, stupid!",0938,fear,2,"00:55:38,359","00:55:40,611"
Meet,Wibur,"Guess we made a pretty good team, huh?",0946,neutral,4,"00:56:43,837","00:56:45,380"
Meet,Wibur,"Okay, you should get him out of here before something really bad happens.",0959,neutral,4,"00:57:19,539","00:57:22,792"
Meet,Wibur,"Silly, silly robot. I've got it all under control.",0960,neutral,4,"00:57:22,917","00:57:26,086"
Meet,Wibur,"Okay, everybody, it's been a long, hard day",0961,neutral,4,"00:57:26,462","00:57:28,755"
Meet,Wibur,"Wilbur, what have you done? How could you bring him here?",0978,neutral,4,"00:58:38,030","00:58:42,159"
Meet,Wibur,but I'm sorry. You have to go back to your own time.,0989,neutral,4,"00:59:07,475","00:59:11,103"
Meet,Wibur,"Yeah, about that, one of the time machines is broken,",0990,neutral,4,"00:59:12,146","00:59:17,359"
Meet,Wibur,"and the other one was stolen by a guy with a bowler hat,",0991,neutral,4,"00:59:17,568","00:59:21,029"
Meet,Wibur,You promised what?,0997,surprise,6,"00:59:36,669","00:59:37,879"
Meet,Wibur,That's for not locking the garage door.,1129,neutral,4,"01:07:38,005","01:07:40,090"
Meet,Wibur,You are my dad. But that's in the future.,1141,neutral,4,"01:08:25,383","01:08:27,761"
Meet,Wibur,I thought she was my friend.,1171,happy,3,"01:12:59,104","01:13:00,813"
Meet,Wibur,"No, he's not. He's my roommate.",1176,surprise,6,"01:13:43,396","01:13:46,065"
Meet,Wibur,Are you nuts? Give me one good reason why not.,1179,neutral,4,"01:13:49,777","01:13:51,987"
Meet,Wibur,I'll give you three good reasons.,1180,neutral,4,"01:13:52,112","01:13:53,530"
Meet,Wibur,"He stole our time machine, tried to ruin your future,",1181,disgust,1,"01:13:53,656","01:13:56,074"
Meet,Wibur,"May I remind you, I'm your father, and you have to do what I say.",1183,neutral,4,"01:13:58,869","01:14:02,122"
Meet,Wibur,"Okay, Mr Yagoobian, do you want to be a...",1184,neutral,4,"01:14:04,415","01:14:07,585"
Meet,Wibur,"Franny, where are you? The time machines are gone!",1196,neutral,4,"01:15:00,303","01:15:03,806"
Meet,Wibur,Ratted out by the old lady.,1197,others,7,"01:15:17,444","01:15:19,195"
Meet,Bowler,"Wait, Lewis!",0289,others,7,"00:17:16,447","00:17:17,906"
Meet,Bowler,You're the 2:00?,0383,others,7,"00:25:13,653","00:25:15,279"
Meet,Bowler,You're Mary Johnson?,0385,others,7,"00:25:17,573","00:25:19,325"
Meet,Bowler,Yes.,0386,others,7,"00:25:19,742","00:25:21,785"
Meet,Bowler,"Oh, goody!",0391,happy,3,"00:25:32,378","00:25:33,755"
Meet,Bowler,The board is ready to see you now.,0393,fear,2,"00:25:48,603","00:25:50,229"
Meet,Bowler,Wait. What am I going to say?,0394,others,7,"00:25:51,272","00:25:53,691"
Meet,Bowler,I'm never gonna remember that.,0395,others,7,"00:25:54,733","00:25:56,693"
Meet,Bowler,Would you... Why don't you go? You do it so much better than me.,0396,neutral,4,"00:25:56,944","00:26:00,198"
Meet,Bowler,That's true.,0397,neutral,4,"00:26:01,365","00:26:02,533"
Meet,Bowler,A hat without a head couldn't really pass off an invention,0398,happy,3,"00:26:02,658","00:26:05,327"
Meet,Bowler,as its own.,0399,happy,3,"00:26:05,452","00:26:06,537"
Meet,Bowler,This is my invention.,0403,happy,3,"00:26:26,431","00:26:30,851"
Meet,Bowler,Miss Johnson?,0406,happy,3,"00:26:36,774","00:26:38,525"
Meet,Bowler,"Well, what...",0415,neutral,4,"00:27:11,473","00:27:12,975"
Meet,Bowler,"and the best part is, it's got really comfy headphones.",0419,neutral,4,"00:27:21,233","00:27:25,112"
Meet,Bowler,Thirty seconds.,0428,neutral,4,"00:27:52,847","00:27:54,098"
Meet,Bowler,Allow me to show you how it works.,0429,neutral,4,"00:27:58,935","00:28:00,479"
Meet,Bowler,"All our hopes and dreams dashed,",0435,neutral,4,"00:28:45,108","00:28:47,068"
Meet,Bowler,like so many pieces of a broken machiney thing.,0436,happy,3,"00:28:47,193","00:28:50,905"
Meet,Bowler,You're right.,0437,happy,3,"00:28:51,572","00:28:52,865"
Meet,Bowler,Hold your applause. Thank you very much.,0632,others,7,"00:38:06,894","00:38:10,314"
Meet,Bowler,"Doris, get it off! Get it off!",0633,happy,3,"00:38:22,827","00:38:25,538"
Meet,Bowler,I've got you now.,0634,neutral,4,"00:38:32,335","00:38:34,087"
Meet,Bowler,Nice to see that they're branching out.,0640,others,7,"00:38:51,479","00:38:54,398"
Meet,Bowler,I'm sorry. I didn't mean to...,0641,others,7,"00:38:54,523","00:38:57,067"
Meet,Bowler,Try the roof. He's always up there being dumb.,0643,neutral,4,"00:38:59,403","00:39:02,364"
Meet,Bowler,"Mr Steak, you're my only friend.",0645,neutral,4,"00:39:06,244","00:39:09,038"
Meet,Bowler,I don't know. He's probably right.,0650,fear,2,"00:39:24,218","00:39:26,137"
Meet,Bowler,No!,0651,neutral,4,"00:39:26,262","00:39:27,388"
Meet,Bowler,"Everyone will tell you to let it go and move on, but don't.",0652,angry,0,"00:39:27,513","00:39:30,517"
Meet,Bowler,"Instead, let it fester and boil inside of you.",0653,angry,0,"00:39:30,642","00:39:34,687"
Meet,Bowler,Take these feelings and lock them away.,0654,angry,0,"00:39:34,812","00:39:36,647"
Meet,Bowler,Let them fuel your actions.,0655,angry,0,"00:39:36,773","00:39:38,399"
Meet,Bowler,"Let hate be your ally,",0656,angry,0,"00:39:38,524","00:39:40,568"
Meet,Bowler,What?,0659,angry,0,"00:39:54,122","00:39:55,248"
Meet,Bowler,Where is that boy?,0660,happy,3,"00:40:01,880","00:40:03,590"
Meet,Bowler,"Now, what did you find?",0663,neutral,4,"00:40:17,019","00:40:18,645"
Meet,Bowler,"Yes. Yes, I see.",0664,neutral,4,"00:40:20,814","00:40:22,483"
Meet,Bowler,Time travel residue next to DNA from Wilbur Robinson.,0665,others,7,"00:40:22,608","00:40:25,736"
Meet,Bowler,That plus my stick must mean...,0666,happy,3,"00:40:25,861","00:40:29,198"
Meet,Bowler,We'd better get up there.,0722,neutral,4,"00:43:34,166","00:43:36,209"
Meet,Bowler,Let's get that boy!,0723,neutral,4,"00:43:40,630","00:43:42,298"
Meet,Bowler,Sit here?,0724,neutral,4,"00:43:43,341","00:43:44,426"
Meet,Bowler,"But I want to look, too.",0725,neutral,4,"00:43:44,551","00:43:46,220"
Meet,Bowler,A mini-Doris!,0726,happy,3,"00:43:48,722","00:43:50,098"
Meet,Bowler,I didn't even know you could do that. It's so cute.,0727,happy,3,"00:43:50,223","00:43:53,434"
Meet,Bowler,Let's take her out for a spin.,0728,neutral,4,"00:43:54,352","00:43:56,396"
Meet,Bowler,Sorry.,0729,neutral,4,"00:43:57,813","00:43:59,273"
Meet,Bowler,Sorry!,0732,happy,3,"00:44:07,656","00:44:08,824"
Meet,Bowler,There you are.,0733,happy,3,"00:44:14,580","00:44:15,831"
Meet,Bowler,"Now, to lure him out of the house.",0734,happy,3,"00:44:16,874","00:44:19,584"
Meet,Bowler,"I know! I'll blow it up! Yes! Yes, and... No.",0735,sad,5,"00:44:20,961","00:44:25,048"
Meet,Bowler,Oh! I know!,0737,happy,3,"00:44:29,218","00:44:30,344"
Meet,Bowler,"I'll turn him into a duck! Yes! Yes, it's so evil!",0738,neutral,4,"00:44:30,469","00:44:34,348"
Meet,Bowler,I don't know how to do that.,0739,neutral,4,"00:44:35,642","00:44:37,602"
Meet,Bowler,I don't really need a duck.,0740,neutral,4,"00:44:37,727","00:44:40,521"
Meet,Bowler,"Talking frogs with their own little outdoor bar,",0834,happy,3,"00:49:03,731","00:49:06,984"
Meet,Bowler,That's a good buzz. What the...,0839,happy,3,"00:49:27,379","00:49:29,339"
Meet,Bowler,Excellent. Excellent.,0844,neutral,4,"00:49:43,019","00:49:44,854"
Meet,Bowler,Stop,0879,neutral,4,"00:51:34,208","00:51:35,251"
Meet,Bowler,"Okay, talking frog, not a good minion.",0880,neutral,4,"00:51:40,172","00:51:43,467"
Meet,Bowler,"Need another henchman, something large, not too bright.",0881,angry,0,"00:51:43,592","00:51:45,970"
Meet,Bowler,Something that won't talk back.,0882,angry,0,"00:51:46,095","00:51:47,805"
Meet,Bowler,Wait! Wait! Don't move. That's it!,0887,neutral,4,"00:51:57,189","00:52:01,609"
Meet,Bowler,I wonder if I should tell Doris.,0888,happy,3,"00:52:02,860","00:52:05,238"
Meet,Bowler,What a great plan!,0909,happy,3,"00:53:15,013","00:53:16,306"
Meet,Bowler,Master?,0937,angry,0,"00:55:35,898","00:55:37,274"
Meet,Bowler,Bowler Hat Guy!,0939,angry,0,"00:55:44,698","00:55:45,824"
Meet,Bowler,"Oh, no!",0943,sad,5,"00:56:30,617","00:56:31,993"
Meet,Bowler,"Hello, Lewis. What do you want?",1011,neutral,4,"01:00:41,607","01:00:44,401"
Meet,Bowler,To make your dream come true.,1012,neutral,4,"01:00:44,526","01:00:47,195"
Meet,Bowler,"All you have to do is put Humpty Dumpty back together again,",1013,neutral,4,"01:00:47,320","01:00:50,448"
Meet,Bowler,I can't imagine why you're so interested in this piece of junk.,1019,neutral,4,"01:01:25,356","01:01:28,734"
Meet,Bowler,It doesn't work. Never did.,1022,neutral,4,"01:01:33,490","01:01:35,200"
Meet,Bowler,"and if one were presenting the invention to, say,",1024,neutral,4,"01:01:36,493","01:01:38,328"
Meet,Bowler,"a board of directors for a very large invention company,",1025,neutral,4,"01:01:38,453","01:01:41,497"
Meet,Bowler,where might one find the On switch?,1026,neutral,4,"01:01:41,622","01:01:43,290"
Meet,Bowler,"Okay, take me to see my mom now.",1032,neutral,4,"01:01:52,549","01:01:54,593"
Meet,Bowler,We had a deal!,1035,neutral,4,"01:02:00,307","01:02:01,308"
Meet,Bowler,Figured out what?,1039,neutral,4,"01:02:08,189","01:02:09,524"
Meet,Bowler,"Well, let's see if this rings a bell.",1040,neutral,4,"01:02:09,649","01:02:11,651"
Meet,Bowler,Give the boy a prize.,1046,angry,0,"01:02:28,209","01:02:30,002"
Meet,Bowler,"You grew up to be the founder of this wretched time,",1047,neutral,4,"01:02:30,627","01:02:34,089"
Meet,Bowler,If I'm Wilbur's dad...,1052,neutral,4,"01:02:43,056","01:02:44,850"
Meet,Bowler,How did you end up like this?,1061,angry,0,"01:03:09,332","01:03:10,750"
Meet,Bowler,"Well, it's a long and pitiful story about a young boy with a dream,",1062,sad,5,"01:03:10,875","01:03:15,671"
Meet,Bowler,all thanks to that pointy-haired little kid who forgot to lock the garage door.,1108,neutral,4,"01:06:10,755","01:06:15,718"
Meet,Bowler,Let's see.,1120,neutral,4,"01:06:50,834","01:06:51,877"
Meet,Bud,and get some quiet time.,0517,happy,3,"00:32:54,346","00:32:55,639"
Meet,Bud,What's...,0518,happy,3,"00:32:59,142","00:33:00,185"
Meet,Bud,"Well, hey, there, little fella!",0519,neutral,4,"00:33:00,935","00:33:02,562"
Meet,Bud,"Now, I know what you're thinking, and my clothes are not on backwards.",0520,neutral,4,"00:33:02,687","00:33:06,399"
Meet,Bud,"Oh, I used to tell that one to my science students.",0522,happy,3,"00:33:09,527","00:33:12,364"
Meet,Bud,"They didn't laugh, either.",0523,neutral,4,"00:33:13,364","00:33:14,991"
Meet,Bud,"and I wasn't supposed to leave, and these monsters...",0531,neutral,4,"00:33:31,589","00:33:32,882"
Meet,Bud,Monsters? ...attacked me on the porch and...,0532,neutral,4,"00:33:33,007","00:33:34,050"
Meet,Bud,"Listen to me! Of course, I also didn't think",0534,neutral,4,"00:33:36,178","00:33:37,721"
Meet,Bud,"there was a woodchuck living on my arm,",0535,happy,3,"00:33:37,846","00:33:39,473"
Meet,Bud,and lookie there!,0536,neutral,4,"00:33:39,598","00:33:41,057"
Meet,Bud,"Old man, I need to get to the garage!",0538,neutral,4,"00:33:42,350","00:33:44,519"
Meet,Bud,"Well, sure, I'll get you there in a jiffy. I know a shortcut.",0539,happy,3,"00:33:44,644","00:33:48,523"
Meet,Bud,Welcome to the garage.,0540,others,7,"00:33:48,648","00:33:50,608"
Meet,Bud,This isn't the garage.,0555,sad,5,"00:34:33,274","00:34:34,734"
Meet,Bud,Lewis!,0576,happy,3,"00:35:34,832","00:35:36,584"
Meet,Bud,"Oh, look, there's... That's the monster!",0582,happy,3,"00:35:51,807","00:35:54,143"
Meet,Bud,"Hey, Lefty, any idea how to get to the garage?",0585,neutral,4,"00:35:59,856","00:36:02,150"
Meet,Bud,Or something like that,0603,happy,3,"00:36:55,368","00:36:56,494"
Meet,Bud,I never would have made the meatball cannon.,0874,happy,3,"00:51:14,356","00:51:16,274"
Meet,Bud,I never would have made my fireproof pants.,0875,neutral,4,"00:51:16,399","00:51:18,860"
Meet,Franny,I've got it under control.,0773,neutral,4,"00:45:59,138","00:46:00,431"
Meet,Franny,Still working out the kinks.,0876,happy,3,"00:51:21,363","00:51:22,614"
Meet,Franny,"All right, everyone, quiet down. Quiet down.",0890,neutral,4,"00:52:14,289","00:52:15,957"
Meet,Franny,I propose a toast to Lewis and his brilliant failure.,0891,neutral,4,"00:52:16,082","00:52:19,877"
Meet,Franny,I'd want them to be just like you.,0895,neutral,4,"00:52:29,219","00:52:31,346"
Meet,Franny,"Dear, Louis Armstrong was a singer.",0903,others,7,"00:52:45,985","00:52:48,321"
Meet,Franny,"What did he mean, if he had a family?",0904,others,7,"00:52:51,615","00:52:54,076"
Meet,Franny,"Oh, I mean, I'm sorry. I didn't...",0951,happy,3,"00:56:55,516","00:56:58,977"
Meet,Franny,"Oh, Lewis, it's okay.",0952,happy,3,"00:56:59,102","00:57:00,687"
Meet,Franny,Your head. What?,0954,neutral,4,"00:57:05,942","00:57:07,610"
Meet,Franny,"so why don't you all hit the hay, and Lewis and me will get going?",0963,neutral,4,"00:57:30,882","00:57:33,802"
Meet,Franny,"Mom, maybe some other time, okay?",0966,others,7,"00:57:43,103","00:57:44,980"
Meet,Franny,We really have to go. No.,0969,neutral,4,"00:57:52,361","00:57:54,864"
Meet,Franny,"No, you don't. You have to stay.",0970,happy,3,"00:57:55,656","00:57:58,826"
Meet,Franny,"What do you say, Lewis?",0972,happy,3,"00:58:03,997","00:58:05,499"
Meet,Franny,Now you know the big secret.,0977,surprise,6,"00:58:36,737","00:58:37,905"
Meet,Franny,He was just being a good friend.,0981,others,7,"00:58:45,913","00:58:47,289"
Meet,Franny,What? You just said...,0983,others,7,"00:58:51,668","00:58:53,086"
Meet,Franny,I'm from the past. So what?,0985,others,7,"00:58:55,213","00:58:57,174"
Meet,Franny,"You're a great kid,",0987,others,7,"00:59:01,553","00:59:03,096"
Meet,Franny,which kind of explains the dino.,0992,neutral,4,"00:59:21,154","00:59:24,116"
Meet,Franny,Wilbur promised.,0996,angry,0,"00:59:34,918","00:59:36,544"
Meet,Lewis,Lewis?,0016,neutral,4,"00:02:39,441","00:02:41,151"
Meet,Lewis,"Goob! Hey, I did it, Goob! I finished it!",0017,happy,3,"00:02:50,369","00:02:52,746"
Meet,Lewis,They are gonna love this!,0018,happy,3,"00:02:52,871","00:02:54,456"
Meet,Lewis,I hope he gets adopted.,0029,neutral,4,"00:03:17,061","00:03:18,771"
Meet,Lewis,What's the number one problem that you face,0042,neutral,4,"00:03:50,843","00:03:53,137"
Meet,Lewis,"Lewis, I don't think we... Portion control.",0044,neutral,4,"00:03:55,097","00:03:57,390"
Meet,Lewis,"Too much peanut butter sticks to the roof of your mouth,",0045,neutral,4,"00:03:57,516","00:03:59,434"
Meet,Lewis,takes forever to chew.,0046,neutral,4,"00:03:59,559","00:04:00,643"
Meet,Lewis,"Well, I propose that the perfect P.B. and J.",0048,neutral,4,"00:04:04,648","00:04:07,276"
Meet,Lewis,and I've built this machine to achieve it.,0050,neutral,4,"00:04:08,860","00:04:11,154"
Meet,Lewis,"Lewis, this is really not necessary.",0055,others,7,"00:04:19,537","00:04:21,956"
Meet,Lewis,point.,0086,neutral,4,"00:05:56,046","00:05:57,130"
Meet,Lewis,and you know how hard it is for a teenager to get adopted.,0088,angry,0,"00:05:59,382","00:06:02,886"
Meet,Lewis,"That's not true, Lewis!",0090,angry,0,"00:06:06,681","00:06:07,723"
Meet,Lewis,"Now, stop it. You do not know that.",0092,others,7,"00:06:09,643","00:06:12,020"
Meet,Lewis,I am sure that she was only thinking about what was best for you.,0096,neutral,4,"00:06:17,900","00:06:21,862"
Meet,Lewis,"Maybe she wanted to keep you, but she had no choice.",0098,happy,3,"00:06:24,114","00:06:27,409"
Meet,Lewis,You're right.,0099,happy,3,"00:06:28,702","00:06:30,287"
Meet,Lewis,What are you talking about?,0103,happy,3,"00:06:39,004","00:06:40,464"
Meet,Lewis,No one knows anything about her. No one even saw her.,0107,neutral,4,"00:06:49,514","00:06:52,266"
Meet,Lewis,Wrong. I saw her,0108,neutral,4,"00:06:53,601","00:06:56,145"
Meet,Lewis,once.,0109,neutral,4,"00:06:56,270","00:06:57,354"
Meet,Lewis,She's in here. I just have to remember.,0110,happy,3,"00:06:57,729","00:07:01,109"
Meet,Lewis,Now the neural circuits will connect.,0151,happy,3,"00:09:39,051","00:09:40,719"
Meet,Lewis,Really? Okay. What?,0153,neutral,4,"00:09:42,846","00:09:44,723"
Meet,Lewis,"and you will be back here clean, happy and on time.",0162,others,7,"00:10:02,532","00:10:05,535"
Meet,Lewis,you have got to get out of the past and look to the future.,0165,neutral,4,"00:10:11,999","00:10:15,711"
Meet,Lewis,"I am, and this is it.",0166,neutral,4,"00:10:15,836","00:10:17,754"
Meet,Lewis,This is my future.,0167,angry,0,"00:10:17,879","00:10:19,089"
Meet,Lewis,"What? Hey, hey, I'll ask the questions here.",0212,neutral,4,"00:12:39,473","00:12:41,684"
Meet,Lewis,"I've tracked him to this time, and my informants say he's after you.",0224,neutral,4,"00:13:03,038","00:13:06,166"
Meet,Lewis,"And by HQ, I mean headquarters.",0227,others,7,"00:13:10,169","00:13:12,129"
Meet,Lewis,"Lewis, tell me this thing is not gonna...",0249,neutral,4,"00:14:37,795","00:14:39,755"
Meet,Lewis,"Seriously, you might wanna stand back a little.",0255,neutral,4,"00:15:00,733","00:15:02,944"
Meet,Lewis,"Have you ever forgotten something,",0256,neutral,4,"00:15:04,654","00:15:06,197"
Meet,Lewis,"So, Lewis, how does the Memory Scanner work?",0263,neutral,4,"00:15:25,590","00:15:28,260"
Meet,Lewis,"First, you input the desired period of time on this keypad.",0264,neutral,4,"00:15:28,385","00:15:31,763"
Meet,Lewis,"Then a laser scans the cerebral cortex, where memories are stored.",0265,neutral,4,"00:15:32,222","00:15:36,226"
Meet,Lewis,"Well, that was the day...",0271,neutral,4,"00:15:49,863","00:15:52,450"
Meet,Lewis,"Come, my dear. Our future awaits.",0290,neutral,4,"00:17:36,383","00:17:39,385"
Meet,Lewis,"Hey, what are you doing up here?",0291,angry,0,"00:19:00,713","00:19:03,299"
Meet,Lewis,You're blowing my cover.,0293,neutral,4,"00:19:21,858","00:19:23,568"
Meet,Lewis,Take this back to the science fair and fix that Memory Scanner.,0297,angry,0,"00:19:29,198","00:19:32,118"
Meet,Lewis,"I'm a time cop from the future, should be taken very seriously.",0300,neutral,4,"00:19:35,412","00:19:37,956"
Meet,Lewis,and ruined your project.,0308,angry,0,"00:19:53,472","00:19:54,556"
Meet,Lewis,My project didn't work because I'm no good.,0309,angry,0,"00:19:54,681","00:19:56,975"
Meet,Lewis,"There is no Bowler Hat Guy, there is no time machine,",0310,angry,0,"00:19:57,100","00:19:59,602"
Meet,Lewis,and you're not from the future!,0311,angry,0,"00:19:59,727","00:20:01,312"
Meet,Lewis,I am not crazy.,0313,angry,0,"00:20:03,105","00:20:04,398"
Meet,Lewis,"Yeah, that's what I thought.",0315,angry,0,"00:20:08,403","00:20:10,321"
Meet,Lewis,"If I prove to you I'm from the future, will you go back to the science fair?",0318,neutral,4,"00:20:15,451","00:20:18,787"
Meet,Lewis,What are you doing? Let go of me! Okay.,0321,fear,2,"00:20:23,292","00:20:25,335"
Meet,Lewis,Is it ever!,0329,others,7,"00:22:05,472","00:22:07,057"
Meet,Lewis,"I never thought that time travel could be possible in my lifetime,",0330,others,7,"00:22:07,182","00:22:10,185"
Meet,Lewis,"The truth will set you free, brother.",0332,happy,3,"00:22:12,855","00:22:14,607"
Meet,Lewis,This is beyond anything I could've imagined.,0333,happy,3,"00:22:14,732","00:22:17,610"
Meet,Lewis,"Next stop, science fair, to fix your Memory Scanner.",0336,neutral,4,"00:22:22,239","00:22:24,574"
Meet,Lewis,"What? Wilbur, this is a time machine!",0338,neutral,4,"00:22:28,453","00:22:31,122"
Meet,Lewis,Why should I fix my dumb invention,0339,happy,3,"00:22:31,247","00:22:32,957"
Meet,Lewis,The answer is not a time machine. It's this.,0342,angry,0,"00:22:42,425","00:22:45,261"
Meet,Lewis,That makes me older.,0350,angry,0,"00:22:59,566","00:23:00,942"
Meet,Lewis,"Well, I was born in the past,",0351,angry,0,"00:23:01,067","00:23:02,151"
Meet,Lewis,and I can tell you this. It will not be done with mercy.,0356,neutral,4,"00:23:30,263","00:23:33,015"
Meet,Lewis,and the Bowler Hat Guy has the other one!,0360,neutral,4,"00:23:38,312","00:23:40,105"
Meet,Lewis,Good idea. You're smart. You fix it.,0362,angry,0,"00:23:43,066","00:23:45,860"
Meet,Lewis,"Yes, you can. You broke it. You fix it.",0364,others,7,"00:23:48,529","00:23:51,073"
Meet,Lewis,"All right, under one condition.",0365,others,7,"00:23:52,408","00:23:54,369"
Meet,Lewis,How can I trust you?,0368,others,7,"00:24:00,625","00:24:01,709"
Meet,Lewis,"Well, you told me you were a time cop from the future.",0369,others,7,"00:24:01,834","00:24:04,545"
Meet,Lewis,Touché.,0371,neutral,4,"00:24:07,006","00:24:08,215"
Meet,Lewis,"Hi, I'm Lewis.",0462,neutral,4,"00:30:02,848","00:30:03,975"
Meet,Lewis,"The point is, your hair's a dead giveaway.",0468,neutral,4,"00:30:22,784","00:30:24,995"
Meet,Lewis,That is an excellent question.,0470,others,7,"00:30:26,955","00:30:28,665"
Meet,Lewis,Another excellent question.,0472,neutral,4,"00:30:30,375","00:30:31,834"
Meet,Lewis,But...,0475,surprise,6,"00:30:37,131","00:30:38,174"
Meet,Lewis,Been digging holes all day. Can't find them anywhere.,0528,others,7,"00:33:25,042","00:33:28,003"
Meet,Lewis,"All right, look, old man, I need to get back to the garage.",0529,neutral,4,"00:33:28,128","00:33:30,255"
Meet,Lewis,"Wilbur left me down there,",0530,neutral,4,"00:33:30,380","00:33:31,464"
Meet,Lewis,Hope he ain't got rabies.,0537,angry,0,"00:33:41,183","00:33:42,225"
Meet,Lewis,Keep those tummies tucked.,0554,neutral,4,"00:34:30,480","00:34:31,522"
Meet,Lewis,I know.,0556,neutral,4,"00:34:34,859","00:34:35,901"
Meet,Lewis,"Oh, no, Lewis, that's our butler, Lefty.",0583,neutral,4,"00:35:54,268","00:35:57,146"
Meet,Lewis,All right!,0606,neutral,4,"00:37:08,339","00:37:09,423"
Meet,Lewis,"Right. Well, glad I could help with the teeth,",0607,fear,2,"00:37:09,548","00:37:12,676"
Meet,Lewis,"Lewis, I told you to stay in the garage!",0609,neutral,4,"00:37:17,556","00:37:19,724"
Meet,Lewis,"Spike and Dimitri are twins,",0619,neutral,4,"00:37:39,910","00:37:41,036"
Meet,Lewis,You're forgetting something.,0626,happy,3,"00:37:57,094","00:37:58,303"
Meet,Lewis,Nope.,0630,happy,3,"00:38:04,100","00:38:05,143"
Meet,Lewis,Thank you. Thank you.,0631,neutral,4,"00:38:05,643","00:38:06,769"
Meet,Lewis,Keep moving forward.,0673,neutral,4,"00:40:58,684","00:40:59,810"
Meet,Lewis,Why do you keep saying that?,0674,neutral,4,"00:41:00,185","00:41:01,436"
Meet,Lewis,It's my dad's motto.,0676,neutral,4,"00:41:03,647","00:41:04,981"
Meet,Lewis,It's what he does.,0678,neutral,4,"00:41:07,192","00:41:08,526"
Meet,Lewis,"Carl, the time machine, the travel tubes.",0686,neutral,4,"00:41:25,835","00:41:27,712"
Meet,Lewis,Kind of small.,0707,neutral,4,"00:42:16,175","00:42:17,384"
Meet,Lewis,We're just experiencing bugs.,0814,neutral,4,"00:48:09,429","00:48:13,016"
Meet,Lewis,We all pay!,0823,others,7,"00:48:33,911","00:48:35,621"
Meet,Lewis,Is it gonna work?,0865,others,7,"00:50:49,874","00:50:51,000"
Meet,Lewis,May it lead to success in the future.,0892,happy,3,"00:52:20,002","00:52:22,546"
Meet,Lewis,"Gosh, you're all so nice.",0893,neutral,4,"00:52:23,005","00:52:25,340"
Meet,Lewis,"If I had a family, I...",0894,neutral,4,"00:52:25,883","00:52:28,260"
Meet,Lewis,Because we don't.,0912,happy,3,"00:53:24,146","00:53:25,189"
Meet,Lewis,Nice catch. Nice meatball shooting!,0945,happy,3,"00:56:41,293","00:56:43,712"
Meet,Lewis,"Oh, man! It was so cool, Mom!",0950,sad,5,"00:56:52,012","00:56:54,348"
Meet,Lewis,Do you want to be a Robinson?,0973,surprise,6,"00:58:06,500","00:58:08,043"
Meet,Lewis,Yeah! Yes!,0975,neutral,4,"00:58:23,433","00:58:25,142"
Meet,Lewis,"Okay, it's true. I'm from the past.",0976,neutral,4,"00:58:34,193","00:58:36,612"
Meet,Lewis,That is an excellent question.,0979,neutral,4,"00:58:42,284","00:58:44,161"
Meet,Lewis,"Please, don't get mad at Wilbur.",0980,neutral,4,"00:58:44,286","00:58:45,787"
Meet,Lewis,"Lewis, I am so sorry, but you have to go.",0982,surprise,6,"00:58:47,414","00:58:51,543"
Meet,Lewis,I know what I said.,0984,others,7,"00:58:53,211","00:58:55,088"
Meet,Lewis,"Wait. If I have to leave,",0994,neutral,4,"00:59:30,831","00:59:32,374"
Meet,Lewis,can I at least go back and find my mom?,0995,neutral,4,"00:59:32,499","00:59:34,709"
Meet,Lewis,"Lewis! Lewis, wait!",1001,angry,0,"00:59:45,678","00:59:46,930"
Meet,Lewis,"Oh, wait. We do.",1009,others,7,"01:00:35,851","01:00:39,313"
Meet,Lewis,"Now, show me how to work this thing.",1021,others,7,"01:01:31,279","01:01:33,365"
Meet,Lewis,What a stupid way to turn it on!,1031,angry,0,"01:01:51,089","01:01:52,424"
Meet,Lewis,Crossies! Doesn't count.,1036,fear,2,"01:02:01,433","01:02:03,310"
Meet,Lewis,Keep moving forward?,1042,others,7,"01:02:14,278","01:02:15,780"
Meet,Lewis,That's not me. That's Wilbur's dad.,1043,angry,0,"01:02:15,905","01:02:18,365"
Meet,Lewis,Are you saying,1044,surprise,6,"01:02:22,662","01:02:24,705"
Meet,Lewis,"Easy peasy, rice and cheesy. Well...",1049,others,7,"01:02:35,966","01:02:39,010"
Meet,Lewis,Allow me to shed some light on the subject.,1055,surprise,6,"01:02:50,522","01:02:53,441"
Meet,Lewis,How many evil villains do you know who can pull off a name like Goob?,1115,neutral,4,"01:06:35,612","01:06:38,281"
Meet,Lewis,"Look, I'm sorry your life turned out so bad,",1116,neutral,4,"01:06:38,865","01:06:40,783"
Meet,Lewis,but don't blame me. You messed it up yourself.,1117,neutral,4,"01:06:40,909","01:06:42,994"
Meet,Lewis,You just focused on the bad stuff when all you had to do was,1118,neutral,4,"01:06:43,119","01:06:46,831"
Meet,Lewis,let go of the past and keep moving forward.,1119,neutral,4,"01:06:46,956","01:06:50,709"
Meet,Lewis,You know about that?,1130,neutral,4,"01:07:41,591","01:07:42,759"
Meet,Lewis,"Lewis, you have to fix the time machine.",1138,others,7,"01:08:11,578","01:08:14,123"
Meet,Lewis,Why did I ever invent that stupid hat?,1160,neutral,4,"01:11:53,374","01:11:56,543"
Meet,Lewis,What? What?,1167,neutral,4,"01:12:29,867","01:12:31,661"
Meet,Lewis,What are you doing? He's the bad guy.,1175,happy,3,"01:13:40,768","01:13:43,271"
Meet,Lewis,and he smells like he hasn't showered in 30 years!,1182,neutral,4,"01:13:56,200","01:13:58,535"
Meet,Lewis,Goob!,1186,neutral,4,"01:14:10,839","01:14:12,007"
Meet,Lewis,It's the one that started it all.,1206,others,7,"01:16:08,826","01:16:10,619"
Meet,Lewis,Wowie.,1207,neutral,4,"01:16:10,745","01:16:11,871"
Meet,Lewis,You gotta make the right choices and keep moving forward.,1211,neutral,4,"01:16:20,588","01:16:24,383"
Meet,Lewis,"Since it's gonna work this time, that means I...",1212,neutral,4,"01:16:28,387","01:16:31,723"
Meet,Lewis,to that science fair and find out for yourself.,1216,happy,3,"01:16:45,153","01:16:47,906"
Meet,Michael,,0001,neutral,4,,
Meet,Michael,so I choosed another scary one,0002,neutral,4,"00:01:35,088","00:01:37,716"
Meet,Michael,"because, for all those years that I went for Halloween,",0003,neutral,4,"00:01:37,841","00:01:42,929"
Meet,Michael,I wasn't scary at all.,0004,neutral,4,"00:01:43,054","00:01:44,764"
Meet,Michael,I love baseball. It's my destiny to play that game.,0005,neutral,4,"00:01:53,689","00:01:57,902"
Meet,Michael,I don't really care about winning.,0006,neutral,4,"00:01:58,027","00:01:59,987"
Meet,Michael,"Well, like, now I do 'cause, like, we've lost every game.",0007,neutral,4,"00:02:00,112","00:02:04,575"
Meet,Michael,I've gotten tired of it.,0008,neutral,4,"00:02:04,700","00:02:06,618"
Meet,Michael,"I'm working, like, so hard. All the balls are getting thrown to me.",0009,neutral,4,"00:02:06,743","00:02:10,247"
Meet,Michael,"I'm trying to catch, like, every one.",0010,neutral,4,"00:02:10,372","00:02:12,791"
Meet,Michael,All of the people in the outfield are all looking around and...,0011,others,7,"00:02:12,916","00:02:17,003"
Meet,Michael,"Come on! Let's play some baseball, okay?",0012,neutral,4,"00:02:17,128","00:02:19,755"
Meet,Michael,They're here.,0014,neutral,4,"00:02:29,474","00:02:30,933"
Meet,Michael,Lewis?,0015,neutral,4,"00:02:36,689","00:02:37,898"
Meet,Michael,I hope he gets adopted.,0029,neutral,4,"00:03:17,061","00:03:18,771"
Meet,Michael,Good luck at the big game today. Easy win.,0140,neutral,4,"00:09:01,389","00:09:03,433"
Meet,Michael,Don't tell me. Let me guess.,0143,others,7,"00:09:07,938","00:09:09,815"
Meet,Michael,"He was up all night working on his stupid project,",0144,others,7,"00:09:09,940","00:09:13,693"
Meet,Michael,but that's what happens,0145,others,7,"00:09:14,402","00:09:15,528"
Meet,Michael,when you get a science geek for a roommate.,0146,happy,3,"00:09:15,654","00:09:18,907"
Meet,Michael,Lewis!,0635,sad,5,"00:38:34,379","00:38:35,630"
Meet,Michael,"No, Lewis is my stupid roommate.",0636,sad,5,"00:38:37,924","00:38:41,345"
Meet,Michael,"My name's Mike Yagoobian. People call me Goob,",0637,sad,5,"00:38:41,470","00:38:44,848"
Meet,Michael,"but today, everyone that beat me up called me puke face",0638,sad,5,"00:38:44,973","00:38:48,518"
Meet,Michael,Of course. Why didn't I think of that?,0644,sad,5,"00:39:02,489","00:39:05,618"
Meet,Michael,"Game didn't go so well, huh?",0646,sad,5,"00:39:11,165","00:39:13,083"
Meet,Michael,"No, I fell asleep in the ninth inning, and I missed the winning catch.",0647,sad,5,"00:39:13,208","00:39:17,712"
Meet,Michael,"Afterwards, Coach took me aside and told me to let it go.",0649,neutral,4,"00:39:19,756","00:39:23,968"
Meet,Michael,"Heed my words, Goob. Don't let it go.",0658,surprise,6,"00:39:46,031","00:39:50,744"
Meet,Michael,And we would have won!,1068,angry,0,"01:03:34,146","01:03:36,149"
Meet,Mildred,"Wait! Wait! Wait, wait, wait.",0022,happy,3,"00:03:01,087","00:03:02,880"
Meet,Mildred,"Remember, sit up straight. Look them in the eye.",0023,happy,3,"00:03:03,005","00:03:06,091"
Meet,Mildred,Mildred.,0025,happy,3,"00:03:09,011","00:03:10,429"
Meet,Mildred,Go show them how special you are.,0027,neutral,4,"00:03:13,015","00:03:14,892"
Meet,Mildred,"I killed him? No. No! No, you didn't kill him.",0074,neutral,4,"00:05:25,142","00:05:28,687"
Meet,Mildred,I called. He's perfectly fine.,0075,neutral,4,"00:05:28,812","00:05:30,772"
Meet,Mildred,I was just gonna say that it's...,0076,neutral,4,"00:05:32,148","00:05:34,233"
Meet,Mildred,It's too bad he didn't get to try a sandwich,0077,neutral,4,"00:05:34,358","00:05:36,027"
Meet,Mildred,My own mother didn't even want me.,0091,others,7,"00:06:07,848","00:06:09,518"
Meet,Mildred,Then why'd she give me up?,0093,neutral,4,"00:06:12,145","00:06:13,521"
Meet,Mildred,She may not have been able to take care of you.,0094,neutral,4,"00:06:13,646","00:06:15,315"
Meet,Mildred,I never thought of it that way.,0097,others,7,"00:06:22,613","00:06:23,989"
Meet,Mildred,My real mom is the only person who's ever wanted me.,0100,others,7,"00:06:30,620","00:06:34,083"
Meet,Mildred,and we'll be a family again!,0105,others,7,"00:06:44,092","00:06:45,468"
Meet,Mildred,We'll see you at 2:00 this afternoon. He'll be so excited you're coming.,0137,happy,3,"00:08:51,714","00:08:56,135"
Meet,Mildred,"Bye-bye, now.",0138,happy,3,"00:08:56,260","00:08:57,553"
Meet,Mildred,I just hope I can stay awake.,0142,neutral,4,"00:09:05,727","00:09:07,813"
Meet,Mildred,"Ah, that's good joe.",0147,neutral,4,"00:09:25,496","00:09:27,206"
Meet,Mildred,I almost forgot what I came up here for.,0157,neutral,4,"00:09:52,814","00:09:54,482"
Meet,Mildred,"I know you have a lot on your plate today,",0158,neutral,4,"00:09:54,607","00:09:55,983"
Meet,Mildred,"No, thanks. No, thanks?",0160,neutral,4,"00:09:58,528","00:10:00,405"
Meet,Mildred,"Sweetheart, this is about being adopted,",0161,neutral,4,"00:10:00,530","00:10:02,407"
Meet,Mildred,"Listen, I know where your head is, but I'm telling you,",0164,neutral,4,"00:10:09,580","00:10:11,874"
Moana,Tui,Papa.,0051,neutral,4,"00:04:09,792","00:04:10,752"
Moana,Tui,No one goes outside the reef.,0052,neutral,4,"00:04:10,835","00:04:12,670"
Moana,Tui,What? I wanna's go back.,0068,neutral,4,"00:07:21,025","00:07:22,652"
Moana,Tui,"I know, I know. But you don't go out there.",0069,neutral,4,"00:07:22,819","00:07:25,404"
Moana,Tui,Let's go back to the village.,0072,neutral,4,"00:07:31,702","00:07:33,704"
Moana,Tui,That's all you need,0086,happy,3,"00:08:22,128","00:08:24,255"
Moana,Tui,We share everything we make,0087,neutral,4,"00:08:24,422","00:08:26,382"
Moana,Tui,I was only looking at the boats. I wasn't gonna get on 'em.,0124,happy,3,"00:10:16,701","00:10:20,162"
Moana,Tui,Come on. There's something I need to show you.,0125,neutral,4,"00:10:23,874","00:10:27,461"
Moana,Tui,I've wanted to bring you here from the moment you opened your eyes.,0126,neutral,4,"00:10:29,338","00:10:33,050"
Moana,Tui,This is a sacred place.,0127,neutral,4,"00:10:33,467","00:10:35,720"
Moana,Tui,A place of chiefs.,0128,neutral,4,"00:10:35,886","00:10:37,888"
Moana,Tui,There will come a time...,0129,neutral,4,"00:10:38,055","00:10:39,557"
Moana,Tui,And on that day...,0133,neutral,4,"00:10:52,153","00:10:53,738"
Moana,Tui,when you add your stone...,0134,neutral,4,"00:10:53,904","00:10:56,157"
Moana,Tui,you will raise this whole island higher.,0135,neutral,4,"00:10:56,324","00:10:59,869"
Moana,Tui,They are right here.,0138,neutral,4,"00:11:05,708","00:11:08,586"
Moana,Tui,She's doing great.,0184,neutral,4,"00:13:39,195","00:13:41,197"
Moana,Tui,"Of course, I understand you have reason for concern.",0202,neutral,4,"00:14:20,611","00:14:23,614"
Moana,Tui,What if we fish beyond the reef?,0204,others,7,"00:14:25,991","00:14:28,827"
Moana,Tui,"An old rule, when there were fish.",0209,angry,0,"00:14:38,963","00:14:39,964"
Moana,Tui,"A rule that keeps us safe... But Dad, I...",0210,angry,0,"00:14:40,381","00:14:42,091"
Moana,Tui,instead of endangering our people so you can run right back to the water.,0211,angry,0,"00:14:42,216","00:14:46,178"
Moana,Tui,What are you doing?,0374,angry,0,"00:28:31,961","00:28:32,962"
Moana,Tui,We have to find Maui. We have to restore the heart!,0377,angry,0,"00:28:37,008","00:28:39,552"
Moana,Tui,There is no heart!,0378,angry,0,"00:28:39,969","00:28:41,054"
Moana,Tui,Chief! It's your mother!,0381,fear,2,"00:28:57,404","00:28:59,489"
Moana,Maul,What?,0469,neutral,4,"00:37:09,687","00:37:11,188"
Moana,Maul,"It's actually, Maui, shapeshifter, demigod of the wind and sea...",0470,neutral,4,"00:37:11,272","00:37:13,816"
Moana,Maul,hero of men.,0471,neutral,4,"00:37:13,983","00:37:15,151"
Moana,Maul,"Sorry, sorry, sorry.",0474,neutral,4,"00:37:21,365","00:37:22,533"
Moana,Maul,And women. Men and women.,0475,neutral,4,"00:37:22,909","00:37:24,994"
Moana,Maul,Both. All.,0476,neutral,4,"00:37:25,161","00:37:26,162"
Moana,Maul,"Not a guy, girl thing.",0477,others,7,"00:37:26,412","00:37:27,914"
Moana,Maul,"You know, Maui is a hero to all.",0478,others,7,"00:37:28,080","00:37:29,832"
Moana,Maul,What? No! I'm here to...,0480,neutral,4,"00:37:31,500","00:37:33,044"
Moana,Maul,Of course.,0481,neutral,4,"00:37:33,210","00:37:34,587"
Moana,Maul,"Yes, yes, yes.",0482,neutral,4,"00:37:34,754","00:37:35,922"
Moana,Maul,Maui always has time for his fans.,0483,neutral,4,"00:37:36,422","00:37:38,883"
Moana,Maul,When you use a bird to write with...,0484,neutral,4,"00:37:40,176","00:37:41,427"
Moana,Maul,it's called tweeting.,0485,surprise,6,"00:37:42,845","00:37:44,347"
Moana,Maul,and sail across the sea and put it back!,0491,neutral,4,"00:38:01,739","00:38:04,909"
Moana,Maul,Um...,0492,neutral,4,"00:38:04,992","00:38:06,118"
Moana,Maul,"Yeah, it almost sounded like you don't like me...",0493,neutral,4,"00:38:06,202","00:38:08,955"
Moana,Maul,which is impossible because...,0494,neutral,4,"00:38:09,121","00:38:11,040"
Moana,Maul,"I got stuck here for 1,000 years...",0495,neutral,4,"00:38:11,207","00:38:13,000"
Moana,Maul,trying to get the heart as a gift for you mortals.,0496,happy,3,"00:38:13,167","00:38:15,419"
Moana,Maul,"Yeah. So, what I believe you were trying to say...",0498,neutral,4,"00:38:19,048","00:38:22,426"
Moana,Maul,Why would I ever say that?,0503,others,7,"00:38:28,057","00:38:29,100"
Moana,Maul,"Okay, okay.",0504,others,7,"00:38:29,266","00:38:30,476"
Moana,Maul,You don't even know how you feel,0507,others,7,"00:38:37,733","00:38:39,318"
Moana,Maul,It's adorable,0508,others,7,"00:38:39,610","00:38:41,112"
Moana,Maul,Well it's nice to see that humans never change,0509,happy,3,"00:38:41,404","00:38:44,156"
Moana,Maul,"Yes, it's really me",0511,others,7,"00:38:47,743","00:38:48,786"
Moana,Maul,The hair The bod,0514,happy,3,"00:38:52,915","00:38:54,834"
Moana,Maul,When you're staring at a demigod,0515,happy,3,"00:38:55,418","00:38:57,753"
Moana,Maul,"For the tides, the sun, the sky",0518,happy,3,"00:39:02,591","00:39:05,261"
Moana,Maul,"Hey, it's okay, it's okay",0519,happy,3,"00:39:05,678","00:39:07,763"
Moana,Maul,What has two thumbs and pulled up the sky,0522,happy,3,"00:39:12,810","00:39:15,938"
Moana,Maul,When you were waddling yay high?,0523,happy,3,"00:39:16,105","00:39:17,940"
Moana,Maul,To stretch your days and bring you fun,0529,happy,3,"00:39:31,620","00:39:33,956"
Moana,Maul,You're welcome,0536,happy,3,"00:39:50,514","00:39:51,849"
Moana,Maul,Ha I guess it's just my way of being me,0537,happy,3,"00:39:51,974","00:39:55,811"
Moana,Maul,Sprouted a tree Now you got coconuts,0545,others,7,"00:40:10,659","00:40:11,994"
Moana,Maul,And the tapestry here on my skin Is a map of the victories I win,0548,others,7,"00:40:16,165","00:40:19,043"
Moana,Maul,You're welcome,0554,happy,3,"00:40:30,513","00:40:31,680"
Moana,Maul,For the wonderful world you know,0555,happy,3,"00:40:31,847","00:40:34,475"
Moana,Maul,'Cause I'm gonna need that boat,0561,happy,3,"00:40:46,028","00:40:48,531"
Moana,Maul,You're so welcome.,0572,happy,3,"00:41:13,222","00:41:14,515"
Moana,Maul,No. I'm not going to Te Fiti with some kid.,0573,others,7,"00:41:20,104","00:41:22,356"
Moana,Maul,You have yours and I'm not Maui without mine.,0575,others,7,"00:41:23,899","00:41:25,734"
Moana,Maul,Boat snack.,0577,neutral,4,"00:41:34,910","00:41:36,078"
Moana,Maul,"Oh, no, no, no. Don't look at me like that.",0579,happy,3,"00:42:06,233","00:42:08,569"
Moana,Maul,It's a beautiful cave. She's gonna love it.,0580,neutral,4,"00:42:08,736","00:42:11,280"
Moana,Maul,"Now, let's fatten you up, drumstick.",0582,neutral,4,"00:42:15,576","00:42:17,620"
Moana,Maul,I could watch that all day.,0583,happy,3,"00:42:40,809","00:42:43,145"
Moana,Maul,Hey! You have to put back the heart!,0587,surprise,6,"00:42:48,234","00:42:50,152"
Moana,Maul,"All right, get over it. We gotta move.",0592,neutral,4,"00:43:20,099","00:43:21,725"
Moana,Maul,All right. I'm out.,0598,others,7,"00:43:49,211","00:43:50,379"
Moana,Maul,What is your problem?,0600,fear,2,"00:43:57,970","00:43:59,555"
Moana,Maul,Get this away?,0610,fear,2,"00:44:21,660","00:44:23,037"
Moana,Maul,"Hey, hey, hey! I'm a demigod, okay?",0611,angry,0,"00:44:23,370","00:44:25,164"
Moana,Maul,Stop that. I will smite you!,0612,fear,2,"00:44:25,331","00:44:26,999"
Moana,Maul,You wanna get smote?,0613,others,7,"00:44:27,166","00:44:28,834"
Moana,Maul,Smotten?,0614,others,7,"00:44:29,001","00:44:30,002"
Moana,Maul,"Listen, that thing doesn't give you power to create life...",0615,others,7,"00:44:31,211","00:44:33,672"
Moana,Maul,it's a homing beacon of death.,0616,others,7,"00:44:33,839","00:44:35,549"
Moana,Maul,Come and get it!,0621,angry,0,"00:44:42,598","00:44:44,058"
Moana,Maul,You're welcome.,0625,others,7,"00:44:50,439","00:44:51,607"
Moana,Maul,Kaka-what?,0627,others,7,"00:44:57,780","00:44:59,031"
Moana,Maul,Do something! Help us!,0632,others,7,"00:45:29,853","00:45:31,647"
Moana,Maul,"The ocean doesn't help you, you help yourself!",0633,others,7,"00:45:31,980","00:45:34,233"
Moana,Maul,Tighten the halyard. Bind the stays!,0634,others,7,"00:45:34,400","00:45:35,901"
Moana,Maul,What are you doing?,0654,neutral,4,"00:47:45,197","00:47:46,323"
Moana,Maul,The heart!,0656,neutral,4,"00:47:47,908","00:47:48,951"
Moana,Maul,Forget it! You'll never get it back!,0657,happy,3,"00:47:49,284","00:47:50,911"
Moana,Maul,"Besides, you got a better one.",0658,others,7,"00:47:51,078","00:47:53,080"
Moana,Maul,You surprise me.,0668,neutral,4,"00:49:15,287","00:49:16,538"
Moana,Maul,But I'm still not taking that thing back.,0669,neutral,4,"00:49:16,955","00:49:18,915"
Moana,Maul,No. Have you?,0674,happy,3,"00:49:30,719","00:49:32,929"
Moana,Maul,I'm not going on a suicide mission with some mortal.,0675,neutral,4,"00:49:40,437","00:49:43,649"
Moana,Maul,You can't restore the heart without me...,0676,neutral,4,"00:49:44,399","00:49:47,027"
Moana,Maul,and me says no.,0677,neutral,4,"00:49:47,194","00:49:48,945"
Moana,Maul,I'm getting my hook.,0678,neutral,4,"00:49:49,780","00:49:51,406"
Moana,Maul,"That's what you're all about, right?",0681,neutral,4,"00:50:04,711","00:50:06,797"
Moana,Maul,You're no one's hero.,0687,neutral,4,"00:50:19,685","00:50:21,019"
Moana,Maul,all.,0701,neutral,4,"00:51:06,064","00:51:07,232"
Moana,Maul,Deal.,0705,neutral,4,"00:51:15,449","00:51:16,450"
Moana,Maul,Worth a shot.,0706,neutral,4,"00:51:20,829","00:51:21,872"
Moana,Maul,And it's not just sails and knots...,0715,neutral,4,"00:51:59,534","00:52:01,411"
Moana,Maul,Enjoy your beauty rest?,0752,neutral,4,"00:54:12,250","00:54:14,002"
Moana,Maul,"You know, a real wayfinder never sleeps...",0753,neutral,4,"00:54:14,294","00:54:16,838"
Moana,Maul,so they actually get where they need to go.,0754,neutral,4,"00:54:17,005","00:54:19,633"
Moana,Maul,"Tamatoa? Oh, he'll have it.",0758,neutral,4,"00:54:27,933","00:54:29,893"
Moana,Maul,He's a scavenger. Collects stuff. Thinks it makes him look cool.,0759,neutral,4,"00:54:30,310","00:54:34,064"
Moana,Maul,"No, no, no.",0764,neutral,4,"00:54:45,575","00:54:46,576"
Moana,Maul,That's just the entrance...,0765,neutral,4,"00:54:46,743","00:54:48,161"
Moana,Maul,We? No. Me.,0770,neutral,4,"00:54:56,836","00:54:59,047"
Moana,Maul,You are gonna stay here with the other chicken.,0771,neutral,4,"00:54:59,506","00:55:02,634"
Moana,Maul,That's what I'm talking about. Gimme some.,0772,neutral,4,"00:55:04,427","00:55:06,137"
Moana,Maul,Come on. That was a good one. How do you not get it?,0773,neutral,4,"00:55:07,472","00:55:09,683"
Moana,Maul,'Cause then it's not funny.,0778,neutral,4,"00:55:17,399","00:55:19,025"
Moana,Maul,"So, daughter of the chief...",0779,neutral,4,"00:55:32,789","00:55:34,874"
Moana,Maul,I thought you stayed in the village.,0780,happy,3,"00:55:35,041","00:55:36,501"
Moana,Maul,The ocean?,0787,happy,3,"00:55:51,057","00:55:52,267"
Moana,Maul,Makes sense.,0788,happy,3,"00:55:52,434","00:55:53,435"
Moana,Maul,"You're what, eight? Can't sail.",0789,others,7,"00:55:53,518","00:55:55,186"
Moana,Maul,"So, not seeing an entrance.",0800,others,7,"00:56:37,896","00:56:39,981"
Moana,Maul,"Yes, because it only appears...",0801,others,7,"00:56:40,440","00:56:42,317"
Moana,Maul,after a human sacrifice.,0802,happy,3,"00:56:42,484","00:56:44,319"
Moana,Maul,Kidding.,0803,happy,3,"00:56:46,362","00:56:47,697"
Moana,Maul,Don't worry...,0805,happy,3,"00:57:12,847","00:57:13,848"
Moana,Maul,it's a lot farther down than it looks.,0806,happy,3,"00:57:14,099","00:57:16,184"
Moana,Maul,Huh?,0812,neutral,4,"00:57:54,722","00:57:55,723"
Moana,Maul,"What? Dum-dum, she's not even here.",0813,neutral,4,"00:57:56,891","00:57:59,102"
Moana,Maul,Huh?,0815,neutral,4,"00:58:01,771","00:58:02,814"
Moana,Maul,Maui's fishhook!,0819,happy,3,"00:59:12,717","00:59:14,802"
Moana,Maul,What? No. I'm the one who found...,0826,neutral,4,"00:59:24,437","00:59:26,648"
Moana,Maul,Listen. For a thousand years...,0827,neutral,4,"00:59:26,856","00:59:28,316"
Moana,Maul,I've only been thinking of keeping this hair silky...,0828,neutral,4,"00:59:28,483","00:59:30,693"
Moana,Maul,getting my hook...,0829,neutral,4,"00:59:30,860","00:59:31,903"
Moana,Maul,and being awesome again.,0830,neutral,4,"00:59:32,070","00:59:33,655"
Moana,Maul,"who has no business inside of a monster cave, except...",0832,neutral,4,"00:59:36,366","00:59:40,078"
Moana,Maul,Except...,0833,others,7,"00:59:41,746","00:59:43,331"
Moana,Maul,This is stupid! I'm just gonna walk up and get it!,0842,fear,2,"00:59:58,179","01:00:00,098"
Moana,Maul,"You go up there, he will kill you. Just stick to the plan.",0843,fear,2,"01:00:00,265","01:00:02,725"
Moana,Maul,"Oh, when he shows up, keep him distracted.",0844,fear,2,"01:00:04,936","01:00:07,230"
Moana,Maul,Make him talk about himself.,0845,fear,2,"01:00:07,397","01:00:08,898"
Moana,Maul,It's Maui Time!,0897,others,7,"01:02:35,670","01:02:37,922"
Moana,Maul,We gotta go!,0945,neutral,4,"01:05:07,572","01:05:09,156"
Moana,Maul,Get up.,0989,neutral,4,"01:07:20,371","01:07:21,372"
Moana,Maul,How'd you earn that one? What's that for?,0995,neutral,4,"01:07:42,727","01:07:45,563"
Moana,Maul,What's it for?,1000,others,7,"01:07:57,032","01:07:58,033"
Moana,Maul,I had human parents.,1018,neutral,4,"01:09:12,983","01:09:15,110"
Moana,Maul,They took one look and decided...,1019,sad,5,"01:09:17,488","01:09:21,450"
Moana,Maul,So they'd love you.,1032,sad,5,"01:09:59,697","01:10:01,532"
Moana,Maul,You are.,1038,happy,3,"01:10:29,852","01:10:31,061"
Moana,Maul,"Okay, okay.",1039,happy,3,"01:10:40,529","01:10:42,364"
Moana,Maul,And if I were the ocean...,1050,neutral,4,"01:13:24,985","01:13:26,653"
Moana,Maul,Moana of Motunui...,1056,neutral,4,"01:13:46,757","01:13:48,926"
Moana,Maul,Moana! Moana! Moana!,1058,happy,3,"01:13:55,849","01:13:58,352"
Moana,Maul,You're so amazing!,1059,neutral,4,"01:13:58,811","01:14:00,604"
Moana,Maul,We can fix it.,1076,neutral,4,"01:16:25,832","01:16:27,042"
Moana,Maul,It was made by the gods.,1077,angry,0,"01:16:27,209","01:16:29,336"
Moana,Maul,We still have to restore the heart.,1084,sad,5,"01:16:44,017","01:16:45,560"
Moana,Maul,My hook is cracked.,1085,sad,5,"01:16:45,852","01:16:47,229"
Moana,Maul,"Maui, you have to restore the heart.",1087,sad,5,"01:16:49,439","01:16:51,316"
Moana,Maul,That's not true!,1089,angry,0,"01:16:53,527","01:16:54,695"
Moana,Maul,because you stole the heart in the first place.,1092,angry,0,"01:17:08,542","01:17:11,461"
Moana,Maul,"No, we're here because the ocean told you you're special...",1093,angry,0,"01:17:12,754","01:17:15,382"
Moana,Maul,Sail across the sea...,1097,angry,0,"01:17:23,640","01:17:24,808"
Moana,Maul,I'm not killing myself...,1098,angry,0,"01:17:24,975","01:17:26,059"
Moana,Maul,The ocean chose me!,1101,angry,0,"01:17:29,604","01:17:31,982"
Moana,Maul,One more hit and...,1175,happy,3,"01:25:40,220","01:25:41,721"
Moana,Maul,Thank you.,1180,happy,3,"01:25:52,690","01:25:53,733"
Moana,Maul,Te Fiti!,1200,happy,3,"01:30:11,324","01:30:12,408"
Moana,Maul,I'm sorry about your hook.,1202,neutral,4,"01:30:56,202","01:30:58,204"
Moana,Maul,"Well, hook, no hook...",1203,happy,3,"01:30:58,704","01:31:01,707"
Moana,Maul,I'm Maui.,1204,happy,3,"01:31:02,208","01:31:03,793"
Moana,Maul,Te Fiti!,1205,happy,3,"01:31:22,186","01:31:24,480"
Moana,Maul,"Hey, I mean, how you been?",1206,neutral,4,"01:31:25,648","01:31:27,483"
Moana,Maul,"Look, what I did was...",1207,sad,5,"01:31:30,820","01:31:33,239"
Moana,Maul,wrong.,1208,sad,5,"01:31:33,406","01:31:34,824"
Moana,Maul,I have no excuse.,1209,sad,5,"01:31:34,991","01:31:37,034"
Moana,Maul,My people are going to need a master wayfinder.,1218,happy,3,"01:32:53,236","01:32:56,822"
Moana,Maul,"See you out there, Maui.",1220,happy,3,"01:33:18,636","01:33:19,762"
Moana,Moana,Uh-huh. Dad!,0123,neutral,4,"00:10:14,573","00:10:16,534"
Moana,Moana,Where we are,0154,happy,3,"00:11:43,913","00:11:45,956"
Moana,Moana,Where you are,0156,neutral,4,"00:11:48,250","00:11:49,460"
Moana,Moana,Not the fronds.,0162,happy,3,"00:12:05,810","00:12:06,936"
Moana,Moana,Wind shifted the post. Ah!,0163,happy,3,"00:12:09,271","00:12:11,232"
Moana,Moana,Oh! I didn't mean... I wasn't...,0165,happy,3,"00:12:16,654","00:12:18,489"
Moana,Moana,Sometimes our strengths lie beneath the surface.,0174,neutral,4,"00:12:58,863","00:13:02,116"
Moana,Moana,Far beneath in some cases.,0175,happy,3,"00:13:03,659","00:13:05,995"
Moana,Moana,But I'm sure there's more to Heihei,0176,happy,3,"00:13:06,162","00:13:08,372"
Moana,Moana,"This morning, I was husking the coconuts and...",0179,neutral,4,"00:13:18,132","00:13:21,302"
Moana,Moana,Well...,0180,neutral,4,"00:13:28,100","00:13:29,101"
Moana,Moana,we should clear the diseased trees and we will start a new grove.,0181,neutral,4,"00:13:29,226","00:13:34,148"
Moana,Moana,they're pulling up less and less fish.,0189,neutral,4,"00:13:53,000","00:13:54,919"
Moana,Moana,"Uh, we have. There's no fish.",0191,neutral,4,"00:13:58,130","00:14:00,090"
Moana,Moana,We tried.,0193,neutral,4,"00:14:03,594","00:14:04,637"
Moana,Moana,We have one rule.,0208,others,7,"00:14:37,211","00:14:38,629"
Moana,Moana,Standing on a boat.,0215,others,7,"00:15:10,661","00:15:12,162"
Moana,Moana,it's just not meant to be.,0231,neutral,4,"00:16:01,128","00:16:03,255"
Moana,Moana,I've been staring at the edge of the water,0232,neutral,4,"00:16:17,144","00:16:21,398"
Moana,Moana,Long as I can remember,0233,sad,5,"00:16:21,565","00:16:24,735"
Moana,Moana,Never really knowing why,0234,neutral,4,"00:16:25,069","00:16:27,821"
Moana,Moana,I wish I could be the perfect daughter,0235,neutral,4,"00:16:29,239","00:16:33,577"
Moana,Moana,No matter how hard I try,0237,neutral,4,"00:16:36,747","00:16:38,957"
Moana,Moana,Every turn I take Every trail I track,0238,neutral,4,"00:16:40,751","00:16:44,004"
Moana,Moana,Every path I make Every road leads back,0239,neutral,4,"00:16:44,505","00:16:47,049"
Moana,Moana,To the place I know Where I cannot go,0240,neutral,4,"00:16:47,424","00:16:49,760"
Moana,Moana,One day I'll know,0272,happy,3,"00:18:31,862","00:18:34,531"
Moana,Moana,"We're okay, Pua.",0275,neutral,4,"00:18:47,753","00:18:48,879"
Moana,Moana,There's more fish beyond the reef.,0277,neutral,4,"00:18:52,216","00:18:54,885"
Moana,Moana,There's more beyond the reef.,0278,happy,3,"00:18:56,595","00:18:58,806"
Moana,Moana,blame it on the pig.,0282,others,7,"00:20:12,963","00:20:14,298"
Moana,Moana,Gramma.,0283,fear,2,"00:20:14,631","00:20:15,674"
Moana,Moana,I'm his mom. I don't have to tell him anything.,0285,neutral,4,"00:20:22,472","00:20:25,726"
Moana,Moana,He was right.,0286,neutral,4,"00:20:29,438","00:20:30,731"
Moana,Moana,Put that stone up there.,0290,others,7,"00:20:44,995","00:20:46,663"
Moana,Moana,I'm the village crazy lady. That's my job.,0298,others,7,"00:21:13,023","00:21:16,318"
Moana,Moana,"If there's something you want to tell me, just tell me!",0299,others,7,"00:21:16,985","00:21:20,656"
Moana,Moana,but one.,0303,neutral,4,"00:21:35,712","00:21:37,381"
Moana,Moana,and find out.,0312,happy,3,"00:22:12,916","00:22:14,876"
Moana,Moana,We were voyagers.,0331,happy,3,"00:26:01,645","00:26:03,438"
Moana,Moana,We were voyagers!,0334,neutral,4,"00:26:09,903","00:26:11,655"
Moana,Moana,from island after island.,0345,neutral,4,"00:26:44,521","00:26:47,899"
Moana,Moana,"Follow it, and you will find him.",0357,others,7,"00:27:40,827","00:27:43,621"
Moana,Moana,But why would it choose me?,0358,others,7,"00:27:43,788","00:27:47,250"
Moana,Moana,There's a cavern of boats.,0367,neutral,4,"00:28:12,776","00:28:14,110"
Moana,Moana,You told me to help our people.,0371,others,7,"00:28:26,289","00:28:28,041"
Moana,Moana,I should've burned those boats a long time ago!,0375,others,7,"00:28:33,338","00:28:35,632"
Moana,Moana,No! Don't!,0376,others,7,"00:28:35,799","00:28:36,841"
Moana,Moana,Go.,0386,sad,5,"00:29:40,697","00:29:41,739"
Moana,Moana,and restore the heart of Te Fiti.,0397,sad,5,"00:30:07,557","00:30:11,561"
Moana,Moana,I am Moana of Motunui. You will board my boat...,0419,neutral,4,"00:32:13,224","00:32:17,729"
Moana,Moana,sail across the sea and restore the heart of Te Fiti.,0420,neutral,4,"00:32:18,229","00:32:22,275"
Moana,Moana,I am Moana...,0421,others,7,"00:32:22,442","00:32:23,985"
Moana,Moana,nui.,0423,others,7,"00:32:28,114","00:32:29,240"
Moana,Moana,Heihei?,0424,neutral,4,"00:32:40,877","00:32:41,878"
Moana,Moana,It's okay. You're all right.,0425,neutral,4,"00:33:04,567","00:33:07,445"
Moana,Moana,See?,0426,neutral,4,"00:33:08,071","00:33:09,238"
Moana,Moana,There we go. Nice water.,0427,neutral,4,"00:33:09,656","00:33:12,450"
Moana,Moana,I am Moana of Motu...,0437,fear,2,"00:34:07,964","00:34:11,134"
Moana,Moana,Not helping!,0453,angry,0,"00:35:55,738","00:35:57,448"
Moana,Moana,Fish pee in you all day!,0454,angry,0,"00:35:59,116","00:36:02,036"
Moana,Moana,So...,0455,neutral,4,"00:36:02,203","00:36:03,329"
Moana,Moana,Maui!,0457,others,7,"00:36:25,601","00:36:26,853"
Moana,Moana,"Maui, demigod of the wind and sea...",0458,others,7,"00:36:30,147","00:36:32,608"
Moana,Moana,I am Moana of Motunui.,0459,angry,0,"00:36:32,775","00:36:34,485"
Moana,Moana,You will board my boat.,0460,angry,0,"00:36:34,652","00:36:36,195"
Moana,Moana,No. You will board my boat.,0461,others,7,"00:36:36,362","00:36:38,281"
Moana,Moana,The gods have given me a...,0465,others,7,"00:36:46,455","00:36:49,208"
Moana,Moana,You're doing great.,0479,others,7,"00:37:29,999","00:37:31,167"
Moana,Moana,"I know, not every day you get a chance to meet your hero.",0486,neutral,4,"00:37:48,100","00:37:50,853"
Moana,Moana,You are not my hero.,0487,angry,0,"00:37:52,063","00:37:53,856"
Moana,Moana,And I'm not here so you can sign my oar!,0488,angry,0,"00:37:54,023","00:37:56,567"
Moana,Moana,I'm here 'cause you stole the heart of Te Fiti!,0489,angry,0,"00:37:56,734","00:37:59,362"
Moana,Moana,And you will board my boat...,0490,angry,0,"00:37:59,528","00:38:01,572"
Moana,Moana,Thank you? You're welcome.,0500,neutral,4,"00:38:23,761","00:38:25,221"
Moana,Moana,Did not see that coming.,0588,angry,0,"00:43:06,835","00:43:08,420"
Moana,Moana,I am Moana of Motunui.,0589,angry,0,"00:43:10,506","00:43:13,592"
Moana,Moana,"it was Moana, right?",0595,neutral,4,"00:43:32,695","00:43:33,988"
Moana,Moana,What is your problem?,0600,others,7,"00:43:57,970","00:43:59,555"
Moana,Moana,Get it away from me.,0609,neutral,4,"00:44:20,034","00:44:21,201"
Moana,Moana,"If you don't put it away, bad things are gonna come for it.",0617,others,7,"00:44:35,716","00:44:38,010"
Moana,Moana,You are gonna get us killed!,0622,happy,3,"00:44:44,224","00:44:45,434"
Moana,Moana,"No, I'm gonna get us to Te Fiti, so you can put it back.",0623,happy,3,"00:44:45,934","00:44:49,104"
Moana,Moana,Thank you.,0624,neutral,4,"00:44:49,271","00:44:50,272"
Moana,Moana,Wonder what they're here for.,0629,others,7,"00:45:01,575","00:45:04,203"
Moana,Moana,You can't sail?,0635,neutral,4,"00:45:37,778","00:45:39,071"
Moana,Moana,"No magic hook, no magic powers!",0640,others,7,"00:45:57,214","00:45:58,799"
Moana,Moana,Their boat is turning into more boats!,0641,neutral,4,"00:46:24,533","00:46:26,577"
Moana,Moana,That's a chicken.,0647,angry,0,"00:47:16,668","00:47:17,753"
Moana,Moana,You're turning?,0653,others,7,"00:47:44,029","00:47:45,030"
Moana,Moana,Yeah!,0665,happy,3,"00:49:08,405","00:49:09,406"
Moana,Moana,Ever defeat a lava monster?,0673,neutral,4,"00:49:28,342","00:49:30,052"
Moana,Moana,"Little girl, I am a hero.",0682,neutral,4,"00:50:06,963","00:50:09,800"
Moana,Moana,Maybe you were.,0683,neutral,4,"00:50:09,966","00:50:11,426"
Moana,Moana,But now...,0684,neutral,4,"00:50:11,593","00:50:12,719"
Moana,Moana,now you're just the guy who stole the heart of Te Fiti.,0685,happy,3,"00:50:12,886","00:50:15,806"
Moana,Moana,The guy who cursed the world.,0686,neutral,4,"00:50:15,972","00:50:18,266"
Moana,Moana,But...,0689,happy,3,"00:50:32,030","00:50:33,031"
Moana,Moana,save the world...,0691,happy,3,"00:50:35,367","00:50:37,119"
Moana,Moana,Maui! Maui! Maui!,0693,happy,3,"00:50:44,000","00:50:47,129"
Moana,Moana,Then we get your hook.,0696,happy,3,"00:50:52,926","00:50:54,010"
Moana,Moana,"We get your hook, take out Te Kā, restore the heart.",0697,happy,3,"00:50:54,344","00:50:57,889"
Moana,Moana,"First, we get my hook.",0702,happy,3,"00:51:10,902","00:51:12,487"
Moana,Moana,"If anyone has my hook, it's that beady-eyed bottom-feeder.",0709,happy,3,"00:51:29,087","00:51:32,674"
Moana,Moana,by knowing where you've been.,0718,neutral,4,"00:52:06,750","00:52:08,168"
Moana,Moana,"If you can talk, you can teach.",0728,happy,3,"00:52:38,698","00:52:40,242"
Moana,Moana,"If the current's warm, you're going the right way.",0738,neutral,4,"00:53:06,309","00:53:09,187"
Moana,Moana,It's cold.,0739,happy,3,"00:53:11,106","00:53:12,607"
Moana,Moana,Aah! That is disgusting! What is wrong with you?,0741,neutral,4,"00:53:15,569","00:53:19,531"
Moana,Moana,We're here?,0742,happy,3,"00:53:36,172","00:53:37,465"
Moana,Moana,"See, told you I could do it!",0743,neutral,4,"00:53:38,300","00:53:40,677"
Moana,Moana,Motunui?,0744,neutral,4,"00:53:49,060","00:53:50,395"
Moana,Moana,Moana!,0747,others,7,"00:53:59,321","00:54:00,989"
Moana,Moana,Help!,0749,fear,2,"00:54:03,700","00:54:04,868"
Moana,Moana,my hook is the coolest collectible.,0762,neutral,4,"00:54:37,943","00:54:40,487"
Moana,Moana,to Lalotai.,0766,fear,2,"00:54:48,328","00:54:50,538"
Moana,Moana,Lalotai?,0767,fear,2,"00:54:50,872","00:54:51,957"
Moana,Moana,Realm of monsters?,0768,neutral,4,"00:54:52,123","00:54:53,875"
Moana,Moana,You're the Chosen One!,0797,neutral,4,"00:56:13,121","00:56:15,415"
Moana,Moana,maybe as bait.,0834,neutral,4,"00:59:43,498","00:59:44,707"
Moana,Moana,Huh?,0835,neutral,4,"00:59:44,874","00:59:46,084"
Moana,Moana,Wow!,0836,neutral,4,"00:59:46,668","00:59:47,835"
Moana,Moana,"The shiny, glittery cave.",0837,neutral,4,"00:59:48,002","00:59:50,046"
Moana,Moana,it is covered in sparkly treasure.,0839,neutral,4,"00:59:51,714","00:59:54,342"
Moana,Moana,"No, not since I ripped off his leg.",0848,others,7,"01:00:13,278","01:00:15,029"
Moana,Moana,"You're a funny-looking little thing, aren't you?",0858,fear,2,"01:00:47,729","01:00:49,731"
Moana,Moana,how you became so...,0867,others,7,"01:01:09,292","01:01:11,836"
Moana,Moana,Hey! Huh?,0936,neutral,4,"01:04:39,168","01:04:40,336"
Moana,Moana,Did you like the song?,0955,happy,3,"01:05:36,058","01:05:37,685"
Moana,Moana,We're alive!,0956,neutral,4,"01:05:45,192","01:05:46,569"
Moana,Moana,"I'm trying to be sincere for once, and it feels like you're distracted.",0964,neutral,4,"01:05:57,913","01:06:00,958"
Moana,Moana,We're never making it to Te Fiti. This mission is cursed.,0977,neutral,4,"01:06:30,738","01:06:33,991"
Moana,Moana,We're dead soon,0984,neutral,4,"01:07:03,646","01:07:05,106"
Moana,Moana,"Take a hike, Tiny.",0992,neutral,4,"01:07:29,547","01:07:30,631"
Moana,Moana,That's man's discovery of Nunya.,0996,neutral,4,"01:07:45,730","01:07:49,024"
Moana,Moana,I said back off.,1003,others,7,"01:08:07,376","01:08:08,836"
Moana,Moana,Is it why your hook's not working?,1004,sad,5,"01:08:09,003","01:08:10,671"
Moana,Moana,You wanna throw me off the boat...,1006,sad,5,"01:08:29,857","01:08:31,859"
Moana,Moana,throw me off.,1007,sad,5,"01:08:32,234","01:08:33,944"
Moana,Moana,You wanna tell me I don't know what I'm doing...,1008,sad,5,"01:08:34,111","01:08:37,448"
Moana,Moana,I know I don't.,1009,sad,5,"01:08:37,948","01:08:39,575"
Moana,Moana,I have no idea why the ocean chose me.,1010,sad,5,"01:08:40,534","01:08:43,704"
Moana,Moana,You're right.,1011,sad,5,"01:08:43,871","01:08:45,581"
Moana,Moana,so I am here.,1013,others,7,"01:08:51,045","01:08:54,048"
Moana,Moana,It's just me and you.,1014,others,7,"01:08:54,715","01:08:57,092"
Moana,Moana,And I want to help...,1015,others,7,"01:08:57,259","01:08:59,929"
Moana,Moana,I had human parents.,1018,others,7,"01:09:12,983","01:09:15,110"
Moana,Moana,They took one look and decided...,1019,others,7,"01:09:17,488","01:09:21,450"
Moana,Moana,Anything they could ever want.,1029,sad,5,"01:09:49,979","01:09:52,273"
Moana,Moana,You took the heart for them.,1030,sad,5,"01:09:52,982","01:09:55,276"
Moana,Moana,You did everything for them.,1031,sad,5,"01:09:55,985","01:09:58,863"
Moana,Moana,It was never enough.,1033,neutral,4,"01:10:02,116","01:10:05,286"
Moana,Moana,Maybe the gods found you for a reason.,1034,neutral,4,"01:10:13,377","01:10:16,714"
Moana,Moana,Maybe the ocean brought you to them...,1035,neutral,4,"01:10:16,881","01:10:20,050"
Moana,Moana,because it saw someone who was worthy of being saved.,1036,neutral,4,"01:10:20,217","01:10:24,305"
Moana,Moana,"Next stop, Te Fiti.",1043,happy,3,"01:12:17,001","01:12:19,628"
Moana,Moana,I think I'd be looking for a curly-haired non-princess...,1051,neutral,4,"01:13:26,820","01:13:30,908"
Moana,Moana,to start that again.,1052,happy,3,"01:13:31,658","01:13:33,494"
Moana,Moana,That is literally the nicest thing you've ever said to me.,1053,happy,3,"01:13:33,660","01:13:38,040"
Moana,Moana,I told you to turn back.,1072,others,7,"01:16:13,028","01:16:14,947"
Moana,Moana,We?,1074,sad,5,"01:16:19,326","01:16:20,410"
Moana,Moana,I thought I could make it.,1075,neutral,4,"01:16:21,870","01:16:23,956"
Moana,Moana,"It's lava, it can't go in the water.",1081,neutral,4,"01:16:36,260","01:16:38,679"
Moana,Moana,I'm not going back.,1083,others,7,"01:16:41,014","01:16:42,849"
Moana,Moana,"One more hit, and it's over.",1086,angry,0,"01:16:47,396","01:16:49,064"
Moana,Moana,and you believed it.,1094,angry,0,"01:17:15,549","01:17:17,342"
Moana,Moana,"You will board my boat... Goodbye, Moana.",1096,angry,0,"01:17:21,263","01:17:23,473"
Moana,Moana,Maui!,1103,sad,5,"01:17:44,369","01:17:45,454"
Moana,Moana,Why did you bring me here?,1104,sad,5,"01:18:00,427","01:18:02,929"
Moana,Moana,I'm not the right person.,1105,sad,5,"01:18:07,768","01:18:09,770"
Moana,Moana,You have to choose someone else.,1106,sad,5,"01:18:12,606","01:18:15,442"
Moana,Moana,Choose someone else.,1107,sad,5,"01:18:17,778","01:18:20,322"
Moana,Moana,Guess I chose the right tattoo.,1112,sad,5,"01:19:05,367","01:19:08,370"
Moana,Moana,"I tried, Gramma.",1114,sad,5,"01:19:15,460","01:19:17,546"
Moana,Moana,Why do you hesitate?,1120,sad,5,"01:19:51,246","01:19:52,873"
Moana,Moana,Who am I?,1138,neutral,4,"01:20:54,851","01:20:56,269"
Moana,Moana,I am a girl who loves my island,1139,neutral,4,"01:20:58,313","01:21:01,775"
Moana,Moana,And the girl who loves the sea,1140,neutral,4,"01:21:02,150","01:21:05,737"
Moana,Moana,It calls me,1141,neutral,4,"01:21:06,112","01:21:09,199"
Moana,Moana,I am the daughter of the village chief,1142,neutral,4,"01:21:11,284","01:21:14,162"
Moana,Moana,Who found their way across the world,1144,neutral,4,"01:21:17,999","01:21:20,335"
Moana,Moana,I have journeyed farther,1147,happy,3,"01:21:27,634","01:21:30,303"
Moana,Moana,Still it calls me,1149,happy,3,"01:21:33,557","01:21:35,350"
Moana,Moana,It's inside me,1151,happy,3,"01:21:39,980","01:21:42,774"
Moana,Moana,Always falling and rising,1153,happy,3,"01:21:45,318","01:21:49,573"
Moana,Moana,I will carry you here in my heart,1154,happy,3,"01:21:50,031","01:21:52,492"
Moana,Moana,You remind me,1155,happy,3,"01:21:52,659","01:21:55,704"
Moana,Moana,That come what may,1156,happy,3,"01:21:55,870","01:21:58,832"
Moana,Moana,I know the way,1157,happy,3,"01:21:58,999","01:22:02,002"
Moana,Moana,Maui!,1172,happy,3,"01:25:28,208","01:25:29,209"
Moana,Moana,Let her come to me.,1192,neutral,4,"01:28:30,974","01:28:32,100"
Moana,Moana,I have crossed the horizon to find you,1193,neutral,4,"01:28:55,581","01:28:59,085"
Moana,Moana,I know your name,1194,neutral,4,"01:29:06,342","01:29:08,720"
Moana,Moana,They have stolen the heart from inside you,1195,neutral,4,"01:29:12,515","01:29:16,352"
Moana,Moana,The chicken lives.,1201,neutral,4,"01:30:52,990","01:30:54,367"
Moana,Moana,I'm sorry.,1210,happy,3,"01:31:37,660","01:31:38,744"
Moana,Moana,"You could come with us, you know.",1217,happy,3,"01:32:51,234","01:32:52,318"
Moana,Moana,They already have one.,1219,happy,3,"01:32:58,324","01:33:00,159"
Moana,Moana,Moana!,1224,happy,3,"01:34:18,029","01:34:19,196"
Moana,Tala,by the bloodthirsty jaws...,0041,angry,0,"00:03:41,222","00:03:43,892"
Moana,Tala,of inescapable death!,0042,neutral,4,"00:03:44,058","00:03:46,811"
Moana,Tala,But one day...,0043,neutral,4,"00:03:52,066","00:03:53,651"
Moana,Tala,find Maui...,0046,neutral,4,"00:03:59,240","00:04:00,575"
Moana,Tala,deliver him across the great ocean...,0047,happy,3,"00:04:00,783","00:04:02,827"
Moana,Tala,You must find happiness right where you are,0114,happy,3,"00:09:25,775","00:09:29,487"
Moana,Tala,I like to dance with the water The undertow and the waves,0115,happy,3,"00:09:35,785","00:09:39,997"
Moana,Tala,"But once you know what you like Well, there you are",0118,happy,3,"00:09:48,422","00:09:52,927"
Moana,Tala,You are your father's daughter Stubbornness and pride,0119,happy,3,"00:09:54,845","00:09:58,975"
Moana,Tala,And if the voice starts to whisper To follow the farthest star,0121,neutral,4,"00:10:03,604","00:10:07,775"
Moana,Tala,Whatever just happened...,0281,happy,3,"00:20:09,960","00:20:12,796"
Moana,Tala,Are you gonna tell Dad?,0284,happy,3,"00:20:20,470","00:20:22,139"
Moana,Tala,It's time to put my stone on the mountain.,0288,neutral,4,"00:20:35,903","00:20:38,989"
Moana,Tala,You said that's what you wanted.,0292,happy,3,"00:20:53,754","00:20:56,131"
Moana,Tala,I'm going to come back as one of these.,0295,neutral,4,"00:21:04,306","00:21:07,517"
Moana,Tala,Why are you acting weird?,0297,neutral,4,"00:21:10,979","00:21:12,648"
Moana,Tala,Is there something you wanna tell me?,0300,happy,3,"00:21:21,823","00:21:23,659"
Moana,Tala,You've been told all our people's stories...,0302,neutral,4,"00:21:31,875","00:21:34,878"
Moana,Tala,What is this place?,0304,neutral,4,"00:21:38,340","00:21:39,841"
Moana,Tala,What's in there?,0307,neutral,4,"00:21:56,149","00:21:57,818"
Moana,Tala,The answer to the question you keep asking yourself.,0308,neutral,4,"00:21:57,985","00:22:02,489"
Moana,Tala,and now we have forgotten who we are.,0341,neutral,4,"00:26:31,925","00:26:35,845"
Moana,Tala,And the darkness has continued to spread...,0342,neutral,4,"00:26:36,096","00:26:39,933"
Moana,Tala,chasing away our fish...,0343,neutral,4,"00:26:40,433","00:26:42,185"
Moana,Tala,Our island.,0346,neutral,4,"00:26:51,278","00:26:53,113"
Moana,Tala,"But, one day...",0347,neutral,4,"00:26:53,738","00:26:55,573"
Moana,Tala,"someone will journey beyond our reef, find Maui...",0348,neutral,4,"00:26:55,740","00:26:59,828"
Moana,Tala,to restore the heart of Te Fiti.,0350,neutral,4,"00:27:03,832","00:27:07,460"
Moana,Tala,I was there that day.,0351,neutral,4,"00:27:09,129","00:27:12,215"
Moana,Tala,at the bottom of his hook.,0356,neutral,4,"00:27:38,616","00:27:40,368"
Moana,Tala,The ocean chose you.,0389,others,7,"00:29:46,619","00:29:49,747"
Moana,Tala,Follow the fish hook.,0390,others,7,"00:29:50,165","00:29:51,416"
Moana,Tala,Gramma...,0391,others,7,"00:29:51,583","00:29:52,584"
Moana,Tala,And when you find Maui...,0392,others,7,"00:29:52,750","00:29:54,836"
Moana,Tala,I am Moana of Motunui.,0394,neutral,4,"00:29:59,257","00:30:02,260"
Moana,Tala,I can't leave you.,0398,others,7,"00:30:13,438","00:30:15,732"
Moana,Tala,Gramma?,1111,neutral,4,"01:19:02,364","01:19:03,365"
Moana,Tala,I couldn't do it.,1115,others,7,"01:19:19,464","01:19:21,174"
Moana,Tala,It's not your fault.,1116,others,7,"01:19:21,925","01:19:24,428"
Moana,Tala,I never should have put so much on your shoulders.,1117,others,7,"01:19:24,594","01:19:28,348"
Moana,Tala,The things you have learned will guide you,1131,others,7,"01:20:29,117","01:20:31,995"
Moana,Tala,And nothing on earth can silence,1132,others,7,"01:20:32,245","01:20:35,582"
Moana,Tala,"Moana, you've come so far",1135,others,7,"01:20:42,589","01:20:45,258"
Moana,Tala,"Moana, listen",1136,others,7,"01:20:46,009","01:20:47,761"
Ralph,Vanellope,Boom! I accept your apology.,0015,happy,3,"00:01:28,800","00:01:30,393"
Ralph,Vanellope,No way. Look at the guy. He looks like a yeti.,0020,neutral,4,"00:01:42,400","00:01:44,357"
Ralph,Vanellope,I don't know.,0021,neutral,4,"00:01:44,520","00:01:45,520"
Ralph,Vanellope,He's baby smooth everywhere else.,0027,happy,3,"00:01:58,600","00:02:00,751"
Ralph,Vanellope,"Hey, wanna sneak into Tron?",0035,neutral,4,"00:02:20,360","00:02:21,635"
Ralph,Vanellope,floating around the universe like tiny specks of dust?,0050,neutral,4,"00:03:03,560","00:03:06,951"
Ralph,Vanellope,"Like, doesn't the very nature of our existence make you wonder...",0051,happy,3,"00:03:07,320","00:03:10,279"
Ralph,Vanellope,who just happens to be the coolest kid in the whole arcade.,0058,happy,3,"00:03:28,880","00:03:31,839"
Ralph,Vanellope,"All right, let's get you plugged in.",0072,neutral,4,"00:04:10,160","00:04:12,391"
Ralph,Vanellope,That's a plug-in alert.,0073,happy,3,"00:04:14,520","00:04:15,954"
Ralph,Vanellope,Litwak hasn't plugged in a new game in forever.,0074,happy,3,"00:04:16,120","00:04:18,237"
Ralph,Vanellope,Kids love those things.,0082,others,7,"00:04:34,000","00:04:35,992"
Ralph,Vanellope,and play games and socialize.,0091,happy,3,"00:04:57,080","00:04:58,833"
Ralph,Vanellope,The arcade's about to open.,0100,others,7,"00:05:18,720","00:05:20,473"
Ralph,Vanellope,"Figures, we finally get something new plugged in...",0101,others,7,"00:05:20,640","00:05:23,360"
Ralph,Vanellope,Totally not fair.,0103,others,7,"00:05:25,640","00:05:27,233"
Ralph,Vanellope,A new racing game would've been cool.,0104,sad,5,"00:05:27,400","00:05:30,040"
Ralph,Vanellope,Something wrong with your game?,0105,neutral,4,"00:05:30,200","00:05:31,376"
Ralph,Vanellope,"No, no.",0106,neutral,4,"00:05:31,400","00:05:32,400"
Ralph,Vanellope,It's just every bonus level's been unlocked. I know every shortcut.,0107,others,7,"00:05:32,600","00:05:37,038"
Ralph,Vanellope,"New track? You already got, like, three choices.",0109,neutral,4,"00:05:39,760","00:05:42,514"
Ralph,Vanellope,"Yeah, I know, but don't you ever wish something new and different...",0110,neutral,4,"00:05:42,680","00:05:45,360"
Ralph,Vanellope,Nope.,0112,neutral,4,"00:05:47,040","00:05:47,871"
Ralph,Vanellope,"Wait, I don't wanna disagree.",0114,happy,3,"00:05:51,160","00:05:52,640"
Ralph,Vanellope,We're arguing? I don't wanna argue.,0116,happy,3,"00:05:56,240","00:05:57,879"
Ralph,Vanellope,"You're gonna lose today, Princess.",0125,neutral,4,"00:06:28,440","00:06:30,909"
Ralph,Vanellope,"While, yes, I am technically a princess, Taffyta...",0126,neutral,4,"00:06:31,080","00:06:34,073"
Ralph,Vanellope,I'd rather you just think of me as plain old Vanellope...,0127,neutral,4,"00:06:34,240","00:06:37,278"
Ralph,Vanellope,"Yeah, I love it when she glitches.",0132,neutral,4,"00:07:02,080","00:07:03,958"
Ralph,Vanellope,Excuse me. I must have fallen asleep.,0133,happy,3,"00:07:10,000","00:07:11,957"
Ralph,Vanellope,Right on time.,0137,surprise,6,"00:07:27,720","00:07:29,552"
Ralph,Vanellope,and different?,0140,neutral,4,"00:07:35,800","00:07:36,995"
Ralph,Vanellope,Then take this track.,0141,happy,3,"00:07:37,240","00:07:39,311"
Ralph,Vanellope,"Ralph, you old son-of-a-gun.",0142,happy,3,"00:07:40,320","00:07:41,993"
Ralph,Vanellope,Never seen that before.,0145,happy,3,"00:07:48,920","00:07:50,036"
Ralph,Vanellope,"Oh, my gosh.",0159,happy,3,"00:08:36,680","00:08:38,512"
Ralph,Vanellope,What an amazing track!,0160,happy,3,"00:08:38,680","00:08:39,909"
Ralph,Vanellope,Wait a minute.,0164,neutral,4,"00:08:47,240","00:08:48,071"
Ralph,Vanellope,"What did you do, Ralph? Nothing.",0172,neutral,4,"00:09:08,440","00:09:10,557"
Ralph,Vanellope,I haven't seen this many gameless characters since Space Invaders went down.,0206,neutral,4,"00:10:41,000","00:10:45,313"
Ralph,Vanellope,"So what do you think, kid? Fort, yurt, or the obvious best choice, pigloo?",0219,sad,5,"00:11:30,320","00:11:34,553"
Ralph,Vanellope,I can't believe I don't have a game anymore.,0220,sad,5,"00:11:35,760","00:11:38,958"
Ralph,Vanellope,I've literally just described paradise.,0224,neutral,4,"00:11:48,880","00:11:50,872"
Ralph,Vanellope,You were just bellyaching about the tracks being too easy.,0227,neutral,4,"00:11:54,000","00:11:56,281"
Ralph,Vanellope,"No, that doesn't mean I didn't love it.",0228,neutral,4,"00:11:56,480","00:11:58,472"
Ralph,Vanellope,but still I never really knew what might happen in a race.,0230,neutral,4,"00:12:02,200","00:12:06,194"
Ralph,Vanellope,"And it's that, it's that feeling, that not-knowing-what's-coming-next feeling.",0231,neutral,4,"00:12:06,800","00:12:11,079"
Ralph,Vanellope,That's the stuff. That feels like life to me.,0232,neutral,4,"00:12:11,560","00:12:15,793"
Ralph,Vanellope,"And if I'm not a racer, Ralph...",0233,neutral,4,"00:12:17,040","00:12:18,997"
Ralph,Vanellope,"Well, you're my best friend.",0235,neutral,4,"00:12:22,360","00:12:23,555"
Ralph,Vanellope,Hey.,0237,neutral,4,"00:12:25,160","00:12:26,160"
Ralph,Vanellope,"No, I just...",0238,others,7,"00:12:26,320","00:12:27,800"
Ralph,Vanellope,"I'm sorry, I know I'm being weird.",0239,sad,5,"00:12:27,960","00:12:31,112"
Ralph,Vanellope,Boo!,0332,others,7,"00:17:06,680","00:17:07,680"
Ralph,Vanellope,'cause we're about to blast off!,0335,neutral,4,"00:17:14,640","00:17:17,030"
Ralph,Vanellope,We want to report some malfeasance over by the Whac-A-Mole.,0344,others,7,"00:17:32,480","00:17:35,120"
Ralph,Vanellope,"So, all we gotta do is find this eboy place.",0348,happy,3,"00:17:48,240","00:17:50,072"
Ralph,Vanellope,"This is a shockingly sound, well-thought-out idea for you, Ralph.",0354,neutral,4,"00:18:00,840","00:18:03,799"
Ralph,Vanellope,The Internet is not nearly as impressive as how Sonic described it.,0360,neutral,4,"00:18:16,560","00:18:20,315"
Ralph,Vanellope,Anyone? Hello!,0365,neutral,4,"00:18:28,520","00:18:29,795"
Ralph,Vanellope,Kid!,0384,happy,3,"00:19:57,680","00:19:58,716"
Ralph,Vanellope,This is the most beautiful miracle I've ever seen.,0394,neutral,4,"00:21:11,680","00:21:15,754"
Ralph,Vanellope,But it's so big.,0395,neutral,4,"00:21:17,040","00:21:18,474"
Ralph,Vanellope,It goes on forever and ever.,0396,neutral,4,"00:21:18,640","00:21:20,677"
Ralph,Vanellope,This guy's a little soft-boiled.,0425,neutral,4,"00:22:31,200","00:22:32,680"
Ralph,Vanellope,"Yes. I'm sorry, but my autofill is a touch aggressive today.",0427,neutral,4,"00:22:35,680","00:22:39,356"
Ralph,Vanellope,Let me try.,0428,neutral,4,"00:22:39,520","00:22:40,636"
Ralph,Vanellope,I only found one result for your query.,0430,neutral,4,"00:22:46,240","00:22:48,630"
Ralph,Vanellope,What? How did you...?,0432,neutral,4,"00:22:52,120","00:22:53,315"
Ralph,Vanellope,The Internet's very intuitive.,0433,happy,3,"00:22:53,480","00:22:55,233"
Ralph,Vanellope,There's a whole building full of them.,0440,happy,3,"00:23:41,840","00:23:43,638"
Ralph,Vanellope,There it is! ebay!,0441,happy,3,"00:23:44,080","00:23:45,560"
Ralph,Vanellope,"Ralph, we're really gonna do it.",0442,happy,3,"00:23:53,800","00:23:55,154"
Ralph,Vanellope,Are you understanding how this game works?,0469,neutral,4,"00:24:54,000","00:24:55,912"
Ralph,Vanellope,I think all you have to do is yell out the biggest number...,0470,neutral,4,"00:24:56,080","00:24:59,278"
Ralph,Vanellope,And big baby clothes called lingerie.,0476,neutral,4,"00:25:11,440","00:25:14,353"
Ralph,Vanellope,There's a row with a bunch of old video game junk!,0478,happy,3,"00:25:16,560","00:25:19,120"
Ralph,Vanellope,Someone else is trying to win it.,0480,others,7,"00:25:21,440","00:25:22,794"
Ralph,Vanellope,I have three-and-a-quarter. Do I hear 350?,0492,neutral,4,"00:25:42,760","00:25:44,752"
Ralph,Vanellope,350? 350? Watch this.,0493,happy,3,"00:25:44,920","00:25:46,240"
Ralph,Vanellope,"Way to go, kid! That is a huge number.",0496,neutral,4,"00:25:50,160","00:25:52,231"
Ralph,Vanellope,"Hey, that's me!",0507,happy,3,"00:26:11,400","00:26:12,400"
Ralph,Vanellope,We're way ahead of schedule.,0516,happy,3,"00:26:33,560","00:26:35,279"
Ralph,Vanellope,What?,0528,neutral,4,"00:26:57,760","00:26:58,760"
Ralph,Vanellope,"we also accept PayPal, Venmo, ProPay, SquareCash and BuzzzyBucks.",0531,happy,3,"00:27:04,360","00:27:08,240"
Ralph,Vanellope,You're gonna laugh. Okay.,0532,neutral,4,"00:27:09,840","00:27:11,832"
Ralph,Vanellope,What the heck? Dang Internet.,0544,neutral,4,"00:27:50,800","00:27:53,315"
Ralph,Vanellope,"Hey, kid. What's going on? What's wrong?",0546,others,7,"00:27:59,840","00:28:01,832"
Ralph,Vanellope,There's only one steering wheel in the whole Internet...,0548,angry,0,"00:28:05,400","00:28:08,199"
Ralph,Vanellope,is figure out a way to earn a little bit of moola.,0556,neutral,4,"00:28:24,040","00:28:26,953"
Ralph,Vanellope,"We're video game characters, Ralph. We don't have moola.",0557,neutral,4,"00:28:27,120","00:28:30,591"
Ralph,Vanellope,or she loses her game.,0567,others,7,"00:28:55,280","00:28:56,430"
Ralph,Vanellope,"Now, those there are some of your more commonplace, low-dollar items.",0595,neutral,4,"00:30:13,200","00:30:16,796"
Ralph,Vanellope,You're saying if we find the Golden Cleats from Pro League Soccer...,0597,neutral,4,"00:30:19,760","00:30:24,437"
Ralph,Vanellope,we find those and bring them back here to you...,0598,neutral,4,"00:30:24,600","00:30:27,115"
Ralph,Vanellope,and they sell them on my website to the highest bidder.,0603,neutral,4,"00:30:37,640","00:30:40,633"
Ralph,Vanellope,"Okay, but here's the thing...",0604,neutral,4,"00:30:41,560","00:30:42,880"
Ralph,Vanellope,we need like a buttload of money.,0605,neutral,4,"00:30:43,040","00:30:44,918"
Ralph,Vanellope,"So, I think we should get outta here right now.",0658,happy,3,"00:33:21,960","00:33:23,656"
Ralph,Vanellope,and what-have-you. That sort of thing.,0691,neutral,4,"00:34:48,800","00:34:50,598"
Ralph,Vanellope,This is nice.,0692,neutral,4,"00:34:52,400","00:34:54,232"
Ralph,Vanellope,You said Larry took the call.,0697,happy,3,"00:35:04,440","00:35:06,272"
Ralph,Vanellope,This is the worst day of my life!,0703,neutral,4,"00:35:35,480","00:35:37,676"
Ralph,Vanellope,Just get us out of here so we can get this car to Spamley and get paid.,0705,happy,3,"00:35:42,200","00:35:45,318"
Ralph,Vanellope,She looks upset.,0711,neutral,4,"00:36:22,880","00:36:23,996"
Ralph,Vanellope,"Kid, get back on the track. I'm gonna lose my cookies.",0714,neutral,4,"00:36:36,440","00:36:39,000"
Ralph,Vanellope,I believe you have something of mine.,0718,neutral,4,"00:37:00,360","00:37:02,158"
Ralph,Vanellope,I'm trying!,0722,angry,0,"00:37:33,320","00:37:34,390"
Ralph,Vanellope,Dead end! Dead end!,0727,others,7,"00:38:02,800","00:38:03,800"
Ralph,Vanellope,"Good job, kid.",0730,happy,3,"00:38:11,080","00:38:12,080"
Ralph,Vanellope,"Oh, yeah, I feel like me again.",0731,happy,3,"00:38:12,120","00:38:14,794"
Ralph,Vanellope,"Yo, Department of Noise, get out of my car!",0736,others,7,"00:38:48,200","00:38:51,477"
Ralph,Vanellope,"You just stay put, don't panic. I'm gonna talk to her.",0738,others,7,"00:38:53,280","00:38:56,193"
Ralph,Vanellope,Tell her I sent you.,0781,neutral,4,"00:40:52,120","00:40:53,315"
Ralph,Vanellope,Yesss will hook you up.,0782,happy,3,"00:40:53,480","00:40:54,550"
Ralph,Vanellope,I'm not sure if nice is the right word.,0784,happy,3,"00:40:57,160","00:40:58,958"
Ralph,Vanellope,"I should be thanking you, little sister. That race was fun.",0786,happy,3,"00:41:00,840","00:41:04,436"
Ralph,Vanellope,"While we're talking shop, what move did you do to get through that tunnel of fire?",0788,neutral,4,"00:41:08,600","00:41:12,719"
Ralph,Vanellope,"Man, oh, man, that place was scary.",0795,happy,3,"00:41:40,960","00:41:42,872"
Ralph,Vanellope,"Scary is when you clench your butt, and my butt is still clenched.",0798,neutral,4,"00:41:47,080","00:41:50,278"
Ralph,Vanellope,"Come on, are you honestly telling me...",0799,happy,3,"00:41:50,480","00:41:52,358"
Ralph,Vanellope,Cool? Name one cool thing about her.,0801,neutral,4,"00:41:55,640","00:41:57,950"
Ralph,Vanellope,"Let's see, she looks cool, she talks cool...",0802,neutral,4,"00:41:58,160","00:42:00,277"
Ralph,Vanellope,"Wait a minute, are you saying my hair isn't cool?",0804,neutral,4,"00:42:02,800","00:42:04,792"
Ralph,Vanellope,What? No! I'm just saying the game was next-level.,0805,neutral,4,"00:42:05,000","00:42:09,074"
Ralph,Vanellope,"Hey, just where do you think you're going?",0807,neutral,4,"00:42:11,840","00:42:13,957"
Ralph,Vanellope,He can give us some easier loot to find.,0810,angry,0,"00:42:18,520","00:42:20,352"
Ralph,Vanellope,Come on. I don't trust that Shank one bit.,0812,angry,0,"00:42:23,360","00:42:25,591"
Ralph,Vanellope,"You got it, Jackson!",0819,neutral,4,"00:42:40,680","00:42:42,353"
Ralph,Vanellope,"Chumbo, if we nickel-and-dime it with Spamley...",0820,neutral,4,"00:42:42,520","00:42:46,275"
Ralph,Vanellope,"Yeah, if you like babies and cats.",0825,happy,3,"00:43:06,880","00:43:09,349"
Ralph,Vanellope,Because obviously they love me. I told you this place was a good idea.,0829,neutral,4,"00:43:18,840","00:43:22,356"
Ralph,Vanellope,"Yeah, this lady named Shank...",0854,neutral,4,"00:44:21,560","00:44:22,835"
Ralph,Vanellope,she actually made the video.,0855,neutral,4,"00:44:23,000","00:44:24,320"
Ralph,Vanellope,Yes! Hearts!,0867,neutral,4,"00:44:52,280","00:44:53,280"
Ralph,Vanellope,Not to buzzkill the lovefest you guys got going on here...,0868,neutral,4,"00:44:56,200","00:44:59,591"
Ralph,Vanellope,"43? That's not even half of 27,001.",0877,others,7,"00:45:20,400","00:45:23,950"
Ralph,Vanellope,"What are we gonna do, kid?",0884,neutral,4,"00:45:43,320","00:45:44,390"
Ralph,Vanellope,"All right, pal, I have an idea. And hear me out.",0885,happy,3,"00:45:44,560","00:45:47,314"
Ralph,Vanellope,That could get you a lot of hearts fast.,0891,others,7,"00:46:02,800","00:46:04,917"
Ralph,Vanellope,Have you thought this through at all?,0892,others,7,"00:46:05,080","00:46:06,496"
Ralph,Vanellope,Click it. Click it!,0966,happy,3,"00:49:38,840","00:49:40,399"
Ralph,Vanellope,"Man oh Manischewitz, that looks so fun.",0967,neutral,4,"00:49:52,760","00:49:55,594"
Ralph,Vanellope,I don't know. Can you be annoyingly aggressive?,0969,neutral,4,"00:49:57,040","00:49:59,475"
Ralph,Vanellope,I don't know. Can I? Can I? Can I?,0970,neutral,4,"00:49:59,680","00:50:02,115"
Ralph,Vanellope,"Go on, kid, tell her.",0977,neutral,4,"00:50:20,520","00:50:21,590"
Ralph,Vanellope,It's true.,0978,neutral,4,"00:50:21,760","00:50:22,760"
Ralph,Vanellope,"In fact, it's so true that we will be fine if we're apart for a minute.",0979,neutral,4,"00:50:22,920","00:50:28,040"
Ralph,Vanellope,"Come on, pal. It's my game we're trying to save.",0980,neutral,4,"00:50:28,200","00:50:30,715"
Ralph,Vanellope,What if you get lost? You're just a kid.,0983,neutral,4,"00:50:34,320","00:50:36,198"
Ralph,Vanellope,I'm going to miss you.,0994,neutral,4,"00:51:03,960","00:51:05,838"
Ralph,Vanellope,"You'll be fine, too.",0995,neutral,4,"00:51:06,480","00:51:08,392"
Ralph,Vanellope,"Okay, I'll redirect our newest pop-up to OhMyDisney.com.",1013,neutral,4,"00:51:58,480","00:52:02,360"
Ralph,Vanellope,To infinity and beyond!,1015,others,7,"00:52:16,200","00:52:19,034"
Ralph,Vanellope,Come on. Princesses and cartoon characters?,1016,others,7,"00:52:22,240","00:52:25,517"
Ralph,Vanellope,"Hey, easy there.",1018,happy,3,"00:52:27,160","00:52:29,470"
Ralph,Vanellope,"I mean, no offense or anything.",1019,neutral,4,"00:52:29,640","00:52:32,235"
Ralph,Vanellope,"Hey, wanna meet my BFF? It's Wreck-It Ralph.",1027,happy,3,"00:52:56,200","00:52:59,159"
Ralph,Vanellope,Just click here to see his new video.,1028,neutral,4,"00:52:59,360","00:53:01,352"
Ralph,Vanellope,Excuse me. I'll take this one.,1038,neutral,4,"00:53:26,440","00:53:27,616"
Ralph,Vanellope,"He is Groot, I am Vanellope, click here to meet Wreck-It Ralph.",1039,happy,3,"00:53:27,640","00:53:31,270"
Ralph,Vanellope,Hi!,1055,fear,2,"00:54:20,960","00:54:21,960"
Ralph,Vanellope,"Ladies, I can explain.",1056,happy,3,"00:54:26,000","00:54:27,798"
Ralph,Vanellope,Princess Vanellope Von Schweetz...,1059,happy,3,"00:54:32,560","00:54:34,438"
Ralph,Vanellope,of the Sugar Rush Von Schweetzes.,1060,neutral,4,"00:54:34,600","00:54:37,559"
Ralph,Vanellope,What kind of a princess are you?,1062,neutral,4,"00:54:42,560","00:54:44,517"
Ralph,Vanellope,Kidnapped or enslaved? No!,1069,others,7,"00:54:53,800","00:54:55,314"
Ralph,Vanellope,where she took your voice in exchange for a pair of human legs?,1072,others,7,"00:55:00,200","00:55:03,238"
Ralph,Vanellope,Have you ever had True Love's Kiss?,1074,others,7,"00:55:05,800","00:55:07,473"
Ralph,Vanellope,Do people assume all your problems got solved because a big strong man showed up?,1080,others,7,"00:55:15,400","00:55:19,838"
Ralph,Vanellope,She's singing.,1099,neutral,4,"00:56:04,680","00:56:06,034"
Ralph,Vanellope,"Yeah, but there was like music and a spotlight.",1100,neutral,4,"00:56:06,200","00:56:09,193"
Ralph,Vanellope,That's what happens when a princess sings about her dreams.,1102,neutral,4,"00:56:11,200","00:56:14,318"
Ralph,Vanellope,What is it you really want? Sing about that.,1105,neutral,4,"00:56:19,720","00:56:22,713"
Ralph,Vanellope,I could do that. Let's see.,1107,happy,3,"00:56:24,320","00:56:26,073"
Ralph,Vanellope,"Oh, steering wheel Oh, steering wheel",1108,neutral,4,"00:56:28,280","00:56:32,513"
Ralph,Vanellope,"So, this steering wheel you sing of, that's a metaphor?",1111,neutral,4,"00:56:42,280","00:56:46,593"
Ralph,Vanellope,"No, no, no, it's not a metaphor.",1112,neutral,4,"00:56:46,760","00:56:48,991"
Ralph,Vanellope,I literally want a steering wheel.,1113,neutral,4,"00:56:49,160","00:56:51,391"
Ralph,Vanellope,is finding a form of water and staring at it.,1119,neutral,4,"00:57:03,440","00:57:06,990"
Ralph,Vanellope,Right. Of course. Important water.,1127,neutral,4,"00:57:20,280","00:57:22,715"
Ralph,Vanellope,I stare at the important water...,1128,neutral,4,"00:57:22,880","00:57:25,076"
Ralph,Vanellope,For sure.,1130,neutral,4,"00:57:28,560","00:57:29,630"
Ralph,Vanellope,"Let's hop along, Cassidy.",1228,neutral,4,"01:01:48,640","01:01:50,711"
Ralph,Vanellope,"Come on, song, come on.",1229,neutral,4,"01:01:51,880","01:01:54,634"
Ralph,Vanellope,I'm reflecting.,1230,neutral,4,"01:01:55,440","01:01:56,999"
Ralph,Vanellope,What is it that I want?,1231,neutral,4,"01:01:57,640","01:01:58,835"
Ralph,Vanellope,What is my quest?,1232,neutral,4,"01:01:59,000","01:02:00,000"
Ralph,Vanellope,What is my dream?,1233,neutral,4,"01:02:00,160","01:02:02,550"
Ralph,Vanellope,"Well, ladies, I tried.",1234,others,7,"01:02:04,600","01:02:06,637"
Ralph,Vanellope,"Hey, kid, can you see me?",1237,happy,3,"01:02:15,200","01:02:16,270"
Ralph,Vanellope,We did it! We got the money!,1239,happy,3,"01:02:18,320","01:02:20,277"
Ralph,Vanellope,Our lives can finally get back to normal.,1247,neutral,4,"01:02:33,320","01:02:35,630"
Ralph,Vanellope,"Wow, I can't believe it. I get to go home.",1248,neutral,4,"01:02:38,920","01:02:42,118"
Ralph,Vanellope,"So, I guess that's it. I guess I just wanted a steering wheel.",1249,neutral,4,"01:02:42,320","01:02:46,951"
Ralph,Vanellope,"And now, I got it, so...",1250,sad,5,"01:02:47,680","01:02:49,797"
Ralph,Vanellope,whoo-hoo.,1251,neutral,4,"01:02:50,160","01:02:51,640"
Ralph,Vanellope,Slaughter Race?,1252,neutral,4,"01:02:56,480","01:02:57,596"
Ralph,Vanellope,What can it be that calls me to this place today?,1253,neutral,4,"01:03:05,080","01:03:09,040"
Ralph,Vanellope,This lawless car ballet?,1254,neutral,4,"01:03:09,200","01:03:11,760"
Ralph,Vanellope,What can it be?,1255,happy,3,"01:03:11,920","01:03:14,355"
Ralph,Vanellope,Am I a baby pigeon sprouting wings to soar?,1256,neutral,4,"01:03:15,400","01:03:19,553"
Ralph,Vanellope,Was that a metaphor?,1257,happy,3,"01:03:19,720","01:03:21,279"
Ralph,Vanellope,"Hey, there's a dollar store",1258,neutral,4,"01:03:21,480","01:03:24,712"
Ralph,Vanellope,To this place called,1262,neutral,4,"01:03:37,320","01:03:40,631"
Ralph,Vanellope,Slaughter Race,1279,happy,3,"01:04:31,840","01:04:35,516"
Ralph,Vanellope,"My heart's in flight And wow, it's a blast",1280,happy,3,"01:04:37,360","01:04:40,876"
Ralph,Vanellope,"Happy dreams, not creepy clown dreams",1290,others,7,"01:05:26,560","01:05:29,155"
Ralph,Vanellope,Race,1295,happy,3,"01:05:47,680","01:05:52,755"
Ralph,Vanellope,In this place called,1296,neutral,4,"01:05:58,360","01:06:02,274"
Ralph,Vanellope,Slaughter,1297,happy,3,"01:06:02,440","01:06:06,150"
Ralph,Vanellope,"but the second I walked into this game, it felt...",1322,neutral,4,"01:07:15,840","01:07:19,516"
Ralph,Vanellope,"Well, it felt like home.",1323,neutral,4,"01:07:20,400","01:07:22,232"
Ralph,Vanellope,"Oh, yeah? How so?",1325,happy,3,"01:07:24,960","01:07:26,792"
Ralph,Vanellope,'Cause it's like my dream.,1326,neutral,4,"01:07:26,960","01:07:28,633"
Ralph,Vanellope,It's full of weirdos...,1327,neutral,4,"01:07:28,800","01:07:30,837"
Ralph,Vanellope,and the racing is super dangerous...,1328,neutral,4,"01:07:31,000","01:07:33,993"
Ralph,Vanellope,and you never know what's gonna happen next.,1329,neutral,4,"01:07:34,160","01:07:36,914"
Ralph,Vanellope,Yeah.,1335,neutral,4,"01:08:01,080","01:08:02,400"
Ralph,Vanellope,"You are a very wise person, Shank.",1336,neutral,4,"01:08:02,760","01:08:05,958"
Ralph,Vanellope,"And a good friend, too.",1337,happy,3,"01:08:06,120","01:08:08,316"
Ralph,Vanellope,you are always welcome here.,1341,neutral,4,"01:08:17,600","01:08:19,159"
Ralph,Vanellope,"But that's the thing, I want this to be my normal.",1342,neutral,4,"01:08:19,360","01:08:22,398"
Ralph,Vanellope,I want this to be my life.,1343,neutral,4,"01:08:22,560","01:08:24,631"
Ralph,Vanellope,"Fiddlesticks! Well, that's game.",1442,neutral,4,"01:12:34,840","01:12:36,718"
Ralph,Vanellope,"You didn't tell Ralph yet, did you?",1451,sad,5,"01:12:55,440","01:12:57,272"
Ralph,Vanellope,You gotta let him know you're planning on staying here for a while.,1454,neutral,4,"01:13:02,720","01:13:05,394"
Ralph,Vanellope,"Yeah, but what if we don't?",1458,others,7,"01:13:13,360","01:13:14,953"
Ralph,Vanellope,What if his feelings get hurt so bad...,1459,sad,5,"01:13:15,160","01:13:17,595"
Ralph,Vanellope,It's your call.,1467,neutral,4,"01:13:34,000","01:13:35,275"
Ralph,Vanellope,"Looks like we're not finished. Come on, V.",1480,fear,2,"01:14:49,240","01:14:51,914"
Ralph,Vanellope,Ralph?,1481,neutral,4,"01:14:54,320","01:14:55,320"
Ralph,Vanellope,Okay. Relax. Relax!,1482,neutral,4,"01:15:01,800","01:15:04,110"
Ralph,Vanellope,I think it's my glitch.,1502,sad,5,"01:16:03,400","01:16:04,595"
Ralph,Vanellope,We got to get you out of here now. Follow me to the exit.,1505,fear,2,"01:16:10,960","01:16:13,953"
Ralph,Vanellope,"Come on. Don't leave me, kid.",1517,neutral,4,"01:16:58,480","01:17:00,551"
Ralph,Vanellope,"There you are. You okay, kid?",1519,sad,5,"01:17:04,640","01:17:07,394"
Ralph,Vanellope,"No. No, you didn't, it's okay.",1521,sad,5,"01:17:11,640","01:17:13,757"
Ralph,Vanellope,This is all because of me and my glitch.,1522,sad,5,"01:17:14,120","01:17:16,794"
Ralph,Vanellope,I should've just stayed with you...,1523,sad,5,"01:17:17,200","01:17:18,919"
Ralph,Vanellope,instead of following some stupid dream.,1524,sad,5,"01:17:19,080","01:17:21,800"
Ralph,Vanellope,It was not supposed to be this bad.,1528,neutral,4,"01:17:33,640","01:17:36,633"
Ralph,Vanellope,harmless little virus in the game.,1531,neutral,4,"01:17:47,280","01:17:50,193"
Ralph,Vanellope,A virus?,1532,surprise,6,"01:17:50,360","01:17:52,397"
Ralph,Vanellope,that you wanted to live in Slaughter Race forever.,1535,angry,0,"01:17:58,480","01:18:00,440"
Ralph,Vanellope,You were gonna ditch everybody and abandon Sugar Rush.,1538,angry,0,"01:18:06,160","01:18:08,629"
Ralph,Vanellope,What about me?,1540,angry,0,"01:18:12,360","01:18:13,510"
Ralph,Vanellope,Why would I ever spend another second with you...,1541,angry,0,"01:18:13,680","01:18:16,070"
Ralph,Vanellope,"Vanellope, where are you going?",1545,angry,0,"01:18:26,600","01:18:28,159"
Ralph,Vanellope,Wait a minute. I can explain.,1547,angry,0,"01:18:29,760","01:18:30,856"
Ralph,Vanellope,"Vanellope, please...",1549,angry,0,"01:18:32,960","01:18:33,960"
Ralph,Vanellope,A friend would never do what you did. Never!,1550,angry,0,"01:18:34,120","01:18:36,919"
Ralph,Vanellope,Friend!,1569,surprise,6,"01:20:14,160","01:20:15,594"
Ralph,Vanellope,What can KnowsMore help you find today?,1586,others,7,"01:21:21,960","01:21:23,520"
Ralph,Vanellope,A Whole Lotta Love by British rockers Led Zeppelin?,1588,fear,2,"01:21:26,000","01:21:28,000"
Ralph,Vanellope,No! No! There's a whole bunch of Ralphs chasing me.,1589,fear,2,"01:21:28,400","01:21:31,199"
Ralph,Vanellope,It's me! It's the real me!,1595,neutral,4,"01:21:54,520","01:21:55,670"
Ralph,Vanellope,"I followed those things here. I think they're looking for you, kid.",1597,angry,0,"01:22:00,760","01:22:03,400"
Ralph,Vanellope,Sort of a co-dependent pied piper situation.,1613,happy,3,"01:22:49,160","01:22:52,392"
Ralph,Vanellope,Wait. We know a pied piper.,1614,happy,3,"01:22:52,560","01:22:54,916"
Ralph,Vanellope,you don't literally have to break the Internet.,1622,neutral,4,"01:23:16,480","01:23:19,120"
Ralph,Vanellope,I don't blame you for not wanting to be my friend anymore.,1635,neutral,4,"01:24:02,640","01:24:05,394"
Ralph,Vanellope,I never said I didn't want to be your friend.,1636,neutral,4,"01:24:05,600","01:24:07,592"
Ralph,Vanellope,"Come on, big man. Help me turn this thing over.",1646,fear,2,"01:24:50,520","01:24:52,910"
Ralph,Vanellope,and we'll be best friends forever.,1691,neutral,4,"01:28:59,640","01:29:01,711"
Ralph,Vanellope,Just me and you.,1692,neutral,4,"01:29:02,720","01:29:04,120"
Ralph,Vanellope,"Right, kid?",1705,happy,3,"01:29:48,640","01:29:49,710"
Ralph,Vanellope,Right?,1711,happy,3,"01:30:10,320","01:30:11,834"
Ralph,Vanellope,"Ralph, look!",1715,happy,3,"01:30:41,200","01:30:42,200"
Ralph,Vanellope,because everything's always on.,1740,neutral,4,"01:33:01,120","01:33:02,713"
Ralph,Vanellope,"You know, other than KnowsMore, I'm probably the smartest guy on the Internet.",1743,happy,3,"01:33:07,000","01:33:10,080"
Ralph,Vanellope,"Hey, don't forget.",1750,neutral,4,"01:33:25,600","01:33:26,920"
Ralph,Vanellope,"You know Shank added my code and everything, so I'll be able to regenerate.",1751,neutral,4,"01:33:27,120","01:33:30,670"
Ralph,Vanellope,I'm gonna be totally safe.,1752,happy,3,"01:33:30,840","01:33:32,035"
Ralph,Vanellope,"Yeah, I did.",1755,happy,3,"01:33:36,240","01:33:37,674"
Ralph,Vanellope,I did.,1756,neutral,4,"01:33:38,400","01:33:39,400"
Ralph,Vanellope,So...,1757,neutral,4,"01:33:40,280","01:33:41,350"
Ralph,Vanellope,"Before you go, I wanted to give you this.",1759,neutral,4,"01:33:45,960","01:33:48,634"
Ralph,Vanellope,Now we can both have a half. See?,1762,happy,3,"01:33:54,160","01:33:56,595"
Ralph,Vanellope,Yeah!,1763,happy,3,"01:33:58,480","01:33:59,480"
Ralph,Vanellope,I love you so much.,1764,sad,5,"01:34:07,040","01:34:08,952"
Ralph,Vanellope,I guess that's pretty much all the news I got for you.,1805,happy,3,"01:37:11,280","01:37:14,398"
Ralph,Vanellope,"Oh, man, your stories never disappoint, Ralph.",1806,happy,3,"01:37:14,840","01:37:17,196"
Ralph,Vanellope,When did you say you were getting those days off?,1809,neutral,4,"01:37:20,680","01:37:22,136"
Ralph,Vanellope,You know what I cannot find anywhere on the Internet?,1813,happy,3,"01:37:32,160","01:37:35,312"
Ralph,Vanellope,A halfway decent BurgerTime burger.,1814,neutral,4,"01:37:35,480","01:37:38,075"
Ralph,Vanellope,I've been talking them up to Shank and the crew.,1815,neutral,4,"01:37:38,240","01:37:40,357"
Ralph,Vanellope,Guess I better get to it.,1819,neutral,4,"01:37:51,240","01:37:52,515"
Ralph,Vanellope,"Yeah, me too.",1820,happy,3,"01:37:52,720","01:37:53,915"
Ralph,Vanellope,"I shall await your call, madam.",1822,neutral,4,"01:37:55,160","01:37:56,879"
Ralph,Vanellope,"Then, adieu, adieu, farting is such sweet sorrow.",1823,neutral,4,"01:37:57,040","01:38:01,751"
Ralph,Alan,"Welcome back to the search bar, madam.",0402,neutral,4,"00:21:34,640","00:21:36,199"
Ralph,Alan,I hope you were able to find a satisfactory breakfast burrito...,0403,neutral,4,"00:21:36,360","00:21:38,920"
Ralph,Alan,based upon the search results I provided this morning.,0404,happy,3,"00:21:39,080","00:21:41,879"
Ralph,Alan,Where can I find ballet...?,0406,others,7,"00:21:44,600","00:21:46,876"
Ralph,Alan,Girls' size small.,0409,happy,3,"00:21:50,240","00:21:51,356"
Ralph,Alan,"Little Madeline's trying ballet now, is she?",0410,others,7,"00:21:51,520","00:21:54,160"
Ralph,Alan,I hope this lasts longer than the soccer phase.,0411,neutral,4,"00:21:54,320","00:21:56,357"
Ralph,Alan,"I found 23 million results for ballet tights, girls' size small.",0412,happy,3,"00:22:00,040","00:22:04,114"
Ralph,Alan,Redirecting to DesmondsTutus.com.,0414,neutral,4,"00:22:06,800","00:22:09,952"
Ralph,Alan,They never say thank you.,0415,happy,3,"00:22:10,120","00:22:11,759"
Ralph,Alan,"Interesting, you don't seem to have a search history.",0417,happy,3,"00:22:13,760","00:22:15,840"
Ralph,Alan,What can KnowsMore help you find today? Um...,0419,others,7,"00:22:17,360","00:22:19,591"
Ralph,Alan,Umbrella. Umbrage. Umami. Uma Thurman. No.,0420,happy,3,"00:22:19,760","00:22:22,229"
Ralph,Alan,Err.,0422,happy,3,"00:22:24,440","00:22:25,440"
Ralph,Alan,ebay Sugar Rush steering wheel.,0429,neutral,4,"00:22:41,200","00:22:43,192"
Ralph,Alan,Mr. KnowsMore!,1583,happy,3,"01:21:15,400","01:21:16,800"
Ralph,Alan,"Oh, delightful!",1584,happy,3,"01:21:17,640","01:21:18,676"
Ralph,Alan,You're that courteous little cherub who says please and thank you.,1585,happy,3,"01:21:18,840","01:21:21,799"
Ralph,Alan,"There's a whole... Whole Foods, a hole in the ozone...",1587,others,7,"01:21:23,600","01:21:25,881"
Ralph,Alan,Friend...,1590,fear,2,"01:21:31,400","01:21:33,198"
Ralph,Alan,How long you think before they get in here?,1592,fear,2,"01:21:45,080","01:21:47,356"
Ralph,Alan,I'm so sorry. I don't know how this happened.,1599,neutral,4,"01:22:07,200","01:22:10,159"
Ralph,Alan,"Well, I think it's fairly obvious.",1600,neutral,4,"01:22:10,360","01:22:11,616"
Ralph,Alan,The very behavior which left unchecked can destroy friendships...,1603,angry,0,"01:22:16,800","01:22:19,679"
Ralph,Alan,what do I do if clones of me are trying to capture my friend? Search.,1607,neutral,4,"01:22:28,600","01:22:32,913"
Ralph,Alan,I find two results for your query. Either you put all the clones in therapy.,1608,neutral,4,"01:22:34,520","01:22:38,719"
Ralph,Alan,Not very realistic.,1609,neutral,4,"01:22:38,880","01:22:40,712"
Ralph,Alan,"Or, the anti-virus district is surrounded by a gate made from security software.",1610,fear,2,"01:22:40,880","01:22:44,715"
Ralph,Alan,they would be deleted all at once.,1612,neutral,4,"01:22:47,160","01:22:48,992"
Ralph,Alan,I can't believe he did this.,1623,neutral,4,"01:23:19,280","01:23:20,555"
Ralph,Alan,"Yeah, well, I mean, dude obviously made some real questionable choices here.",1624,neutral,4,"01:23:20,760","01:23:25,118"
Ralph,BillHader,Unless you can think of some magical way to get rich playing video games.,0558,happy,3,"00:28:30,760","00:28:35,232"
Ralph,BillHader,"Right this way, miss.",0562,sad,5,"00:28:44,440","00:28:45,510"
Ralph,BillHader,Dang pop-up blockers.,0563,sad,5,"00:28:45,680","00:28:47,239"
Ralph,BillHader,"Yeah, can you please tell us how to get rich playing video games?",0568,others,7,"00:28:56,600","00:28:59,911"
Ralph,BillHader,You bet!,0569,others,7,"00:29:00,080","00:29:01,116"
Ralph,BillHader,"All right, step into my parlor.",0577,neutral,4,"00:29:26,440","00:29:29,274"
Ralph,BillHader,This is your website?,0578,neutral,4,"00:29:29,440","00:29:31,432"
Ralph,BillHader,"I know what you're thinking, not to worry.",0579,neutral,4,"00:29:31,600","00:29:33,056"
Ralph,BillHader,My anti-virus guy was just here.,0580,neutral,4,"00:29:33,080","00:29:34,639"
Ralph,BillHader,Clean as a...,0581,angry,0,"00:29:34,800","00:29:36,120"
Ralph,BillHader,Dang it!,0582,neutral,4,"00:29:37,600","00:29:38,600"
Ralph,BillHader,"Oh, my gosh. That's embarrassing.",0583,neutral,4,"00:29:38,640","00:29:39,920"
Ralph,BillHader,"But I do have a system here, I really do.",0586,angry,0,"00:29:43,040","00:29:44,680"
Ralph,BillHader,There you are.,0589,neutral,4,"00:29:49,280","00:29:50,280"
Ralph,BillHader,then a human being in the real world will pay us $15?,0599,happy,3,"00:30:27,280","00:30:30,637"
Ralph,BillHader,"Yes, ma'am. Welcome to the exciting world of loot hunting.",0600,neutral,4,"00:30:30,800","00:30:34,191"
Ralph,BillHader,they harvest the most coveted items...,0602,happy,3,"00:30:35,640","00:30:37,472"
Ralph,BillHader,"So, do you have any more lucrative items, maybe?",0606,neutral,4,"00:30:45,080","00:30:47,914"
Ralph,BillHader,There you are.,0609,happy,3,"00:30:51,400","00:30:52,470"
Ralph,BillHader,"Thank you, buddy. You're such a nice guy.",0610,happy,3,"00:30:54,720","00:30:56,677"
Ralph,BillHader,It's more than enough.,0612,neutral,4,"00:31:00,640","00:31:01,960"
Ralph,BillHader,"I got a guy in Des Moines, Iowa...",0613,happy,3,"00:31:02,120","00:31:03,918"
Ralph,BillHader,who will pay 40 grand for Shank's car...,0614,neutral,4,"00:31:04,080","00:31:06,800"
Ralph,BillHader,A racing game?,0616,neutral,4,"00:31:09,080","00:31:10,080"
Ralph,BillHader,That's right. Slaughter Race is the most popular online racing game out there.,0617,neutral,4,"00:31:10,240","00:31:14,029"
Ralph,BillHader,"Hey, Spamley.",1302,happy,3,"01:06:27,960","01:06:28,960"
Ralph,BillHader,and we are going home.,1305,happy,3,"01:06:32,800","01:06:34,200"
Ralph,BillHader,"Hey, have you seen Vanellope anywhere?",1308,neutral,4,"01:06:36,720","01:06:38,439"
Ralph,BillHader,Wow.,1346,neutral,4,"01:08:38,440","01:08:39,440"
Ralph,BillHader,I can't believe it.,1348,neutral,4,"01:08:43,880","01:08:45,280"
Ralph,BillHader,"Hey, easy now, tiger.",1356,others,7,"01:09:01,720","01:09:03,837"
Ralph,BillHader,I admire the impulse...,1357,others,7,"01:09:04,200","01:09:05,236"
Ralph,BillHader,but you charge in there like some white knight...,1358,neutral,4,"01:09:05,320","01:09:07,312"
Ralph,BillHader,So what? I'm supposed to just let her stay in a game that's obviously bad for her?,1360,others,7,"01:09:09,200","01:09:12,557"
Ralph,BillHader,"Wait. You know about viruses and stuff, right, Spamley?",1365,others,7,"01:09:22,640","01:09:26,031"
Ralph,BillHader,"So, is there a way to do something like that to Slaughter Race?",1370,neutral,4,"01:09:37,120","01:09:40,796"
Ralph,BillHader,There's ways.,1371,neutral,4,"01:09:40,960","01:09:42,189"
Ralph,BillHader,"Now, this area down here is what's called the Darknet.",1375,neutral,4,"01:09:53,160","01:09:55,755"
Ralph,BillHader,A lot of shady characters hang out down here...,1376,fear,2,"01:09:55,960","01:09:57,872"
Ralph,BillHader,Gord!,1378,neutral,4,"01:09:59,880","01:10:00,631"
Ralph,BillHader,There you are.,1379,neutral,4,"01:10:00,840","01:10:01,591"
Ralph,BillHader,"Now Gord here, he's dabbled in virus-making.",1380,neutral,4,"01:10:01,800","01:10:04,156"
Ralph,BillHader,"But his cousin, this guy we're gonna go see...",1381,neutral,4,"01:10:04,320","01:10:06,152"
Ralph,BillHader,JP Spamley.,1391,neutral,4,"01:10:28,360","01:10:29,360"
Ralph,BillHader,We met one time over at Friendster...,1392,fear,2,"01:10:29,760","01:10:31,592"
Ralph,BillHader,I thought that virus was just supposed to slow down her car.,1493,neutral,4,"01:15:38,080","01:15:40,296"
Ralph,BillHader,Game reboot begins in 60 seconds.,1496,others,7,"01:15:47,000","01:15:49,754"
Ralph,BillHader,"Hey, Ralph, you can't go in there.",1497,others,7,"01:15:50,120","01:15:51,952"
Ralph,EdONeill,I'm real sorry.,0170,neutral,4,"00:09:03,760","00:09:05,035"
Ralph,EdONeill,"Yeah, why don't you relax, Taffyta? Litwak will fix it.",0174,neutral,4,"00:09:13,760","00:09:16,594"
Ralph,EdONeill,"Well, I'd order a new part...",0178,neutral,4,"00:09:24,120","00:09:25,280"
Ralph,EdONeill,Me too.,0181,happy,3,"00:09:31,000","00:09:31,831"
Ralph,EdONeill,I found one! On ebay!,0183,neutral,4,"00:09:33,800","00:09:35,314"
Ralph,EdONeill,Are you kidding me? How much?,0187,surprise,6,"00:09:41,280","00:09:42,919"
Ralph,EdONeill,That's more than this game makes in a year.,0188,sad,5,"00:09:43,080","00:09:45,390"
Ralph,EdONeill,"I hate to say it, but my salvage guy is coming on Friday...",0189,sad,5,"00:09:45,600","00:09:48,752"
Ralph,EdONeill,We're looking for ebay!,0366,happy,3,"00:18:30,000","00:18:31,673"
Ralph,EdONeill,Check this out.,0368,neutral,4,"00:18:35,040","00:18:36,235"
Ralph,EdONeill,"Okay, connect to network.",0369,neutral,4,"00:18:42,360","00:18:44,716"
Ralph,EdONeill,Bingo.,0370,neutral,4,"00:18:45,720","00:18:46,551"
Ralph,EdONeill,Password is high score with a zero instead of an o.,0371,neutral,4,"00:18:46,720","00:18:51,158"
Ralph,EdONeill,Yes.,0372,neutral,4,"00:18:51,640","00:18:52,640"
Ralph,Felix,"Hey, Felix, Calhoun, what's getting plugged in?",0078,happy,3,"00:04:22,680","00:04:24,956"
Ralph,Felix,"Well, Ralph, Sonic thinks it's gonna be a new pinball machine.",0079,happy,3,"00:04:25,160","00:04:28,471"
Ralph,Felix,we found some good homes for so many of our chums from Sugar Rush...,0245,neutral,4,"00:12:50,120","00:12:53,158"
Ralph,Felix,and we're just hoping a few more of you will open your doors...,0246,neutral,4,"00:12:53,320","00:12:56,074"
Ralph,Felix,"We're, like, adorable.",0254,neutral,4,"00:13:15,000","00:13:16,639"
Ralph,Felix,"Felix, I know we've never once talked about having a family before, but...",0258,happy,3,"00:13:29,400","00:13:34,270"
Ralph,Felix,"I know, it feels like the kind of thing you just jump into with both feet...",0259,happy,3,"00:13:34,440","00:13:37,956"
Ralph,Felix,"Lost little lambs in need of two kind, caring shepherds.",0268,happy,3,"00:14:03,400","00:14:07,235"
Ralph,Felix,That's right.,0269,happy,3,"00:14:07,400","00:14:08,400"
Ralph,Felix,"Besides, how hard can parenting be?",0270,happy,3,"00:14:08,560","00:14:11,359"
Ralph,Felix,you give them everything they want...,0272,happy,3,"00:14:13,360","00:14:15,079"
Ralph,Felix,There you are... Oh.,0288,neutral,4,"00:15:13,680","00:15:15,353"
Ralph,Felix,"Hey, Felix. Since when do you drink root beer?",0290,neutral,4,"00:15:16,800","00:15:19,031"
Ralph,Felix,Doesn't look like she's coming.,0295,neutral,4,"00:15:25,880","00:15:27,473"
Ralph,Felix,It figures. Just when my life was perfect.,0299,surprise,6,"00:15:35,200","00:15:38,318"
Ralph,Felix,"Mine was, too.",0300,happy,3,"00:15:38,480","00:15:39,914"
Ralph,Felix,"But, hey, now I'm a father of 15.",0301,others,7,"00:15:40,120","00:15:43,511"
Ralph,Felix,Isn't that just a blessing?,0302,neutral,4,"00:15:43,680","00:15:46,240"
Ralph,Felix,"Wait. What'd you say, Felix?",0304,neutral,4,"00:15:53,160","00:15:55,516"
Ralph,Felix,"No, the weird sound thing.",0306,neutral,4,"00:15:57,840","00:15:59,320"
Ralph,Felix,Eee-oh-boy! Eee-boy! Say it again?,0311,others,7,"00:16:06,080","00:16:08,037"
Ralph,Felix,Yeah.,0315,neutral,4,"00:16:13,240","00:16:14,469"
Ralph,Felix,"ebay! That's it, it was ebay!",0319,surprise,6,"00:16:22,560","00:16:24,791"
Ralph,Felix,and that's the only thing that's gonna make Vanellope happy again.,0322,happy,3,"00:16:31,040","00:16:33,874"
Ralph,Felix,"And if Sugar Rush is fixed, all those lovable scamps living in my house...",0323,happy,3,"00:16:34,040","00:16:37,829"
Ralph,Felix,and destroying my sanity will have homes of their own again!,0324,happy,3,"00:16:38,000","00:16:42,472"
Ralph,Felix,"Ralph, this is an important mission. A noble mission!",0325,neutral,4,"00:16:42,640","00:16:45,838"
Ralph,Felix,"Our friendship is much more important to me than winning, Rancis.",1778,happy,3,"01:35:50,600","01:35:54,355"
Ralph,Felix,"I gotta hand it to you two, how on earth did you tame those things?",1782,happy,3,"01:36:03,400","01:36:06,996"
Ralph,Felix,"Bye, kid.",1825,neutral,4,"01:38:04,720","01:38:05,790"
Ralph,GalGadot,"Well, well, well.",0644,neutral,4,"00:32:40,120","00:32:41,759"
Ralph,GalGadot,"Hey, I think that might be Shank.",0646,neutral,4,"00:32:50,120","00:32:52,316"
Ralph,GalGadot,"Listen up, mice...",0647,angry,0,"00:32:52,480","00:32:53,800"
Ralph,GalGadot,"You're going down, Shank.",0649,neutral,4,"00:32:58,360","00:33:00,875"
Ralph,GalGadot,"Hey, Shank?",0660,neutral,4,"00:33:28,680","00:33:29,830"
Ralph,GalGadot,Do you ever reckon we're going a bit too hard on the players?,0662,neutral,4,"00:33:31,400","00:33:35,030"
Ralph,GalGadot,"Honestly, no, I don't.",0663,neutral,4,"00:33:35,240","00:33:38,074"
Ralph,GalGadot,"Of course, I have empathy for players like DirtySocks537 and BabeRaham_Linkin...",0664,neutral,4,"00:33:38,280","00:33:44,436"
Ralph,GalGadot,"I mean, those players work so hard to get here.",0667,neutral,4,"00:33:52,160","00:33:54,595"
Ralph,GalGadot,"I hear you, Felony...",0668,neutral,4,"00:33:54,800","00:33:56,280"
Ralph,GalGadot,but imagine a game without challenges.,0669,happy,3,"00:33:56,360","00:33:58,352"
Ralph,GalGadot,The same predictable thing every single time...,0670,neutral,4,"00:33:58,520","00:34:01,513"
Ralph,GalGadot,"I honor your journeys, guys.",0677,neutral,4,"00:34:13,400","00:34:16,393"
Ralph,GalGadot,"Well, I know one thing...",0682,neutral,4,"00:34:24,440","00:34:25,715"
Ralph,GalGadot,"Good day to you, madam.",0684,others,7,"00:34:32,440","00:34:33,999"
Ralph,GalGadot,I'm Larry?,0696,others,7,"00:35:02,680","00:35:04,000"
Ralph,GalGadot,Are you kidding me? Someone got Shank's car?,0700,neutral,4,"00:35:24,320","00:35:26,232"
Ralph,GalGadot,"Oh, hello!",0717,neutral,4,"00:36:59,160","00:37:00,160"
Ralph,GalGadot,"Yeah, come and get it.",0719,happy,3,"00:37:02,360","00:37:03,953"
Ralph,GalGadot,One exit straight ahead.,0732,neutral,4,"00:38:14,960","00:38:17,031"
Ralph,GalGadot,You're not gonna lose me that easy. How did you...?,0733,neutral,4,"00:38:35,520","00:38:37,716"
Ralph,GalGadot,Kid!,0735,neutral,4,"00:38:39,720","00:38:40,720"
Ralph,GalGadot,This car is not designed for a big boy. I'll tell you that. Hi.,0742,angry,0,"00:39:08,080","00:39:12,199"
Ralph,GalGadot,You guys really thought you could just steal my car?,0743,angry,0,"00:39:12,520","00:39:14,989"
Ralph,GalGadot,"to steal your car, and so we took it. Okay, okay.",0753,neutral,4,"00:39:41,120","00:39:43,056"
Ralph,GalGadot,You can stop crying.,0754,happy,3,"00:39:43,080","00:39:44,514"
Ralph,GalGadot,Thank you.,0756,neutral,4,"00:39:48,640","00:39:49,471"
Ralph,GalGadot,"I get it, I do.",0757,neutral,4,"00:39:49,640","00:39:51,199"
Ralph,GalGadot,"That's really great. So, does this mean we can keep your car?",0760,others,7,"00:39:56,240","00:39:59,677"
Ralph,GalGadot,"Hey, you got your phone on you? You know it.",0762,neutral,4,"00:40:03,080","00:40:05,356"
Ralph,GalGadot,I'm gonna wreck it!,0768,happy,3,"00:40:16,600","00:40:18,751"
Ralph,GalGadot,What the heck did you do that for? Yeah.,0770,neutral,4,"00:40:23,960","00:40:26,270"
Ralph,GalGadot,It's the video-sharing site.,0775,neutral,4,"00:40:38,360","00:40:40,158"
Ralph,GalGadot,I'm just starting your account...,0776,neutral,4,"00:40:40,320","00:40:42,471"
Ralph,GalGadot,"A friend of mine, chick named Yesss...",0779,neutral,4,"00:40:48,120","00:40:50,032"
Ralph,GalGadot,she's the head algorithm over there.,0780,neutral,4,"00:40:50,200","00:40:51,953"
Ralph,GalGadot,"Well, thank you.",0785,happy,3,"00:40:59,120","00:41:00,349"
Ralph,GalGadot,"Was it a power drift into a drift jump, maybe, or...?",0789,neutral,4,"00:41:12,880","00:41:15,634"
Ralph,GalGadot,Maybe.,0790,happy,3,"00:41:15,800","00:41:16,950"
Ralph,GalGadot,"I mean, more than Sugar Rush ever did.",1324,neutral,4,"01:07:22,400","01:07:24,790"
Ralph,GalGadot,because Ralph's dream is to do the same thing every day.,1331,neutral,4,"01:07:41,160","01:07:44,358"
Ralph,GalGadot,Here's something I wish I'd learned years ago.,1332,neutral,4,"01:07:49,680","01:07:53,037"
Ralph,GalGadot,There is no law saying best friends have to have the same dreams.,1333,neutral,4,"01:07:53,200","01:07:58,320"
Ralph,GalGadot,Thank you.,1338,neutral,4,"01:08:08,520","01:08:09,520"
Ralph,GalGadot,"Around here, peeps like to say, Shank you.",1339,neutral,4,"01:08:09,680","01:08:12,149"
Ralph,GalGadot,"You know, after you go home and your life gets back to normal...",1340,neutral,4,"01:08:13,760","01:08:17,436"
Ralph,GalGadot,Yeah. I think so.,1448,neutral,4,"01:12:48,360","01:12:49,840"
Ralph,GalGadot,"Yeah, no, I know. I'll be fine.",1450,neutral,4,"01:12:52,600","01:12:54,717"
Ralph,GalGadot,Not exactly.,1452,neutral,4,"01:12:58,240","01:12:59,913"
Ralph,GalGadot,"Come on, V. He's your best friend.",1453,neutral,4,"01:13:00,080","01:13:02,549"
Ralph,GalGadot,"Yeah, he might, but you guys...",1456,neutral,4,"01:13:08,560","01:13:10,392"
Ralph,GalGadot,he won't wanna be my friend anymore?,1460,neutral,4,"01:13:17,760","01:13:19,831"
Ralph,GalGadot,Look. All friendships change...,1461,neutral,4,"01:13:20,040","01:13:23,112"
Ralph,GalGadot,but the player is waiting.,1465,neutral,4,"01:13:29,600","01:13:31,796"
Ralph,GalGadot,"I'm not gonna tell you what to do, kid.",1466,neutral,4,"01:13:31,960","01:13:33,838"
Ralph,GalGadot,Power drift into a drift jump!,1476,happy,3,"01:14:27,920","01:14:29,639"
Ralph,GalGadot,Thank you.,1478,neutral,4,"01:14:32,160","01:14:33,160"
Ralph,GalGadot,"I'm sorry, I didn't mean to destroy your game.",1503,others,7,"01:16:04,760","01:16:07,673"
Ralph,GalGadot,"We'll be fine, but your code isn't part of this game.",1504,others,7,"01:16:07,840","01:16:10,719"
Ralph,GalGadot,Be right there!,1746,happy,3,"01:33:15,200","01:33:16,475"
Ralph,GalGadot,"Well, I can't be much stranger than you, Shank.",1748,happy,3,"01:33:19,080","01:33:21,151"
Ralph,Ralph,I can name two things.,0013,happy,3,"00:01:26,080","00:01:27,150"
Ralph,Ralph,Ms. Pac-Man and Baby Pac-Man.,0014,neutral,4,"00:01:27,320","00:01:28,640"
Ralph,Ralph,"Yeah, you're right. Okay. But was it Pac-Man?",0016,neutral,4,"00:01:30,560","00:01:33,598"
Ralph,Ralph,"You're totally right, kid.",0026,surprise,6,"00:01:56,440","00:01:58,193"
Ralph,Ralph,I rest my case.,0028,surprise,6,"00:02:00,920","00:02:02,752"
Ralph,Ralph,My mind is blown!,0029,neutral,4,"00:02:02,920","00:02:05,196"
Ralph,Ralph,"Okay, let's see what you got, kid.",0031,happy,3,"00:02:08,440","00:02:09,840"
Ralph,Ralph,Nice one. Okay.,0032,neutral,4,"00:02:11,640","00:02:13,313"
Ralph,Ralph,Gross. Thank you.,0034,happy,3,"00:02:18,400","00:02:20,198"
Ralph,Ralph,Doesn't that game have a virus?,0036,neutral,4,"00:02:21,800","00:02:23,473"
Ralph,Ralph,if there's more to life than this?,0052,neutral,4,"00:03:10,440","00:03:12,591"
Ralph,Ralph,Why would I wonder if there's more to life when the life I got is perfect?,0053,neutral,4,"00:03:12,760","00:03:16,720"
Ralph,Ralph,"And yeah, for 27 years, I was a total zero without any friends.",0056,happy,3,"00:03:22,880","00:03:26,317"
Ralph,Ralph,"But now, I got a best friend...",0057,happy,3,"00:03:26,800","00:03:28,712"
Ralph,Ralph,"Aw, thanks, pal.",0059,neutral,4,"00:03:32,000","00:03:33,832"
Ralph,Ralph,Then the arcade closes and we get to do it all over again.,0067,happy,3,"00:03:54,800","00:03:57,838"
Ralph,Ralph,The only thing I might do different in that scenario...,0068,happy,3,"00:03:58,000","00:04:00,515"
Ralph,Ralph,would be not having to go to work.,0069,happy,3,"00:04:00,680","00:04:02,558"
Ralph,Ralph,Let's go see what it is!,0075,happy,3,"00:04:18,440","00:04:19,440"
Ralph,Ralph,Excuse us. Excuse us. Minor emergency.,0077,happy,3,"00:04:20,600","00:04:22,512"
Ralph,Ralph,Please be a racing game.,0084,neutral,4,"00:04:39,840","00:04:41,638"
Ralph,Ralph,"Whiffee? Or, Wifey?",0085,neutral,4,"00:04:44,040","00:04:46,350"
Ralph,Ralph,"Man, I'd kill for even just a new track.",0108,others,7,"00:05:37,200","00:05:39,476"
Ralph,Ralph,would happen in your game?,0111,neutral,4,"00:05:45,440","00:05:46,874"
Ralph,Ralph,"Really? Well, agree to disagree.",0113,neutral,4,"00:05:48,040","00:05:50,953"
Ralph,Ralph,"No, no. It's just a fancy way to say we don't have to argue about it.",0115,surprise,6,"00:05:52,800","00:05:56,077"
Ralph,Ralph,"Go to work. I'll see you tonight, stench vessel.",0118,neutral,4,"00:06:00,560","00:06:03,234"
Ralph,Ralph,She's gonna love this.,0136,happy,3,"00:07:24,280","00:07:26,192"
Ralph,Ralph,"Hey, thanks, Ralph!",0147,happy,3,"00:07:55,360","00:07:56,840"
Ralph,Ralph,Kid! Kid!,0157,others,7,"00:08:33,160","00:08:34,753"
Ralph,Ralph,"Thank you, Ralph! Thank you, thank you, thank you!",0161,happy,3,"00:08:40,120","00:08:42,999"
Ralph,Ralph,You're welcome!,0162,happy,3,"00:08:43,160","00:08:44,160"
Ralph,Ralph,Leave him alone. He was just trying to make the game more exciting.,0173,others,7,"00:09:10,720","00:09:13,599"
Ralph,Ralph,"All right, on you...",0175,neutral,4,"00:09:16,760","00:09:18,877"
Ralph,Ralph,Okay. Still not a problem.,0176,neutral,4,"00:09:20,560","00:09:22,517"
Ralph,Ralph,Really? How about that?,0184,happy,3,"00:09:35,480","00:09:37,073"
Ralph,Ralph,See? Those kids have it under control.,0185,neutral,4,"00:09:37,240","00:09:39,072"
Ralph,Ralph,and it might be time to sell Sugar Rush for parts.,0190,fear,2,"00:09:49,560","00:09:52,234"
Ralph,Ralph,Where's he going?,0191,fear,2,"00:09:53,200","00:09:55,271"
Ralph,Ralph,The arcade is open!,0198,fear,2,"00:10:16,480","00:10:18,278"
Ralph,Ralph,I raided Gene's fridge.,0212,happy,3,"00:11:13,400","00:11:14,470"
Ralph,Ralph,"Good news, he's got pie.",0213,happy,3,"00:11:14,640","00:11:16,677"
Ralph,Ralph,"Took a bunch of his pillows and junk, too.",0214,happy,3,"00:11:16,840","00:11:18,520"
Ralph,Ralph,"I'm thinking we make a fort up here, or like a yurt.",0215,happy,3,"00:11:18,560","00:11:21,598"
Ralph,Ralph,Or we could take these pillows...,0216,neutral,4,"00:11:21,760","00:11:23,513"
Ralph,Ralph,"If we stack them right, we can make an igloo out of pillows.",0217,happy,3,"00:11:23,680","00:11:26,752"
Ralph,Ralph,Like a pillow igloo. Pigloo. Pigloo!,0218,happy,3,"00:11:26,920","00:11:30,152"
Ralph,Ralph,"What? Come on, are you kidding?",0222,happy,3,"00:11:42,520","00:11:44,830"
Ralph,Ralph,"You sleep in, you do no work, then you go to Tapper's with me every night.",0223,happy,3,"00:11:45,000","00:11:48,710"
Ralph,Ralph,But I loved my game.,0225,neutral,4,"00:11:51,040","00:11:52,679"
Ralph,Ralph,"Oh, come on.",0226,neutral,4,"00:11:52,840","00:11:53,840"
Ralph,Ralph,what am I?,0234,happy,3,"00:12:20,840","00:12:22,194"
Ralph,Ralph,That's not enough.,0236,neutral,4,"00:12:23,760","00:12:24,989"
Ralph,Ralph,"I'll meet you over at Tapper's in a little while, I guess.",0242,others,7,"00:12:41,080","00:12:43,959"
Ralph,Ralph,"Well, hate to say I told ya...",0277,others,7,"00:14:29,800","00:14:31,678"
Ralph,Ralph,Not since the last time you asked me 30 seconds ago.,0280,others,7,"00:14:47,280","00:14:50,352"
Ralph,Ralph,Sorry. I'm just worried about her.,0281,others,7,"00:14:50,520","00:14:52,591"
Ralph,Ralph,"And get this, she said...",0283,neutral,4,"00:14:57,160","00:14:58,674"
Ralph,Ralph,being friends with me wasn't enough for her.,0284,angry,0,"00:14:58,840","00:15:01,355"
Ralph,Ralph,The kid just lost her game. Give her a break.,0287,happy,3,"00:15:09,440","00:15:12,239"
Ralph,Ralph,"Hey, Ralph.",0289,neutral,4,"00:15:15,560","00:15:16,630"
Ralph,Ralph,Since tonight.,0291,others,7,"00:15:19,200","00:15:20,270"
Ralph,Ralph,"Yeah, I hear you, buddy.",0292,neutral,4,"00:15:20,480","00:15:22,119"
Ralph,Ralph,"Hey, listen. This one was supposed to be for Vanellope.",0293,neutral,4,"00:15:22,280","00:15:24,556"
Ralph,Ralph,I guess you can have it.,0294,others,7,"00:15:24,720","00:15:25,720"
Ralph,Ralph,Thanks.,0296,others,7,"00:15:27,640","00:15:28,640"
Ralph,Ralph,"You know, I can't help but think this whole mess is somehow...",0297,sad,5,"00:15:28,800","00:15:32,510"
Ralph,Ralph,partially my fault.,0298,sad,5,"00:15:32,680","00:15:34,990"
Ralph,Ralph,Eeeee-oh-boy!,0303,neutral,4,"00:15:50,160","00:15:52,834"
Ralph,Ralph,Isn't that just a blessing?,0305,neutral,4,"00:15:56,240","00:15:57,674"
Ralph,Ralph,Eeeee-oh-boy?,0307,happy,3,"00:15:59,720","00:16:00,720"
Ralph,Ralph,Yeah.,0308,neutral,4,"00:16:00,880","00:16:02,109"
Ralph,Ralph,eboy? eboy? eboy.,0314,happy,3,"00:16:11,920","00:16:13,036"
Ralph,Ralph,"What are you getting at there, Ralph?",0316,neutral,4,"00:16:14,640","00:16:15,936"
Ralph,Ralph,That kid out in the arcade said there was a steering wheel part...,0317,neutral,4,"00:16:15,960","00:16:19,032"
Ralph,Ralph,"on the Internet, it's something called eboy or...",0318,happy,3,"00:16:19,200","00:16:22,398"
Ralph,Ralph,"Ralph, are you thinking about going to the Internet and finding that part?",0320,neutral,4,"00:16:25,000","00:16:28,516"
Ralph,Ralph,Getting that part's the only thing that's gonna fix the game...,0321,neutral,4,"00:16:29,000","00:16:31,016"
Ralph,Ralph,I will cover for you.,0326,happy,3,"00:16:46,000","00:16:47,000"
Ralph,Ralph,"Ralph, what about your tab? You owe me for the root beer.",0328,happy,3,"00:16:48,680","00:16:51,149"
Ralph,Ralph,Eeeee-oh-boy.,0331,happy,3,"00:16:58,040","00:17:00,077"
Ralph,Ralph,"Ralph, what is wrong with you?",0333,happy,3,"00:17:08,400","00:17:10,232"
Ralph,Ralph,"Start churning butter and put on your church shoes, little sister...",0334,happy,3,"00:17:10,720","00:17:14,475"
Ralph,Ralph,What are you even talking about?,0336,happy,3,"00:17:17,640","00:17:19,871"
Ralph,Ralph,"Yeah, we are!",0342,neutral,4,"00:17:27,680","00:17:28,680"
Ralph,Ralph,"Hey, Surge, are we glad to see you.",0343,neutral,4,"00:17:29,760","00:17:32,320"
Ralph,Ralph,Appreciate the tip.,0347,happy,3,"00:17:41,840","00:17:43,274"
Ralph,Ralph,"ebay. Right, ebay.",0349,happy,3,"00:17:50,240","00:17:51,879"
Ralph,Ralph,"So we go there, get the steering wheel...",0350,neutral,4,"00:17:52,040","00:17:53,997"
Ralph,Ralph,we have it delivered to Litwak before Friday. He'll fix your game.,0351,happy,3,"00:17:54,160","00:17:57,073"
Ralph,Ralph,Everything goes back to the way it was.,0352,happy,3,"00:17:57,240","00:17:58,833"
Ralph,Ralph,No offense.,0355,surprise,6,"00:18:03,960","00:18:04,960"
Ralph,Ralph,I give you the Internet!,0359,neutral,4,"00:18:09,840","00:18:12,230"
Ralph,Ralph,We're looking for ebay!,0366,happy,3,"00:18:30,000","00:18:31,673"
Ralph,Ralph,"Ralph, look.",0374,happy,3,"00:19:06,760","00:19:07,796"
Ralph,Ralph,"Cool! Come on, Ralph, let's follow him!",0379,others,7,"00:19:22,520","00:19:24,512"
Ralph,Ralph,I can't breathe. I don't fit.,0383,others,7,"00:19:34,600","00:19:36,512"
Ralph,Ralph,Ralph! Isn't this great?,0385,others,7,"00:19:58,920","00:20:00,513"
Ralph,Ralph,Sweet mother of monkey milk!,0388,neutral,4,"00:20:46,120","00:20:48,237"
Ralph,Ralph,"We are in the Internet! Come on, Ralph!",0391,surprise,6,"00:20:55,440","00:20:58,717"
Ralph,Ralph,How are we possibly gonna find ebay out there?,0397,others,7,"00:21:20,880","00:21:23,634"
Ralph,Ralph,"Hey, kid. Kid, don't worry.",0398,neutral,4,"00:21:23,840","00:21:26,230"
Ralph,Ralph,Look at that little egg guy. He's got on one of those hats that smart people wear.,0400,happy,3,"00:21:30,040","00:21:32,976"
Ralph,Ralph,"Ergonomics. Urban Outfitters. Urkel, played by Jaleel White.",0423,neutral,4,"00:22:25,560","00:22:28,712"
Ralph,Ralph,Looks like no one put Humpty Dumpty together again.,0424,neutral,4,"00:22:29,160","00:22:31,160"
Ralph,Ralph,Isn't that interesting?,0431,surprise,6,"00:22:49,200","00:22:50,520"
Ralph,Ralph,We're actually gonna save my game.,0443,neutral,4,"00:23:55,320","00:23:56,993"
Ralph,Ralph,Told you not to worry.,0444,neutral,4,"00:23:57,200","00:23:58,236"
Ralph,Ralph,We just gotta keep our eyes on the prize and stay focused.,0445,neutral,4,"00:23:58,400","00:24:01,552"
Ralph,Ralph,Yay! So happy.,0468,neutral,4,"00:24:52,400","00:24:53,834"
Ralph,Ralph,and then you win this stuff.,0471,neutral,4,"00:24:59,440","00:25:01,113"
Ralph,Ralph,And I thought Qbert's game was weird.,0472,neutral,4,"00:25:01,800","00:25:03,553"
Ralph,Ralph,"Hey, kid, hop up here...",0473,neutral,4,"00:25:03,720","00:25:04,720"
Ralph,Ralph,325.,0489,neutral,4,"00:25:38,200","00:25:39,200"
Ralph,Ralph,"Oh, man, this guy is good.",0490,others,7,"00:25:39,240","00:25:40,799"
Ralph,Ralph,"1,000! We now have a bid of 1,000!",0495,neutral,4,"00:25:47,600","00:25:49,990"
Ralph,Ralph,Thank you. Check this out.,0497,happy,3,"00:25:52,440","00:25:53,794"
Ralph,Ralph,"15,000! Do I hear 15-5?",0499,happy,3,"00:25:55,560","00:25:57,631"
Ralph,Ralph,to the barefoot hobo in the broken overalls.,0506,happy,3,"00:26:08,800","00:26:11,235"
Ralph,Ralph,"With expedited shipping, that should arrive Wednesday morning.",0514,happy,3,"00:26:27,600","00:26:30,718"
Ralph,Ralph,That's two whole days before Litwak scraps your game.,0515,happy,3,"00:26:30,880","00:26:33,395"
Ralph,Ralph,I'll just need a credit card number.,0518,neutral,4,"00:26:36,640","00:26:38,313"
Ralph,Ralph,A credit card number.,0520,neutral,4,"00:26:40,600","00:26:42,671"
Ralph,Ralph,Excuse me?,0522,neutral,4,"00:26:45,680","00:26:46,875"
Ralph,Ralph,"You owe $27,001.",0527,surprise,6,"00:26:55,320","00:26:57,551"
Ralph,Ralph,"So this big galoot, he left his wallet at home.",0533,neutral,4,"00:27:13,600","00:27:17,276"
Ralph,Ralph,Next!,0538,neutral,4,"00:27:31,040","00:27:32,040"
Ralph,Ralph,"Hey, buddy, you going to eboy?",0539,neutral,4,"00:27:34,120","00:27:35,349"
Ralph,Ralph,"Well, I got some free advice for you. Don't.",0540,angry,0,"00:27:35,520","00:27:37,637"
Ralph,Ralph,What a scam!,0541,angry,0,"00:27:37,840","00:27:39,240"
Ralph,Ralph,"We were so close, and we would have gotten...",0542,angry,0,"00:27:39,400","00:27:42,552"
Ralph,Ralph,"Oh, man, oh, man, oh, man.",0545,others,7,"00:27:56,680","00:27:59,673"
Ralph,Ralph,and we blew our chance to get it. We blew it!,0549,others,7,"00:28:08,360","00:28:11,194"
Ralph,Ralph,"Hey, hey, hey, calm down.",0550,others,7,"00:28:11,360","00:28:13,158"
Ralph,Ralph,There you go.,0554,neutral,4,"00:28:20,080","00:28:21,116"
Ralph,Ralph,"Now look, all we got to do...",0555,neutral,4,"00:28:21,840","00:28:23,877"
Ralph,Ralph,There he is! Thank goodness you're still here!,0565,others,7,"00:28:49,520","00:28:51,716"
Ralph,Ralph,"Me and my friend here, we got 24 hours to make $27,001...",0566,others,7,"00:28:51,880","00:28:55,112"
Ralph,Ralph,"Is $40,000 lucrative enough for you?",0611,neutral,4,"00:30:56,920","00:30:59,480"
Ralph,Ralph,"However, it is wicked dangerous.",0618,neutral,4,"00:31:14,200","00:31:16,157"
Ralph,Ralph,We ain't afraid of danger.,0619,neutral,4,"00:31:16,320","00:31:17,595"
Ralph,Ralph,This kid's the best racer in the whole world.,0620,neutral,4,"00:31:17,760","00:31:19,592"
Ralph,Ralph,"Meh, the attention to detail is pretty impressive.",0624,surprise,6,"00:31:37,400","00:31:40,393"
Ralph,Ralph,"Nice kitty. Nice kitty. Easy, boy. Easy.",0626,neutral,4,"00:31:46,080","00:31:48,515"
Ralph,Ralph,Agreed.,0628,happy,3,"00:31:54,920","00:31:55,920"
Ralph,Ralph,"While the cat was away, these mice tried to play.",0645,neutral,4,"00:32:42,960","00:32:46,749"
Ralph,Ralph,"Hey, where are you going?",0655,fear,2,"00:33:15,560","00:33:17,153"
Ralph,Ralph,I am scared.,0656,neutral,4,"00:33:17,320","00:33:19,312"
Ralph,Ralph,"If we get burned up in here, that's it, we're dead, we're gone.",0657,fear,2,"00:33:19,480","00:33:21,936"
Ralph,Ralph,whoever does will have to be the best of the best.,0683,neutral,4,"00:34:25,880","00:34:28,600"
Ralph,Ralph,Who are you?,0685,neutral,4,"00:34:34,160","00:34:35,196"
Ralph,Ralph,I'm here from the Department of Noise.,0686,neutral,4,"00:34:35,360","00:34:38,398"
Ralph,Ralph,"And the thing is, we've been getting some complaints down at HQ.",0687,neutral,4,"00:34:39,000","00:34:42,676"
Ralph,Ralph,Where have you been all my life?,0693,neutral,4,"00:34:55,400","00:34:57,676"
Ralph,Ralph,"I'm sorry, who did you say you were again?",0695,neutral,4,"00:35:00,400","00:35:02,517"
Ralph,Ralph,"Good job, Larry!",0698,happy,3,"00:35:13,960","00:35:15,713"
Ralph,Ralph,It's a shame we have to leave so soon. This game is cool.,0704,neutral,4,"00:35:38,680","00:35:41,991"
Ralph,Ralph,"Oh, no! It's that Shank lady.",0710,fear,2,"00:36:20,560","00:36:22,711"
Ralph,Ralph,"Mother Hubbard, this lady can really drive.",0725,fear,2,"00:37:58,080","00:38:00,515"
Ralph,Ralph,"Kid, fire! Do you see the fire?",0726,fear,2,"00:38:00,680","00:38:02,592"
Ralph,Ralph,Yeah! That's the stuff.,0729,happy,3,"00:38:09,240","00:38:10,913"
Ralph,Ralph,"Oh, man, what are we gonna do?",0737,neutral,4,"00:38:51,840","00:38:53,115"
Ralph,Ralph,"Ralph, be careful.",0739,neutral,4,"00:38:56,360","00:38:57,555"
Ralph,Ralph,It's fine. This is what heroes do.,0740,neutral,4,"00:38:57,720","00:39:00,519"
Ralph,Ralph,My bottom is stuck.,0741,happy,3,"00:39:03,680","00:39:05,353"
Ralph,Ralph,"Well, let me tell you what's gonna happen now.",0744,fear,2,"00:39:15,200","00:39:17,351"
Ralph,Ralph,"No, wait, listen. We aren't normally car thieves.",0745,neutral,4,"00:39:17,520","00:39:20,160"
Ralph,Ralph,"My friend here, she's a candy kart racer.",0746,neutral,4,"00:39:20,320","00:39:23,438"
Ralph,Ralph,"And, well, the thing is, her perfect little game broke...",0749,sad,5,"00:39:29,360","00:39:33,798"
Ralph,Ralph,and it was my fault...,0750,sad,5,"00:39:33,960","00:39:35,633"
Ralph,Ralph,so we're here to try to fix it...,0751,sad,5,"00:39:35,800","00:39:37,951"
Ralph,Ralph,Though I do respect your wonderful display of vulnerability.,0755,sad,5,"00:39:44,680","00:39:47,673"
Ralph,Ralph,"Right, guys? Word. We're like family.",0759,happy,3,"00:39:53,680","00:39:56,070"
Ralph,Ralph,I'd love to.,0764,neutral,4,"00:40:08,760","00:40:09,557"
Ralph,Ralph,Wait. What's the...?,0765,fear,2,"00:40:09,760","00:40:10,955"
Ralph,Ralph,"Say something, first thing that comes to your mind.",0767,fear,2,"00:40:13,680","00:40:16,036"
Ralph,Ralph,such as becoming a BuzzzTube star.,0772,neutral,4,"00:40:31,120","00:40:34,158"
Ralph,Ralph,"Wow, that's really nice of you.",0783,neutral,4,"00:40:54,760","00:40:56,991"
Ralph,Ralph,See you.,0793,neutral,4,"00:41:21,920","00:41:22,920"
Ralph,Ralph,I know. It was so exciting!,0796,neutral,4,"00:41:43,040","00:41:44,838"
Ralph,Ralph,"No, exciting is when you smile.",0797,neutral,4,"00:41:45,000","00:41:46,912"
Ralph,Ralph,that Shank lady wasn't the coolest person you ever met?,0800,neutral,4,"00:41:52,520","00:41:55,479"
Ralph,Ralph,"she drives cool, her hair is cool, her car is cool...",0803,others,7,"00:42:00,440","00:42:02,636"
Ralph,Ralph,There was no one telling you what to do or where to go.,0806,neutral,4,"00:42:09,240","00:42:11,630"
Ralph,Ralph,To BuzzzTube. It's this way.,0808,others,7,"00:42:14,360","00:42:15,919"
Ralph,Ralph,"No, no, no. We're going back to Spamley's.",0809,others,7,"00:42:16,080","00:42:18,356"
Ralph,Ralph,"No, we're supposed to see Shank's friend.",0811,others,7,"00:42:20,520","00:42:23,194"
Ralph,Ralph,I'm your friendly ebay alert messenger.,0815,neutral,4,"00:42:29,880","00:42:31,917"
Ralph,Ralph,Just here to let you know your bid expires in eight hours.,0817,others,7,"00:42:34,000","00:42:37,437"
Ralph,Ralph,it will take 20 years to make enough money to buy the wheel.,0821,others,7,"00:42:46,440","00:42:49,512"
Ralph,Ralph,"Man, there are all kinds of videos in here.",0824,neutral,4,"00:43:03,640","00:43:06,712"
Ralph,Ralph,"Yeah, sure you did, doof.",0830,neutral,4,"00:43:22,520","00:43:24,000"
Ralph,Ralph,Right?,0858,neutral,4,"00:44:30,840","00:44:31,840"
Ralph,Ralph,What'd you say your name was?,0862,neutral,4,"00:44:40,400","00:44:41,536"
Ralph,Ralph,"$43,000!",0873,happy,3,"00:45:10,680","00:45:12,114"
Ralph,Ralph,"Now, you're not. Thanks for stopping by, though.",0883,others,7,"00:45:37,480","00:45:40,279"
Ralph,Ralph,"No, no, no. We're not going back to that death trap.",0887,neutral,4,"00:45:52,120","00:45:55,909"
Ralph,Ralph,"Yesss, what if I made you a whole bunch of videos...",0888,neutral,4,"00:45:56,080","00:45:58,311"
Ralph,Ralph,What do you plan on even doing in these videos?,0893,neutral,4,"00:46:06,520","00:46:08,955"
Ralph,Ralph,He won't be doing any bee puns. They're beneath you.,0905,neutral,4,"00:46:38,360","00:46:41,034"
Ralph,Ralph,"Oh, I'm doing a bee pun. Yes, I am.",0906,neutral,4,"00:46:41,200","00:46:43,840"
Ralph,Ralph,"And I'm eating a hot pepper, and I'm putting on makeup...",0907,neutral,4,"00:46:44,000","00:46:46,799"
Ralph,Ralph,and whatever else it takes!,0908,others,7,"00:46:46,960","00:46:48,235"
Ralph,Ralph,"Yes, you're perfect. Here. Thank you!",0972,neutral,4,"00:50:05,760","00:50:09,071"
Ralph,Ralph,"What? No, no, no. Me and the kid are like shoes and socks.",0975,neutral,4,"00:50:13,840","00:50:16,958"
Ralph,Ralph,Or peanut butter and bacon. One cannot exist without the other.,0976,neutral,4,"00:50:17,120","00:50:20,352"
Ralph,Ralph,I just wanna get out there and be useful.,0981,others,7,"00:50:30,920","00:50:32,560"
Ralph,Ralph,But without me?,0982,others,7,"00:50:33,120","00:50:34,156"
Ralph,Ralph,And you're some mature adult?,0984,neutral,4,"00:50:36,360","00:50:38,556"
Ralph,Ralph,"I know, I just...",0992,neutral,4,"00:50:55,440","00:50:57,318"
Ralph,Ralph,We haven't been apart in like six years.,0993,neutral,4,"00:51:01,120","00:51:03,794"
Ralph,Ralph,"Look, we'll be celebrating at Tapper's this time tomorrow, buddy.",0998,neutral,4,"00:51:14,120","00:51:17,716"
Ralph,Ralph,"Be careful, huh? Don't be a dummy.",1001,neutral,4,"00:51:23,040","00:51:25,794"
Ralph,Ralph,"Oh, no, no, no, no. Bad idea.",1005,neutral,4,"00:51:37,320","00:51:38,959"
Ralph,Ralph,"Those games are dangerous, and they rot your brain.",1006,neutral,4,"00:51:39,120","00:51:41,589"
Ralph,Ralph,Why don't we send her somewhere a little more totally different than that...,1007,neutral,4,"00:51:41,760","00:51:45,549"
Ralph,Ralph,and nowhere near there?,1008,neutral,4,"00:51:45,720","00:51:47,996"
Ralph,Ralph,"That sounds safe, and she is technically a princess...",1010,neutral,4,"00:51:51,200","00:51:53,476"
Ralph,Ralph,Just here to let you know your bid does expire in 30 minutes.,1154,neutral,4,"00:58:35,680","00:58:39,594"
Ralph,Ralph,"You got it, chairman.",1156,others,7,"00:58:41,920","00:58:42,920"
Ralph,Ralph,No! Not you!,1160,others,7,"00:58:49,640","00:58:50,676"
Ralph,Ralph,"Ralph, where are you going?",1165,others,7,"00:59:00,640","00:59:01,835"
Ralph,Ralph,Only one person.,1169,neutral,4,"00:59:11,520","00:59:13,034"
Ralph,Ralph,Anybody in here?,1181,others,7,"00:59:43,160","00:59:44,640"
Ralph,Ralph,Some kind of libary?,1183,neutral,4,"00:59:50,760","00:59:52,672"
Ralph,Ralph,"Hey, they're talking about me.",1185,happy,3,"00:59:56,200","00:59:58,556"
Ralph,Ralph,"Fix-It Felix, Jr. was my favorite game.",1187,neutral,4,"01:00:01,800","01:00:04,440"
Ralph,Ralph,"Mine, too.",1188,neutral,4,"01:00:05,080","01:00:06,150"
Ralph,Ralph,Ralph's videos stink.,1189,neutral,4,"01:00:06,320","01:00:08,516"
Ralph,Ralph,What?,1190,sad,5,"01:00:09,160","01:00:10,160"
Ralph,Ralph,I hate him.,1193,sad,5,"01:00:15,520","01:00:17,512"
Ralph,Ralph,He's so fat and ugly.,1194,sad,5,"01:00:18,160","01:00:20,959"
Ralph,Ralph,I don't care. It's fine.,1205,sad,5,"01:00:58,840","01:01:00,957"
Ralph,Ralph,It's just a good reminder that this is the only heart that really matters.,1207,neutral,4,"01:01:06,640","01:01:10,634"
Ralph,Ralph,Vanellope gave me this...,1208,angry,0,"01:01:11,280","01:01:12,680"
Ralph,Ralph,and as long as she likes me...,1209,angry,0,"01:01:12,840","01:01:14,274"
Ralph,Ralph,I don't need anybody else.,1210,angry,0,"01:01:14,480","01:01:16,119"
Ralph,Ralph,"You needed 27K, you got over 30 grand!",1220,happy,3,"01:01:34,880","01:01:37,918"
Ralph,Ralph,"Oh, my gosh!",1221,happy,3,"01:01:38,080","01:01:39,116"
Ralph,Ralph,This is great!,1222,happy,3,"01:01:39,280","01:01:40,350"
Ralph,Ralph,"What's the good word, brother?",1303,happy,3,"01:06:29,040","01:06:30,240"
Ralph,Ralph,"Well, the good word is I just paid for the steering wheel...",1304,happy,3,"01:06:30,360","01:06:32,720"
Ralph,Ralph,Congratulations.,1306,happy,3,"01:06:34,360","01:06:35,360"
Ralph,Ralph,Thanks.,1307,neutral,4,"01:06:35,400","01:06:36,516"
Ralph,Ralph,"Your little chum? No, no, I haven't.",1309,neutral,4,"01:06:38,600","01:06:40,751"
Ralph,Ralph,Hope she's not lost.,1310,neutral,4,"01:06:40,920","01:06:42,434"
Ralph,Ralph,"You know, where I come from, that's called a kick in the face.",1347,sad,5,"01:08:40,280","01:08:43,717"
Ralph,Ralph,A straight-up donkey kick to the teeth.,1349,sad,5,"01:08:45,640","01:08:48,155"
Ralph,Ralph,She's supposed to be my best friend.,1350,neutral,4,"01:08:48,600","01:08:50,796"
Ralph,Ralph,"No, this can't be right.",1351,neutral,4,"01:08:51,480","01:08:53,039"
Ralph,Ralph,"No, she's been brainwashed.",1352,neutral,4,"01:08:54,160","01:08:55,833"
Ralph,Ralph,That's what this is.,1353,neutral,4,"01:08:56,000","01:08:57,116"
Ralph,Ralph,Because the Vanellope I know would never abandon me like that.,1354,neutral,4,"01:08:57,320","01:08:59,789"
Ralph,Ralph,she's liable to hold it against you.,1359,angry,0,"01:09:07,480","01:09:09,039"
Ralph,Ralph,Then how do I make her leave?,1362,neutral,4,"01:09:13,960","01:09:15,519"
Ralph,Ralph,She thinks it's so cool and exciting in there.,1363,neutral,4,"01:09:15,680","01:09:18,593"
Ralph,Ralph,Unless you know how I can make the game boring or...,1364,others,7,"01:09:18,760","01:09:21,958"
Ralph,Ralph,Who's asking?,1366,neutral,4,"01:09:26,680","01:09:27,875"
Ralph,Ralph,"Back home, me and the kid used to goof off in this game called Tron.",1367,others,7,"01:09:28,400","01:09:32,189"
Ralph,Ralph,But then it got a virus that made the motorbikes go slow...,1368,neutral,4,"01:09:32,360","01:09:34,750"
Ralph,Ralph,and then Vanellope stopped wanting to hang out in there.,1369,neutral,4,"01:09:34,920","01:09:37,096"
Ralph,Ralph,"Just whatever you do, do not look at his little brother.",1386,neutral,4,"01:10:15,360","01:10:18,239"
Ralph,Ralph,What are you doing here?,1399,neutral,4,"01:10:46,840","01:10:48,399"
Ralph,Ralph,The reason I came to your neck of the face...,1400,fear,2,"01:10:49,520","01:10:51,830"
Ralph,Ralph,Neck of the woods. The reason I'm here is 'cause I...,1402,fear,2,"01:10:54,800","01:10:57,156"
Ralph,Ralph,"Well, I heard a little tumor, rumor...",1403,fear,2,"01:10:57,320","01:10:59,437"
Ralph,Ralph,Crash it? No!,1408,fear,2,"01:11:11,280","01:11:12,111"
Ralph,Ralph,"No, no, no.",1409,neutral,4,"01:11:12,280","01:11:13,953"
Ralph,Ralph,just make the cars go slow or something...,1413,others,7,"01:11:20,080","01:11:22,072"
Ralph,Ralph,Right. Don't be stupid.,1434,neutral,4,"01:12:18,520","01:12:20,318"
Ralph,Ralph,Make sure it doesn't get out of Slaughter Race.,1435,neutral,4,"01:12:20,520","01:12:22,096"
Ralph,Ralph,"What's going on, Spamley?",1491,neutral,4,"01:15:34,720","01:15:36,074"
Ralph,Ralph,The whole place is going crazy.,1492,neutral,4,"01:15:36,240","01:15:37,913"
Ralph,Ralph,It was. It must've found something real unstable in there.,1494,surprise,6,"01:15:40,320","01:15:43,279"
Ralph,Ralph,Reboot in progress.,1515,sad,5,"01:16:51,000","01:16:52,992"
Ralph,Ralph,"Come on, Vanellope. Wake up.",1516,sad,5,"01:16:56,440","01:16:58,318"
Ralph,Ralph,Ralph?,1518,neutral,4,"01:17:03,320","01:17:04,436"
Ralph,Ralph,"Ralph, I messed up so bad.",1520,neutral,4,"01:17:08,160","01:17:11,471"
Ralph,Ralph,I've ruined everything.,1525,others,7,"01:17:23,560","01:17:25,756"
Ralph,Ralph,"No, kid, no.",1526,others,7,"01:17:26,200","01:17:27,953"
Ralph,Ralph,Look. I didn't mean for it to happen like this.,1527,others,7,"01:17:29,720","01:17:33,475"
Ralph,Ralph,You didn't mean for what to happen?,1529,others,7,"01:17:39,360","01:17:42,000"
Ralph,Ralph,"I mighta, kinda sorta put a...",1530,others,7,"01:17:42,320","01:17:45,996"
Ralph,Ralph,You did this?,1533,neutral,4,"01:17:52,600","01:17:54,796"
Ralph,Ralph,I wouldn't have done anything if I hadn't heard you tell Shank...,1534,angry,0,"01:17:54,960","01:17:58,271"
Ralph,Ralph,Hey. You're not exactly innocent here.,1537,angry,0,"01:18:03,960","01:18:05,952"
Ralph,Ralph,"Oh, please. I'm one of 16 racers. They'd never miss me.",1539,angry,0,"01:18:08,800","01:18:12,191"
Ralph,Ralph,after what you did?,1542,fear,2,"01:18:16,240","01:18:17,390"
Ralph,Ralph,No.,1544,neutral,4,"01:18:24,440","01:18:25,954"
Ralph,Ralph,Wherever you're not.,1546,others,7,"01:18:28,320","01:18:29,595"
Ralph,Ralph,No! You will not follow me.,1548,others,7,"01:18:30,880","01:18:32,792"
Ralph,Ralph,So you leave me alone!,1551,others,7,"01:18:37,080","01:18:39,311"
Ralph,Ralph,No.,1562,angry,0,"01:19:26,520","01:19:27,590"
Ralph,Ralph,"Yeah, you think? What did you do?",1598,sad,5,"01:22:04,120","01:22:07,033"
Ralph,Ralph,Official query...,1606,others,7,"01:22:27,120","01:22:28,440"
Ralph,Ralph,Who? Yesss!,1616,neutral,4,"01:22:56,720","01:22:57,915"
Ralph,Ralph,"Yeah, but who is it?",1617,happy,3,"01:22:58,080","01:22:59,196"
Ralph,Ralph,Friend!,1631,surprise,6,"01:23:48,240","01:23:50,197"
Ralph,Ralph,"needy, and clingy, and self-destructive like KnowsMore said.",1633,neutral,4,"01:23:55,800","01:24:00,113"
Ralph,Ralph,"Listen, kid...",1634,neutral,4,"01:24:01,120","01:24:02,440"
Ralph,Ralph,I said you were acting like a bad friend. Which you were.,1637,neutral,4,"01:24:07,760","01:24:11,470"
Ralph,Ralph,That's the anti-virus district straight ahead.,1640,neutral,4,"01:24:14,400","01:24:16,631"
Ralph,Ralph,"All right, to be continued, okay?",1641,happy,3,"01:24:17,640","01:24:19,313"
Ralph,Ralph,Friend.,1650,neutral,4,"01:25:18,360","01:25:19,874"
Ralph,Ralph,"Come on, kid. We gotta move.",1660,fear,2,"01:25:45,880","01:25:47,917"
Ralph,Ralph,"Well, that's not what I want!",1694,others,7,"01:29:09,320","01:29:10,595"
Ralph,Ralph,You don't own her!,1696,others,7,"01:29:14,920","01:29:16,718"
Ralph,Ralph,Hey.,1699,neutral,4,"01:29:23,840","01:29:24,840"
Ralph,Ralph,I know. It's gonna hurt a little bit when you do.,1701,neutral,4,"01:29:32,840","01:29:36,277"
Ralph,Ralph,Who am I kidding? It's gonna hurt a lot.,1702,neutral,4,"01:29:37,880","01:29:40,190"
Ralph,Ralph,But you're gonna be okay.,1703,neutral,4,"01:29:41,680","01:29:44,070"
Ralph,Ralph,And we're gonna be okay.,1704,happy,3,"01:29:46,560","01:29:48,472"
Ralph,Ralph,Of course we are. Always.,1706,happy,3,"01:29:51,360","01:29:54,000"
Ralph,Ralph,or where she lives...,1708,neutral,4,"01:29:59,240","01:30:01,436"
Ralph,Ralph,she's always gonna be our friend. And we just gotta trust her.,1709,happy,3,"01:30:02,080","01:30:06,040"
Ralph,Ralph,It's a big strong man in need of rescuing.,1722,neutral,4,"01:31:09,720","01:31:11,791"
Ralph,Ralph,"Thanks, Frogger.",1723,neutral,4,"01:32:14,880","01:32:16,280"
Ralph,Ralph,Wait a minute.,1724,fear,2,"01:32:16,840","01:32:17,956"
Ralph,Ralph,This dress is not made for a big boy.,1732,neutral,4,"01:32:33,080","01:32:34,878"
Ralph,Ralph,It's going right up the back alley there.,1733,neutral,4,"01:32:35,040","01:32:37,077"
Ralph,Ralph,Let me just make a little adjustment.,1734,happy,3,"01:32:37,280","01:32:39,033"
Ralph,Ralph,The sun never rises or sets here...,1739,neutral,4,"01:32:58,360","01:33:00,955"
Ralph,Ralph,"Well, now, isn't that an astute observation?",1741,neutral,4,"01:33:02,880","01:33:05,679"
Ralph,Ralph,"I know, right?",1742,neutral,4,"01:33:05,840","01:33:06,840"
Ralph,Ralph,"No, I know. It's gonna be great.",1753,neutral,4,"01:33:32,200","01:33:34,476"
Ralph,Ralph,You found your dream game.,1754,neutral,4,"01:33:34,640","01:33:36,074"
Ralph,Ralph,"I guess I should probably head in there now, you know?",1758,neutral,4,"01:33:42,200","01:33:45,352"
Ralph,Ralph,"I'm so sorry I broke it, Ralph.",1760,neutral,4,"01:33:50,200","01:33:52,157"
Ralph,Ralph,"No, no. It's okay.",1761,happy,3,"01:33:52,320","01:33:53,993"
Ralph,Ralph,I'm really gonna miss you.,1765,sad,5,"01:34:09,880","01:34:11,678"
Ralph,Ralph,"I'm gonna miss you too, kid.",1766,sad,5,"01:34:13,360","01:34:15,272"
Ralph,Ralph,I really am.,1767,neutral,4,"01:34:16,480","01:34:18,039"
Ralph,Ralph,All right.,1768,happy,3,"01:34:23,840","01:34:24,840"
Ralph,Ralph,"Okay, getting a little clingy on me, here.",1769,happy,3,"01:34:26,320","01:34:28,437"
Ralph,Ralph,Go on. Get out of here.,1770,happy,3,"01:34:31,360","01:34:33,033"
Ralph,Ralph,Do you feel Dostoyevsky intended to make narrator unreliable?,1790,neutral,4,"01:36:30,600","01:36:34,879"
Ralph,Ralph,"You do, and you don't.",1792,neutral,4,"01:36:38,840","01:36:41,196"
Ralph,Ralph,"Duality. That's really deep, Ralph.",1793,neutral,4,"01:36:41,360","01:36:43,795"
Ralph,Ralph,"Thanks, Sonic.",1794,neutral,4,"01:36:43,960","01:36:45,076"
Ralph,Ralph,"What's burnt pie, Wreck-It?",1801,neutral,4,"01:36:58,120","01:36:59,793"
Ralph,Ralph,"Yeah. Me, too.",1808,neutral,4,"01:37:19,160","01:37:20,514"
Ralph,Ralph,"Our upgrade starts on January 25th, so, like, two months from now.",1810,neutral,4,"01:37:22,160","01:37:26,518"
Ralph,Ralph,That'll go by in a flash. Speaking of which...,1811,neutral,4,"01:37:26,680","01:37:29,149"
Ralph,Ralph,"All right, consider it done. I'll bring you guys a truckload.",1817,neutral,4,"01:37:43,600","01:37:46,559"
Ralph,Ralph,"Well, sun's coming up already.",1818,happy,3,"01:37:48,920","01:37:51,071"
Ralph,Ralph,Talk next week?,1821,neutral,4,"01:37:54,080","01:37:55,080"
Ralph,Ralph,"Hey. You doing okay there, Ralph?",1826,neutral,4,"01:38:19,520","01:38:22,160"
Ralph,Ralph,"No, the kitty gets the milkshake.",1853,neutral,4,"01:43:01,200","01:43:03,760"
Ralph,Sergeant,"What do you think, lady love?",0080,others,7,"00:04:28,640","00:04:29,960"
Ralph,Sergeant,I'll bet you a shiny nickel it's a blood pressure machine.,0081,happy,3,"00:04:30,160","00:04:33,790"
Ralph,Sergeant,Anyone?,0257,neutral,4,"00:13:24,880","00:13:26,439"
Ralph,Sergeant,and nary a plan.,0260,happy,3,"00:13:38,120","00:13:39,315"
Ralph,Sergeant,Those things are basically feral.,0266,angry,0,"00:13:56,640","00:13:58,199"
Ralph,Sergeant,"Pardon me, sir, but those youngsters are lambs.",0267,others,7,"00:13:58,360","00:14:03,196"
Ralph,Sergeant,"and you just love their little socks off. Right, Tammy?",0273,happy,3,"00:14:15,240","00:14:18,074"
Ralph,Sergeant,Darn-tootin'.,0274,surprise,6,"00:14:18,240","00:14:19,674"
Ralph,Sergeant,Losing builds character!,1779,happy,3,"01:35:54,560","01:35:55,914"
Ralph,Sergeant,The key to parenting is...,1784,happy,3,"01:36:08,560","01:36:10,870"
Ralph,Sergeant,And then what you do is...,1785,happy,3,"01:36:13,920","01:36:15,798"
Ralph,Sergeant,Hope you're all hungry. I made burnt pie.,1800,neutral,4,"01:36:55,520","01:36:57,910"
Ralph,SoulPolice,Fun!,0092,neutral,4,"00:04:59,360","00:05:00,360"
Ralph,SoulPolice,"Oh, no, it is not.",0093,neutral,4,"00:05:00,520","00:05:01,920"
Ralph,SoulPolice,That sign right there says Wi-Fi.,0094,neutral,4,"00:05:02,080","00:05:04,151"
Ralph,SoulPolice,That's a little humor there.,0096,neutral,4,"00:05:09,320","00:05:10,674"
Ralph,SoulPolice,"But seriously, the Internet is nothing to laugh at.",0097,neutral,4,"00:05:10,840","00:05:12,991"
Ralph,SoulPolice,Stop it! No running!,0196,others,7,"00:10:11,280","00:10:13,237"
Ralph,SoulPolice,"What are you people doing out of your game, for Peter's sake?",0197,others,7,"00:10:13,400","00:10:16,313"
Ralph,SoulPolice,"Oh, what are we going to do?",0201,others,7,"00:10:30,120","00:10:31,713"
Ralph,SoulPolice,An unplugging. Good Lord.,0205,neutral,4,"00:10:38,680","00:10:40,831"
Ralph,SoulPolice,Where are we gonna live?,0207,neutral,4,"00:10:46,880","00:10:48,758"
Ralph,SoulPolice,"Well, you can stay here until the arcade closes, I guess...",0208,neutral,4,"00:10:48,960","00:10:51,350"
Ralph,SoulPolice,Can I get a quick word with you two?,0262,neutral,4,"00:13:43,960","00:13:45,997"
Ralph,SoulPolice,"Look, I get it.",0263,neutral,4,"00:13:48,320","00:13:49,390"
Ralph,SoulPolice,"You've been married six years, you're looking to spice things up...",0264,neutral,4,"00:13:49,560","00:13:52,553"
Ralph,SoulPolice,"but trust me, adopting 15 children is the wrong kind of spice.",0265,neutral,4,"00:13:52,720","00:13:56,475"
Ralph,SoulPolice,"Hey, Mom, why does your lame TV only have one channel?",0276,others,7,"00:14:24,640","00:14:28,793"
Ralph,SoulPolice,"Yeah, we saw some undesirables causing a real donnybrook over there.",0345,neutral,4,"00:17:35,320","00:17:39,439"
Ralph,SoulPolice,Heck no. Not on my watch.,0346,neutral,4,"00:17:40,160","00:17:41,674"
Ralph,SoulPolice,And that is the secret to raising perfect children.,1786,surprise,6,"01:36:18,560","01:36:21,632"
Ralph,TarajiPHenson,"Uninspired, clichéd...",0834,neutral,4,"00:43:32,960","00:43:35,316"
Ralph,TarajiPHenson,YouTube's got this one.,0835,neutral,4,"00:43:35,960","00:43:37,314"
Ralph,TarajiPHenson,"Yeah, it's like Chewbacca Mom, but it's a daddy.",0837,others,7,"00:43:40,000","00:43:43,198"
Ralph,TarajiPHenson,Heyo! Are you the head of Al Gore?,0839,neutral,4,"00:43:44,760","00:43:47,719"
Ralph,TarajiPHenson,I am the head algorithm of BuzzzTube...,0840,neutral,4,"00:43:47,880","00:43:51,590"
Ralph,TarajiPHenson,which means I curate the content...,0841,happy,3,"00:43:51,760","00:43:53,513"
Ralph,TarajiPHenson,at the Internet's most popular video-sharing site.,0842,angry,0,"00:43:53,680","00:43:56,149"
Ralph,TarajiPHenson,"Which means, I don't have time to trifle...",0843,angry,0,"00:43:56,360","00:43:58,113"
Ralph,TarajiPHenson,"with every shoeless, mouth-breathing hobo that trundles into my office.",0844,neutral,4,"00:43:58,320","00:44:02,030"
Ralph,TarajiPHenson,"Yes. But, Yesss, this is the leaf blower guy.",0846,neutral,4,"00:44:03,600","00:44:07,150"
Ralph,TarajiPHenson,The man with the undulating jowls.,0848,neutral,4,"00:44:08,480","00:44:09,914"
Ralph,TarajiPHenson,His video has 1.3 million hearts.,0850,happy,3,"00:44:11,320","00:44:13,596"
Ralph,TarajiPHenson,She's the one who told us to come see you.,0856,neutral,4,"00:44:24,480","00:44:26,472"
Ralph,TarajiPHenson,No wonder your video's so dope. Shank is for real cool.,0857,neutral,4,"00:44:26,680","00:44:30,674"
Ralph,TarajiPHenson,She is not. I'm the cool one getting all the hearts.,0859,neutral,4,"00:44:32,000","00:44:35,152"
Ralph,TarajiPHenson,Yeah.,0861,neutral,4,"00:44:39,200","00:44:40,200"
Ralph,TarajiPHenson,"Ralph, Wreck-It Ralph.",0863,happy,3,"00:44:41,560","00:44:42,835"
Ralph,TarajiPHenson,"Well, Wreck-It Ralph, you are trending!",0864,happy,3,"00:44:43,000","00:44:46,118"
Ralph,TarajiPHenson,"but Shank kinda told us that viral videos can make, like, actual money?",0869,happy,3,"00:44:59,800","00:45:04,670"
Ralph,TarajiPHenson,"Oh, hearts are money, honey.",0870,happy,3,"00:45:04,840","00:45:06,752"
Ralph,TarajiPHenson,"Kid, we only needed 27,001. We're done.",0874,happy,3,"00:45:12,280","00:45:15,273"
Ralph,TarajiPHenson,"Oh, no, no, no.",0875,happy,3,"00:45:15,480","00:45:17,437"
Ralph,TarajiPHenson,And we only have eight hours left to save my game.,0878,neutral,4,"00:45:24,240","00:45:27,438"
Ralph,TarajiPHenson,"I hate to say it, but that ain't happening.",0879,neutral,4,"00:45:28,160","00:45:30,470"
Ralph,TarajiPHenson,But I thought I was trenching? Trending.,0881,neutral,4,"00:45:32,360","00:45:35,000"
Ralph,TarajiPHenson,You were. But that was 15 seconds ago.,0882,neutral,4,"00:45:35,160","00:45:37,311"
Ralph,TarajiPHenson,of me doing all kinds of them crazy things?,0889,neutral,4,"00:45:58,520","00:46:00,796"
Ralph,TarajiPHenson,You mean saturate the market?,0890,happy,3,"00:46:00,960","00:46:02,633"
Ralph,TarajiPHenson,I'll just copy whatever's popular.,0894,happy,3,"00:46:09,160","00:46:11,277"
Ralph,TarajiPHenson,"Two weeks in a row, guys. That's a fortnight of bee puns.",0904,neutral,4,"00:46:35,200","00:46:38,193"
Ralph,TarajiPHenson,"Because, kid, we came here to save your game and we're gonna do it.",0909,happy,3,"00:46:48,400","00:46:52,394"
Ralph,TarajiPHenson,I love it!,0910,happy,3,"00:46:52,600","00:46:54,114"
Ralph,TarajiPHenson,That is what the Internet was made for!,0911,happy,3,"00:46:54,280","00:46:55,873"
Ralph,TarajiPHenson,This man is on fire.,0953,neutral,4,"00:49:01,480","00:49:03,153"
Ralph,TarajiPHenson,But he still needs 200 million hearts in the next five hours...,0955,neutral,4,"00:49:05,600","00:49:08,718"
Ralph,TarajiPHenson,or this beautiful child loses her game.,0956,neutral,4,"00:49:08,920","00:49:10,718"
Ralph,TarajiPHenson,That's why I'm on to phase two...,0957,neutral,4,"00:49:10,920","00:49:13,230"
Ralph,TarajiPHenson,"you, my elite Pop-Up Army.",0958,neutral,4,"00:49:13,400","00:49:15,756"
Ralph,TarajiPHenson,I need you out there popping up...,0959,neutral,4,"00:49:15,920","00:49:17,877"
Ralph,TarajiPHenson,and getting clicks all over the Internet.,0960,neutral,4,"00:49:18,040","00:49:20,157"
Ralph,TarajiPHenson,"If you're going, I wanna go.",0973,others,7,"00:50:09,240","00:50:10,360"
Ralph,TarajiPHenson,And you're some mature adult?,0984,neutral,4,"00:50:36,360","00:50:38,556"
Ralph,TarajiPHenson,She'll be in my personal web browser.,0988,neutral,4,"00:50:44,960","00:50:47,759"
Ralph,TarajiPHenson,And your app comes with BuzzzFace...,0989,neutral,4,"00:50:49,040","00:50:50,997"
Ralph,TarajiPHenson,So where exactly are you sending her?,1002,neutral,4,"00:51:29,800","00:51:31,439"
Ralph,TarajiPHenson,so how about this one here with the sweet little pink castle?,1011,neutral,4,"00:51:53,640","00:51:57,156"
Ralph,TarajiPHenson,What? Why are you angry at the lollipop? What does that mean?,1161,happy,3,"00:58:51,560","00:58:54,234"
Ralph,TarajiPHenson,The file's not loading.,1162,neutral,4,"00:58:54,400","00:58:55,595"
Ralph,TarajiPHenson,You don't have enough hearts.,1164,others,7,"00:58:57,760","00:59:00,036"
Ralph,TarajiPHenson,I'm going down to the floor to get some hearts.,1166,happy,3,"00:59:02,000","00:59:03,840"
Ralph,TarajiPHenson,Genius! Good thinking.,1167,angry,0,"00:59:04,280","00:59:05,316"
Ralph,TarajiPHenson,"Yo, Ralph, you in here, dude?",1196,happy,3,"01:00:34,640","01:00:37,200"
Ralph,TarajiPHenson,do not read the comments.,1199,neutral,4,"01:00:44,320","01:00:46,835"
Ralph,TarajiPHenson,I should have told you that.,1200,neutral,4,"01:00:47,000","01:00:48,639"
Ralph,TarajiPHenson,Look.,1201,neutral,4,"01:00:49,560","01:00:50,596"
Ralph,TarajiPHenson,This place can bring out the worst in some people...,1202,neutral,4,"01:00:50,760","01:00:53,639"
Ralph,TarajiPHenson,Hold on.,1212,neutral,4,"01:01:17,960","01:01:19,235"
Ralph,TarajiPHenson,It's not all bad.,1213,neutral,4,"01:01:19,440","01:01:21,318"
Ralph,TarajiPHenson,The Internet can also be a place...,1214,neutral,4,"01:01:21,480","01:01:23,073"
Ralph,TarajiPHenson,where you find a steering wheel at one website...,1215,neutral,4,"01:01:23,280","01:01:25,590"
Ralph,TarajiPHenson,"Wait, really?",1218,happy,3,"01:01:31,440","01:01:32,556"
Ralph,TarajiPHenson,"Thank you, Yesss. I couldn't have done it without you!",1223,happy,3,"01:01:40,520","01:01:42,616"
Tangled,Rapunzel,in hope that one day their lost princess would return.,0060,neutral,4,"00:05:00,809","00:05:05,897"
Tangled,Rapunzel,Gotcha!,0062,neutral,4,"00:05:34,927","00:05:36,135"
Tangled,Rapunzel,That's 22 for me. How about 23 out of 45?,0063,neutral,4,"00:05:37,846","00:05:42,391"
Tangled,Rapunzel,"Okay. Well, what do you want to do?",0064,neutral,4,"00:05:43,810","00:05:45,937"
Tangled,Rapunzel,"Yeah. I don't think so. I like it in here, and so do you.",0065,neutral,4,"00:05:48,732","00:05:53,528"
Tangled,Rapunzel,Tomorrow night,0085,happy,3,"00:07:41,803","00:07:45,222"
Tangled,Rapunzel,Just like they do,0087,happy,3,"00:07:50,270","00:07:53,522"
Tangled,Rapunzel,on my birthday each year,0088,neutral,4,"00:07:53,607","00:07:58,444"
Tangled,Rapunzel,What is it like,0089,neutral,4,"00:07:59,946","00:08:03,240"
Tangled,Rapunzel,out there where they glow,0090,neutral,4,"00:08:04,326","00:08:08,245"
Tangled,Rapunzel,"Gentlemen, this is a very big day!",0101,neutral,4,"00:09:23,029","00:09:26,115"
Tangled,Rapunzel,"This is it! This is a very big day, Pascal.",0102,happy,3,"00:09:27,242","00:09:30,744"
Tangled,Rapunzel,It's time!,0106,neutral,4,"00:09:40,046","00:09:41,088"
Tangled,Rapunzel,Rapunzel! I'm not getting any younger down here!,0108,happy,3,"00:09:47,971","00:09:51,974"
Tangled,Rapunzel,"Coming, Mother!",0109,happy,3,"00:09:52,851","00:09:54,393"
Tangled,Rapunzel,"Oh, darling, I'm just teasing.",0116,neutral,4,"00:10:35,227","00:10:37,645"
Tangled,Rapunzel,I'm just teasing. Stop taking everything so seriously.,0123,neutral,4,"00:10:55,330","00:10:58,749"
Tangled,Rapunzel,"Of course, Mother.",0127,neutral,4,"00:11:07,968","00:11:10,302"
Tangled,Rapunzel,"Rapunzel! So, Mother,",0132,neutral,4,"00:11:25,860","00:11:27,611"
Tangled,Rapunzel,"earlier I was saying tomorrow is a big day, and you didn't respond.",0133,happy,3,"00:11:27,696","00:11:30,531"
Tangled,Rapunzel,I distinctly remember. Your birthday was last year.,0136,neutral,4,"00:11:36,454","00:11:39,790"
Tangled,Rapunzel,That's the funny thing about birthdays. They're kind of an annual thing.,0137,others,7,"00:11:39,874","00:11:44,211"
Tangled,Rapunzel,"Mother, I'm turning 18, and I wanted to ask...",0138,others,7,"00:11:45,046","00:11:49,550"
Tangled,Rapunzel,What I really want for this birthday...,0139,neutral,4,"00:11:50,552","00:11:52,720"
Tangled,Rapunzel,"I love you so much, darling.",0144,happy,3,"00:12:02,981","00:12:04,815"
Tangled,Rapunzel,You mean the stars.,0148,happy,3,"00:12:21,374","00:12:23,167"
Tangled,Rapunzel,"But these, they appear every year on my birthday, Mother.",0151,neutral,4,"00:12:29,174","00:12:33,010"
Tangled,Rapunzel,Only on my birthday.,0152,neutral,4,"00:12:33,094","00:12:35,054"
Tangled,Rapunzel,"I need to see them, Mother.",0154,sad,5,"00:12:41,144","00:12:43,062"
Tangled,Rapunzel,"And not just from my window, in person.",0155,sad,5,"00:12:43,146","00:12:46,690"
Tangled,Rapunzel,Don't ever ask to leave this tower again.,0193,sad,5,"00:14:51,900","00:14:55,819"
Tangled,Rapunzel,"I love you very much, dear.",0195,neutral,4,"00:15:01,075","00:15:03,327"
Tangled,Rapunzel,Alone at last.,0223,fear,2,"00:19:32,847","00:19:34,347"
Tangled,Rapunzel,Okay. I've got a person in my closet.,0224,fear,2,"00:21:09,944","00:21:13,238"
Tangled,Rapunzel,I've got a person in my closet.,0225,happy,3,"00:21:13,322","00:21:15,907"
Tangled,Rapunzel,I've got a person in my closet!,0226,happy,3,"00:21:17,160","00:21:20,996"
Tangled,Rapunzel,"Too weak to handle myself out there, huh, Mother?",0227,happy,3,"00:21:23,666","00:21:26,251"
Tangled,Rapunzel,Let down your hair!,0230,neutral,4,"00:22:14,383","00:22:16,218"
Tangled,Rapunzel,I have a big surprise!,0232,happy,3,"00:22:18,221","00:22:20,263"
Tangled,Rapunzel,I bet my surprise is bigger!,0234,others,7,"00:22:22,725","00:22:25,060"
Tangled,Rapunzel,Your favourite. Surprise!,0237,happy,3,"00:22:32,568","00:22:34,945"
Tangled,Rapunzel,Especially when I've done absolutely nothing wrong.,0240,happy,3,"00:22:40,451","00:22:42,911"
Tangled,Rapunzel,I hope you're not still talking about the stars.,0242,happy,3,"00:22:45,414","00:22:47,958"
Tangled,Rapunzel,"Because I really thought we dropped the issue, sweetheart.",0244,happy,3,"00:22:50,544","00:22:53,046"
Tangled,Rapunzel,"No, Mother, I'm just saying,",0245,neutral,4,"00:22:53,130","00:22:55,215"
Tangled,Rapunzel,Great. Now I'm the bad guy.,0252,sad,5,"00:23:20,741","00:23:24,244"
Tangled,Rapunzel,"All I was going to say, Mother, is that...",0253,neutral,4,"00:23:36,716","00:23:39,592"
Tangled,Rapunzel,And what is that?,0255,neutral,4,"00:23:43,097","00:23:45,098"
Tangled,Rapunzel,New paint.,0256,neutral,4,"00:23:45,516","00:23:46,850"
Tangled,Rapunzel,"That is a very long trip, Rapunzel. Almost three days' time.",0258,sad,5,"00:23:50,938","00:23:56,109"
Tangled,Rapunzel,You'll be all right on your own?,0260,neutral,4,"00:24:05,578","00:24:07,912"
Tangled,Rapunzel,I love you most.,0265,neutral,4,"00:24:28,476","00:24:30,643"
Tangled,Rapunzel,What?,0270,others,7,"00:25:53,519","00:25:55,061"
Tangled,Rapunzel,Who are you? And how did you find me?,0271,angry,0,"00:26:03,404","00:26:07,282"
Tangled,Rapunzel,How's your day going?,0277,angry,0,"00:26:33,225","00:26:35,101"
Tangled,Rapunzel,Where is my satchel?,0283,others,7,"00:26:50,951","00:26:52,160"
Tangled,Rapunzel,Would you stop that?,0286,others,7,"00:27:07,343","00:27:09,093"
Tangled,Rapunzel,Now it's hidden where you'll never find it.,0287,neutral,4,"00:27:09,178","00:27:12,055"
Tangled,Rapunzel,"is to get out of it, literally.",0291,surprise,6,"00:27:22,066","00:27:24,776"
Tangled,Rapunzel,Yes.,0296,neutral,4,"00:27:35,829","00:27:37,121"
Tangled,Rapunzel,I know. I need someone to take me.,0297,neutral,4,"00:27:49,385","00:27:51,844"
Tangled,Rapunzel,Deal? Look this way.,0301,neutral,4,"00:28:04,191","00:28:06,025"
Tangled,Rapunzel,You mean the lantern thing they do for the princess?,0303,happy,3,"00:28:10,489","00:28:13,616"
Tangled,Rapunzel,Lanterns? I knew they weren't stars.,0304,neutral,4,"00:28:14,201","00:28:17,620"
Tangled,Rapunzel,"Well, tomorrow evening,",0305,neutral,4,"00:28:18,706","00:28:21,040"
Tangled,Rapunzel,they will light the night sky with these lanterns.,0306,neutral,4,"00:28:21,125","00:28:25,003"
Tangled,Rapunzel,"You will act as my guide, take me to these lanterns,",0307,neutral,4,"00:28:25,087","00:28:28,673"
Tangled,Rapunzel,and return me home safely.,0308,neutral,4,"00:28:28,757","00:28:30,341"
Tangled,Rapunzel,"Then, and only then, will I return your satchel to you.",0309,neutral,4,"00:28:30,426","00:28:34,762"
Tangled,Rapunzel,"fate, destiny... A horse.",0317,neutral,4,"00:28:57,578","00:29:00,413"
Tangled,Rapunzel,"A horrible decision, really.",0319,angry,0,"00:29:02,916","00:29:03,958"
Tangled,Rapunzel,But trust me when I tell you this.,0320,angry,0,"00:29:04,043","00:29:07,128"
Tangled,Rapunzel,"You can tear this tower apart brick by brick,",0321,angry,0,"00:29:09,089","00:29:12,550"
Tangled,Rapunzel,and you'll give me back my satchel?,0325,neutral,4,"00:29:23,646","00:29:25,521"
Tangled,Rapunzel,I promise.,0326,neutral,4,"00:29:25,606","00:29:27,106"
Tangled,Rapunzel,"And when I promise something, I never, ever break that promise.",0327,neutral,4,"00:29:28,942","00:29:33,655"
Tangled,Rapunzel,Fine! I'll take you to see the lanterns.,0333,happy,3,"00:29:59,139","00:30:00,932"
Tangled,Rapunzel,Really?,0334,others,7,"00:30:01,016","00:30:02,392"
Tangled,Rapunzel,"Are you coming, blondie?",0337,happy,3,"00:30:11,985","00:30:13,986"
Tangled,Rapunzel,Look at the world so close And I'm halfway to it,0338,neutral,4,"00:30:23,872","00:30:27,583"
Tangled,Rapunzel,"Look at me, there at last I just have to do it",0340,neutral,4,"00:30:33,841","00:30:37,719"
Tangled,Rapunzel,That's when my life begins,0349,happy,3,"00:31:49,374","00:31:55,463"
Tangled,Rapunzel,I can't believe I did this!,0350,happy,3,"00:32:02,930","00:32:06,098"
Tangled,Rapunzel,I can't believe I did this. I can't believe I did this!,0351,fear,2,"00:32:06,767","00:32:11,103"
Tangled,Rapunzel,Mother would be so furious.,0352,happy,3,"00:32:12,731","00:32:14,565"
Tangled,Rapunzel,"But that's okay. What she doesn't know won't kill her, right?",0353,fear,2,"00:32:14,650","00:32:18,027"
Tangled,Rapunzel,But you've got to do it.,0370,neutral,4,"00:33:20,966","00:33:23,050"
Tangled,Rapunzel,Like a grape.,0373,neutral,4,"00:33:29,516","00:33:30,725"
Tangled,Rapunzel,"Oh, come on! What is it going to take for me to get my satchel back?",0383,angry,0,"00:34:00,172","00:34:03,799"
Tangled,Rapunzel,I will use this.,0384,fear,2,"00:34:03,884","00:34:05,509"
Tangled,Rapunzel,Stay calm. It can probably smell fear.,0386,others,7,"00:34:15,854","00:34:18,481"
Tangled,Rapunzel,Are you hungry? I know a great place for lunch.,0390,happy,3,"00:34:34,122","00:34:36,666"
Tangled,Rapunzel,"Well, I do like ducklings. Yay!",0401,surprise,6,"00:37:07,442","00:37:10,903"
Tangled,Rapunzel,Not the nose! Not the nose!,0424,angry,0,"00:38:34,863","00:38:36,405"
Tangled,Rapunzel,Put him down!,0425,fear,2,"00:38:39,451","00:38:41,201"
Tangled,Rapunzel,"I don't know where I am, and I need him to take me to see the lanterns",0426,others,7,"00:38:43,997","00:38:47,916"
Tangled,Rapunzel,because I've been dreaming about them my entire life!,0427,others,7,"00:38:48,001","00:38:50,919"
Tangled,Rapunzel,And with every passing hour I'm so glad I left my tower,0471,happy,3,"00:41:46,387","00:41:50,390"
Tangled,Rapunzel,I was talking to her.,0488,happy,3,"00:43:04,090","00:43:05,883"
Tangled,Rapunzel,I didn't know you had that in you back there. That was pretty impressive.,0505,happy,3,"00:44:30,677","00:44:35,597"
Tangled,Rapunzel,I know!,0506,neutral,4,"00:44:35,682","00:44:36,973"
Tangled,Rapunzel,I know.,0507,happy,3,"00:44:38,685","00:44:40,143"
Tangled,Rapunzel,Chameleon. Nuance.,0514,neutral,4,"00:44:58,871","00:45:00,247"
Tangled,Rapunzel,"Here's my question, though, if you want to see the lanterns so badly",0515,neutral,4,"00:45:00,540","00:45:05,043"
Tangled,Rapunzel,Let's assume that everyone in here doesn't like me.,0524,neutral,4,"00:45:48,212","00:45:51,173"
Tangled,Rapunzel,How about two out of three?,0529,fear,2,"00:46:34,550","00:46:36,468"
Tangled,Rapunzel,"Hey, there's no point. It's pitch-black down there.",0535,sad,5,"00:48:41,761","00:48:44,930"
Tangled,Rapunzel,This is all my fault.,0536,sad,5,"00:48:52,980","00:48:54,814"
Tangled,Rapunzel,She was right. I never should have done this.,0537,sad,5,"00:48:56,525","00:48:59,611"
Tangled,Rapunzel,Eugene.,0539,sad,5,"00:49:15,628","00:49:16,836"
Tangled,Rapunzel,Someone might as well know.,0542,happy,3,"00:49:24,553","00:49:26,638"
Tangled,Rapunzel,What?,0544,happy,3,"00:49:32,979","00:49:34,145"
Tangled,Rapunzel,I have magic hair that glows when I sing!,0545,others,7,"00:49:36,023","00:49:40,068"
Tangled,Rapunzel,Flower gleam and glow Let your power shine,0546,happy,3,"00:49:41,529","00:49:44,364"
Tangled,Rapunzel,What?,0551,happy,3,"00:50:45,634","00:50:46,634"
Tangled,Rapunzel,as you wrap your magic hair around my injured hand.,0568,others,7,"00:52:20,521","00:52:23,815"
Tangled,Rapunzel,Sorry.,0569,neutral,4,"00:52:24,483","00:52:25,817"
Tangled,Rapunzel,Just don't... Don't freak out.,0570,neutral,4,"00:52:26,986","00:52:31,030"
Tangled,Rapunzel,How long has it been doing that exactly?,0583,neutral,4,"00:53:39,099","00:53:41,893"
Tangled,Rapunzel,"Forever, I guess.",0584,neutral,4,"00:53:43,145","00:53:45,480"
Tangled,Rapunzel,"Mother says when I was a baby, people tried to cut it.",0585,neutral,4,"00:53:46,357","00:53:49,651"
Tangled,Rapunzel,"A gift like that, it has to be protected.",0588,neutral,4,"00:53:57,993","00:54:01,120"
Tangled,Rapunzel,That's why Mother never let me...,0589,sad,5,"00:54:02,081","00:54:04,499"
Tangled,Rapunzel,And you're still going to go back?,0592,neutral,4,"00:54:20,099","00:54:22,267"
Tangled,Rapunzel,No! Yes.,0593,sad,5,"00:54:22,559","00:54:24,811"
Tangled,Rapunzel,It's complicated.,0594,neutral,4,"00:54:26,981","00:54:28,940"
Tangled,Rapunzel,"Not that he'd ever brag about it, of course.",0602,neutral,4,"00:55:08,147","00:55:10,732"
Tangled,Rapunzel,I should get some more firewood.,0614,happy,3,"00:55:52,191","00:55:54,525"
Tangled,Rapunzel,Mother?,0618,neutral,4,"00:56:22,388","00:56:23,763"
Tangled,Rapunzel,"Hello, dear.",0619,surprise,6,"00:56:23,847","00:56:25,348"
Tangled,Rapunzel,We're going home. Now. You don't understand.,0623,happy,3,"00:56:39,113","00:56:42,990"
Tangled,Rapunzel,"I've been on this incredible journey, and I've seen and learned so much.",0624,happy,3,"00:56:43,075","00:56:47,495"
Tangled,Rapunzel,"Yes, the wanted thief. I'm so proud. Come on.",0626,neutral,4,"00:56:49,665","00:56:52,750"
Tangled,Rapunzel,"Mother, wait. I think...",0627,happy,3,"00:56:53,085","00:56:55,753"
Tangled,Rapunzel,Mother...,0636,angry,0,"00:57:25,909","00:57:27,368"
Tangled,Rapunzel,Go and put him to the test,0650,others,7,"00:58:10,913","00:58:13,331"
Tangled,Rapunzel,"Hey, you all right?",0657,neutral,4,"00:58:44,112","00:58:45,571"
Tangled,Rapunzel,"Easy, boy. Easy.",0670,happy,3,"01:00:02,816","01:00:04,191"
Tangled,Rapunzel,Easy.,0671,happy,3,"01:00:04,484","01:00:06,235"
Tangled,Rapunzel,Now sit.,0673,neutral,4,"01:00:12,909","01:00:13,993"
Tangled,Rapunzel,Sit!,0674,neutral,4,"01:00:15,787","01:00:16,912"
Tangled,Rapunzel,What? Now drop the boot.,0675,neutral,4,"01:00:17,456","01:00:19,457"
Tangled,Rapunzel,Drop it.,0676,happy,3,"01:00:20,000","01:00:21,292"
Tangled,Rapunzel,"You're such a good boy! Yes, you are!",0677,neutral,4,"01:00:23,879","01:00:28,341"
Tangled,Rapunzel,You all tired from chasing this bad man all over the place?,0678,neutral,4,"01:00:29,885","01:00:33,471"
Tangled,Rapunzel,"Oh, come on. He's a bad horse!",0681,happy,3,"01:00:38,769","01:00:40,811"
Tangled,Rapunzel,"Oh, he's nothing but a big sweetheart.",0682,happy,3,"01:00:40,896","01:00:43,522"
Tangled,Rapunzel,You've got to be kidding me.,0685,happy,3,"01:00:48,820","01:00:51,238"
Tangled,Rapunzel,"Look. Today is kind of the biggest day of my life,",0686,happy,3,"01:00:51,323","01:00:56,035"
Tangled,Rapunzel,"Just for 24 hours,",0688,neutral,4,"01:01:01,249","01:01:02,458"
Tangled,Rapunzel,and then you can chase each other to your heart's content.,0689,neutral,4,"01:01:02,542","01:01:06,379"
Tangled,Rapunzel,Excuse me. Sorry.,0691,happy,3,"01:02:06,398","01:02:08,065"
Tangled,Rapunzel,Most of them.,0697,neutral,4,"01:04:32,002","01:04:33,460"
Tangled,Rapunzel,You okay?,0700,neutral,4,"01:04:59,237","01:05:00,613"
Tangled,Rapunzel,Why?,0702,neutral,4,"01:05:03,950","01:05:05,242"
Tangled,Rapunzel,dreaming about what it might feel like when those lights rise in the sky.,0704,neutral,4,"01:05:10,415","01:05:15,252"
Tangled,Rapunzel,It will be.,0706,neutral,4,"01:05:22,761","01:05:24,136"
Tangled,Rapunzel,Now that I see you,0724,happy,3,"01:08:24,609","01:08:28,904"
Tangled,Rapunzel,"I should have given it to you before, but I was just scared.",0726,neutral,4,"01:08:38,581","01:08:41,792"
Tangled,Rapunzel,There's just something I have to take care of.,0751,happy,3,"01:11:01,307","01:11:03,392"
Tangled,Rapunzel,I'll be right back.,0753,neutral,4,"01:11:09,107","01:11:10,899"
Tangled,Rapunzel,We want her instead.,0763,happy,3,"01:11:59,657","01:12:02,492"
Tangled,Rapunzel,He did.,0765,surprise,6,"01:12:23,056","01:12:24,681"
Tangled,Rapunzel,Rapunzel!,0773,sad,5,"01:13:06,057","01:13:07,349"
Tangled,Rapunzel,"Oh, my precious girl!",0775,sad,5,"01:13:15,358","01:13:17,859"
Tangled,Rapunzel,Are you all right?,0800,neutral,4,"01:17:50,341","01:17:52,008"
Tangled,Rapunzel,"Please speak up, Rapunzel. You know how I hate the mumbling.",0802,angry,0,"01:17:55,554","01:17:58,765"
Tangled,Rapunzel,I am the lost princess. Aren't I?,0803,angry,0,"01:17:58,849","01:18:03,436"
Tangled,Rapunzel,"Did I mumble, Mother?",0804,angry,0,"01:18:05,606","01:18:07,857"
Tangled,Rapunzel,Why would you ask such a ridiculous question?,0807,angry,0,"01:18:15,700","01:18:18,410"
Tangled,Rapunzel,Everything I did was to protect you.,0809,angry,0,"01:18:24,041","01:18:27,544"
Tangled,Rapunzel,I've spent my entire life hiding from people who would use me for my power,0810,angry,0,"01:18:29,672","01:18:34,718"
Tangled,Rapunzel,Listen to me. All of this is as it should be.,0816,angry,0,"01:18:51,402","01:18:55,989"
Tangled,Rapunzel,And you were wrong about me!,0818,angry,0,"01:19:00,453","01:19:02,954"
Tangled,Rapunzel,Enough already! Stop fighting me!,0852,angry,0,"01:22:49,431","01:22:53,059"
Tangled,Rapunzel,No! I won't stop!,0853,angry,0,"01:22:53,686","01:22:55,728"
Tangled,Rapunzel,I will never stop trying to get away from you!,0855,others,7,"01:22:59,108","01:23:02,986"
Tangled,Rapunzel,I'll never run. I'll never try to escape.,0858,sad,5,"01:23:14,540","01:23:17,792"
Tangled,Rapunzel,"Just let me heal him and you and I will be together,",0859,others,7,"01:23:17,876","01:23:21,462"
Tangled,Rapunzel,"forever, just like you want.",0860,others,7,"01:23:21,547","01:23:23,589"
Tangled,Rapunzel,Everything will be the way it was.,0861,others,7,"01:23:23,674","01:23:25,675"
Tangled,Rapunzel,Just like you want.,0863,others,7,"01:23:29,054","01:23:30,847"
Tangled,Rapunzel,In case you get any ideas about following us.,0865,others,7,"01:23:42,735","01:23:46,112"
Tangled,Rapunzel,I can't let you do this.,0869,sad,5,"01:24:03,380","01:24:05,048"
Tangled,Rapunzel,Make the clock reverse Bring back what once was mine,0880,sad,5,"01:25:40,060","01:25:43,354"
Tangled,Rapunzel,You were my new dream.,0882,sad,5,"01:25:49,319","01:25:51,195"
Tangled,Rapunzel,And you were mine.,0883,sad,5,"01:25:54,491","01:25:56,242"
Tangled,Rapunzel,Heal what has been hurt,0884,neutral,4,"01:26:22,603","01:26:26,105"
Tangled,Rapunzel,Change the Fates' design,0885,neutral,4,"01:26:27,524","01:26:31,152"
Tangled,Rapunzel,Save what has been lost,0886,sad,5,"01:26:32,196","01:26:35,281"
Tangled,Rapunzel,Bring back what once was mine,0887,sad,5,"01:26:37,910","01:26:40,745"
Tangled,Rapunzel,Rapunzel?,0889,surprise,6,"01:27:43,642","01:27:45,101"
Tangled,Flynn,Mother might just let me go,0092,happy,3,"00:08:13,502","00:08:18,005"
Tangled,Flynn,"Rider, come on!",0094,neutral,4,"00:08:44,908","00:08:46,784"
Tangled,Flynn,"Oh, no.",0203,fear,2,"00:15:54,462","00:15:55,796"
Tangled,Flynn,This is really bad.,0205,surprise,6,"00:15:58,508","00:16:00,217"
Tangled,Flynn,Who cares?,0207,neutral,4,"00:16:03,805","00:16:05,180"
Tangled,Flynn,All right. Okay. Give me a boost and I'll pull you up.,0209,fear,2,"00:16:23,825","00:16:26,660"
Tangled,Flynn,Give us the satchel first.,0210,neutral,4,"00:16:28,162","00:16:29,621"
Tangled,Flynn,"I can't believe that after all we've been through together, you don't trust me?",0211,disgust,1,"00:16:32,417","00:16:36,420"
Tangled,Flynn,"Now help us up, pretty boy!",0213,neutral,4,"00:16:48,224","00:16:49,892"
Tangled,Flynn,"We got him now, Maximus.",0219,others,7,"00:17:23,217","00:17:25,761"
Tangled,Flynn,"Come on, fleabag! Forward!",0220,others,7,"00:17:39,067","00:17:41,151"
Tangled,Flynn,Stop it! Stop it! Give it to me! Give me that!,0222,neutral,4,"00:17:45,490","00:17:50,702"
Tangled,Flynn,"I know why you're here, and I'm not afraid of you.",0269,neutral,4,"00:25:48,472","00:25:53,059"
Tangled,Flynn,"Who are you, and how did you find me?",0272,neutral,4,"00:26:10,744","00:26:14,080"
Tangled,Flynn,"I know not who you are, nor how I came to find you.",0273,neutral,4,"00:26:17,501","00:26:21,588"
Tangled,Flynn,But may I just say...,0274,others,7,"00:26:21,672","00:26:23,590"
Tangled,Flynn,Hi.,0275,others,7,"00:26:24,925","00:26:26,676"
Tangled,Flynn,"All right, blondie. Rapunzel.",0279,neutral,4,"00:26:40,191","00:26:42,317"
Tangled,Flynn,Gesundheit. Here's the deal.,0280,neutral,4,"00:26:42,401","00:26:44,068"
Tangled,Flynn,"I was in a situation, gallivanting through the forest.",0281,others,7,"00:26:44,153","00:26:47,030"
Tangled,Flynn,I came across your tower and...,0282,others,7,"00:26:47,114","00:26:49,449"
Tangled,Flynn,I've hidden it. Somewhere you'll never find it.,0284,neutral,4,"00:26:52,453","00:26:55,663"
Tangled,Flynn,"It's in that pot, isn't it?",0285,others,7,"00:26:58,626","00:27:00,460"
Tangled,Flynn,What? Sell it?,0289,others,7,"00:27:16,977","00:27:18,228"
Tangled,Flynn,Wait. You don't want my hair?,0292,others,7,"00:27:25,653","00:27:28,279"
Tangled,Flynn,Why on earth would I want your hair?,0293,others,7,"00:27:28,364","00:27:30,323"
Tangled,Flynn,End of story. You're telling the truth?,0295,others,7,"00:27:33,118","00:27:35,703"
Tangled,Flynn,Do you know what these are?,0302,neutral,4,"00:28:07,528","00:28:10,405"
Tangled,Flynn,That is my deal.,0310,neutral,4,"00:28:34,847","00:28:36,055"
Tangled,Flynn,Yeah.,0311,neutral,4,"00:28:36,140","00:28:37,515"
Tangled,Flynn,No can do.,0312,neutral,4,"00:28:38,517","00:28:39,976"
Tangled,Flynn,"Unfortunately the kingdom and I aren't exactly simpatico at the moment,",0313,neutral,4,"00:28:40,060","00:28:43,855"
Tangled,Flynn,"but without my help, you will never find your precious satchel.",0322,neutral,4,"00:29:12,635","00:29:17,388"
Tangled,Flynn,Let me get this straight.,0323,neutral,4,"00:29:18,932","00:29:20,266"
Tangled,Flynn,"I take you to see the lanterns, bring you back home,",0324,neutral,4,"00:29:20,351","00:29:23,561"
Tangled,Flynn,"All right, listen. I didn't want to have to do this,",0329,neutral,4,"00:29:40,663","00:29:43,039"
Tangled,Flynn,but you leave me no choice.,0330,neutral,4,"00:29:43,123","00:29:44,874"
Tangled,Flynn,Here comes the smoulder.,0331,others,7,"00:29:45,626","00:29:47,502"
Tangled,Flynn,This is kind of an off day for me. This doesn't normally happen.,0332,others,7,"00:29:55,052","00:29:59,055"
Tangled,Flynn,You broke my smoulder.,0336,neutral,4,"00:30:04,478","00:30:06,479"
Tangled,Flynn,Best day ever!,0359,neutral,4,"00:32:36,755","00:32:39,173"
Tangled,Flynn,"You know, I can't help but notice you seem",0360,neutral,4,"00:32:48,267","00:32:51,686"
Tangled,Flynn,What? I'm only picking up bits and pieces.,0362,neutral,4,"00:32:55,148","00:32:57,733"
Tangled,Flynn,But let me ease your conscience. This is part of growing up.,0364,others,7,"00:33:02,114","00:33:05,199"
Tangled,Flynn,You think?,0366,neutral,4,"00:33:11,415","00:33:12,498"
Tangled,Flynn,"I know. You're way overthinking this, trust me.",0367,neutral,4,"00:33:12,583","00:33:15,751"
Tangled,Flynn,Does your mother deserve it? No.,0368,neutral,4,"00:33:15,836","00:33:17,879"
Tangled,Flynn,Would this break her heart and crush her soul? Of course.,0369,neutral,4,"00:33:17,963","00:33:20,882"
Tangled,Flynn,In half. Crush her soul?,0372,neutral,4,"00:33:25,888","00:33:28,514"
Tangled,Flynn,She would be heartbroken. You're right.,0374,others,7,"00:33:30,809","00:33:33,811"
Tangled,Flynn,"I am, aren't I? Oh, bother.",0375,others,7,"00:33:33,896","00:33:37,440"
Tangled,Flynn,"Let's turn around and get you home. Here's your pan, here's your frog.",0378,neutral,4,"00:33:45,699","00:33:48,910"
Tangled,Flynn,"I get back my satchel,",0379,neutral,4,"00:33:48,994","00:33:50,244"
Tangled,Flynn,"you get back a mother-daughter relationship based on mutual trust,",0380,neutral,4,"00:33:50,329","00:33:53,664"
Tangled,Flynn,No. I am seeing those lanterns.,0382,angry,0,"00:33:57,044","00:34:00,087"
Tangled,Flynn,Is it ruffians? Thugs? Have they come for me?,0385,neutral,4,"00:34:08,597","00:34:11,766"
Tangled,Flynn,Sorry. Guess I'm just a little bit jumpy.,0387,neutral,4,"00:34:20,317","00:34:24,487"
Tangled,Flynn,"Yeah, that would probably be best.",0389,happy,3,"00:34:30,077","00:34:32,578"
Tangled,Flynn,"Garçon, your finest table, please!",0402,others,7,"00:37:12,531","00:37:14,865"
Tangled,Flynn,That's a lot of hair.,0407,neutral,4,"00:37:35,762","00:37:38,138"
Tangled,Flynn,She's growing it out. Is that blood in your moustache?,0408,happy,3,"00:37:38,223","00:37:40,558"
Tangled,Flynn,What's your dream?,0462,neutral,4,"00:41:18,735","00:41:19,985"
Tangled,Flynn,So... Flynn? Where are you from?,0508,neutral,4,"00:44:43,147","00:44:46,483"
Tangled,Flynn,"Whoa! Sorry, blondie, I don't do back-story.",0509,neutral,4,"00:44:46,567","00:44:49,027"
Tangled,Flynn,"However, I am becoming very interested in yours.",0510,neutral,4,"00:44:49,112","00:44:51,697"
Tangled,Flynn,Who's that?,0523,others,7,"00:45:47,044","00:45:48,128"
Tangled,Flynn,I waited a long time for this.,0526,happy,3,"00:46:01,434","00:46:03,518"
Tangled,Flynn,"Oh, mama! I have got to get me one of these!",0527,fear,2,"00:46:12,945","00:46:16,615"
Tangled,Flynn,You should know that this is the strangest thing I've ever done!,0528,fear,2,"00:46:24,957","00:46:29,294"
Tangled,Flynn,"Flynn, look out!",0530,others,7,"00:46:43,100","00:46:44,643"
Tangled,Flynn,"You should see your faces, because you look...",0531,others,7,"00:46:49,857","00:46:51,983"
Tangled,Flynn,"Come on, blondie! Jump!",0533,neutral,4,"00:47:01,619","00:47:04,329"
Tangled,Flynn,It's no use. I can't see anything.,0534,neutral,4,"00:48:33,294","00:48:36,338"
Tangled,Flynn,"I'm so sorry, Flynn.",0538,neutral,4,"00:49:05,785","00:49:07,869"
Tangled,Flynn,What?,0540,neutral,4,"00:49:18,297","00:49:19,422"
Tangled,Flynn,My real name is Eugene Fitzherbert.,0541,neutral,4,"00:49:20,466","00:49:22,968"
Tangled,Flynn,I have magic hair that glows when I sing.,0543,surprise,6,"00:49:29,475","00:49:32,268"
Tangled,Flynn,It doesn't just glow.,0552,fear,2,"00:50:48,345","00:50:50,638"
Tangled,Flynn,I'm not freaking out. Are you freaking out?,0581,happy,3,"00:53:33,552","00:53:35,678"
Tangled,Flynn,I'm just interested in your hair and the magical qualities it possesses.,0582,happy,3,"00:53:35,763","00:53:39,015"
Tangled,Flynn,That's why I never left and...,0590,neutral,4,"00:54:07,920","00:54:10,922"
Tangled,Flynn,"So, Eugene Fitzherbert, huh?",0595,neutral,4,"00:54:39,451","00:54:42,453"
Tangled,Flynn,"Ah, yeah. Well...",0596,neutral,4,"00:54:42,663","00:54:44,580"
Tangled,Flynn,I'll spare you the sob story of poor orphan Eugene Fitzherbert.,0597,neutral,4,"00:54:44,665","00:54:48,001"
Tangled,Flynn,It's a little bit of a downer.,0598,neutral,4,"00:54:48,085","00:54:51,379"
Tangled,Flynn,There was this book I used to read every night to all the younger kids.,0599,neutral,4,"00:54:57,636","00:55:01,639"
Tangled,Flynn,The Tales of Flynnagan Rider.,0600,neutral,4,"00:55:01,724","00:55:03,391"
Tangled,Flynn,"Swashbuckling rogue, richest man alive, not bad with the ladies either.",0601,neutral,4,"00:55:03,475","00:55:08,062"
Tangled,Flynn,"Was he a thief, too?",0603,neutral,4,"00:55:11,275","00:55:13,026"
Tangled,Flynn,"Well, no.",0604,neutral,4,"00:55:14,862","00:55:16,321"
Tangled,Flynn,He had enough money to do anything that he wanted to do.,0605,neutral,4,"00:55:16,947","00:55:19,824"
Tangled,Flynn,He could go anywhere that he wanted to go.,0606,neutral,4,"00:55:19,908","00:55:21,492"
Tangled,Flynn,"And for a kid with nothing, I don't know, I...",0607,neutral,4,"00:55:22,244","00:55:26,247"
Tangled,Flynn,Just seemed like the better option.,0608,neutral,4,"00:55:27,916","00:55:29,667"
Tangled,Flynn,"You can't tell anyone about this, okay?",0609,neutral,4,"00:55:30,836","00:55:33,296"
Tangled,Flynn,We wouldn't want that.,0611,neutral,4,"00:55:37,051","00:55:38,509"
Tangled,Flynn,A fake reputation is all a man has.,0612,neutral,4,"00:55:38,594","00:55:41,179"
Tangled,Flynn,"Well, I should...",0613,neutral,4,"00:55:49,229","00:55:50,980"
Tangled,Flynn,"For the record, I like Eugene Fitzherbert much better than Flynn Rider.",0615,happy,3,"00:55:57,196","00:56:02,867"
Tangled,Flynn,Because I'm not going to lie. That would be stupendous.,0656,neutral,4,"00:58:39,608","00:58:43,069"
Tangled,Flynn,"Sorry, yes. Just lost in thought, I guess.",0658,neutral,4,"00:58:46,990","00:58:51,827"
Tangled,Flynn,"Here's the thing,",0659,neutral,4,"00:58:54,456","00:58:55,623"
Tangled,Flynn,All good things to those who wait.,0663,neutral,4,"00:59:10,180","00:59:14,350"
Tangled,Flynn,Do they?,0680,others,7,"01:00:37,517","01:00:38,684"
Tangled,Flynn,Maximus?,0684,neutral,4,"01:00:46,652","01:00:48,152"
Tangled,Flynn,To the boats!,0694,neutral,4,"01:04:09,020","01:04:10,563"
Tangled,Flynn,"Hey, Max!",0695,neutral,4,"01:04:21,825","01:04:22,867"
Tangled,Flynn,What? I bought them.,0696,neutral,4,"01:04:26,246","01:04:29,123"
Tangled,Flynn,Where are we going?,0698,neutral,4,"01:04:35,171","01:04:36,755"
Tangled,Flynn,Best day of your life? I figured you should have a decent seat.,0699,neutral,4,"01:04:36,840","01:04:40,718"
Tangled,Flynn,I'm terrified.,0701,neutral,4,"01:05:01,448","01:05:03,073"
Tangled,Flynn,What if it's not everything that I dreamed it would be?,0705,neutral,4,"01:05:16,713","01:05:20,215"
Tangled,Flynn,And what if it is? What do I do then?,0707,neutral,4,"01:05:25,597","01:05:30,225"
Tangled,Flynn,"And the thing is, I'm not scared any more. You know what I mean?",0727,neutral,4,"01:08:42,127","01:08:46,713"
Tangled,Flynn,Is everything okay?,0747,others,7,"01:10:43,039","01:10:45,749"
Tangled,Flynn,I'm sorry. Everything is fine.,0750,neutral,4,"01:10:58,429","01:11:00,764"
Tangled,Flynn,Okay.,0752,neutral,4,"01:11:06,271","01:11:07,354"
Tangled,Flynn,"The sideburns are coming in nice, huh? Got to be excited about that.",0757,neutral,4,"01:11:30,962","01:11:35,215"
Tangled,Flynn,"Anyhow, I just wanted to say I shouldn't have split.",0758,neutral,4,"01:11:38,928","01:11:41,680"
Tangled,Flynn,"Let's get this over with, Rider.",0786,neutral,4,"01:15:01,380","01:15:03,507"
Tangled,Flynn,it destroys it.,0793,angry,0,"01:15:43,631","01:15:45,382"
Tangled,Flynn,It wasn't us! It was the old lady!,0795,others,7,"01:17:30,363","01:17:33,198"
Tangled,Flynn,Three.,0829,happy,3,"01:19:54,757","01:19:55,799"
Tangled,Flynn,Why do I need to keep my knees apart...,0834,surprise,6,"01:20:38,509","01:20:40,343"
Tangled,Flynn,Max! You brought them here?,0835,neutral,4,"01:20:48,519","01:20:51,729"
Tangled,Flynn,Thank you.,0836,others,7,"01:20:53,941","01:20:54,983"
Tangled,Flynn,"No, really. Thank you.",0837,neutral,4,"01:20:56,402","01:20:59,028"
Tangled,Flynn,"I feel maybe this whole time,",0838,neutral,4,"01:21:00,948","01:21:02,282"
Tangled,Flynn,and we're really just...,0840,neutral,4,"01:21:04,368","01:21:06,077"
Tangled,Flynn,"Okay, Max. Let's see how fast you can run.",0843,neutral,4,"01:21:30,185","01:21:33,354"
Tangled,Flynn,Rapunzel?,0844,neutral,4,"01:21:52,666","01:21:53,833"
Tangled,Flynn,"Rapunzel, let down your hair!",0845,happy,3,"01:21:55,836","01:21:57,420"
Tangled,Flynn,"I'm so sorry. Everything is going to be okay, though.",0866,others,7,"01:23:56,331","01:23:58,750"
Tangled,Flynn,I promise. You have to trust me. Come on. Just breathe.,0868,others,7,"01:23:59,918","01:24:03,296"
Tangled,Flynn,And I can't let you die.,0870,others,7,"01:24:05,716","01:24:07,842"
Tangled,Flynn,What?,0881,neutral,4,"01:25:44,565","01:25:45,648"
Tangled,Flynn,What once was mine,0888,neutral,4,"01:26:44,208","01:26:46,167"
Tangled,Flynn,Eugene?,0890,neutral,4,"01:27:46,103","01:27:47,478"
Tangled,Gainey,I found the guards!,0482,angry,0,"00:42:31,641","00:42:32,975"
Tangled,Gainey,Where's Rider? Where is he?,0483,others,7,"00:42:35,728","00:42:37,729"
Tangled,Gainey,"Sir, there's no sign of Rider.",0492,angry,0,"00:43:18,187","00:43:20,439"
Tangled,Gainey,What's he doing?,0494,others,7,"00:43:33,453","00:43:35,287"
Tangled,Gainey,Here.,0525,others,7,"00:45:51,257","00:45:52,424"
Tangled,Gainey,"No! Wait, guys!",0785,others,7,"01:14:34,812","01:14:37,564"
Tangled,Gainey,"Fine, now I'm the bad guy.",0821,angry,0,"01:19:18,763","01:19:22,599"
Tangled,Gainey,What's this?,0822,angry,0,"01:19:36,781","01:19:38,364"
Tangled,Gainey,Not even close!,0826,angry,0,"01:19:45,790","01:19:47,624"
Tangled,Gainey,Two...,0828,angry,0,"01:19:51,462","01:19:52,837"
Tangled,Gothel,"Hi. Welcome home, Mother.",0110,neutral,4,"00:10:18,627","00:10:21,212"
Tangled,Gothel,"Rapunzel, how you manage to do that",0111,neutral,4,"00:10:21,296","00:10:24,548"
Tangled,Gothel,every single day without fail.,0112,neutral,4,"00:10:24,633","00:10:27,801"
Tangled,Gothel,"Oh, it's nothing.",0114,neutral,4,"00:10:30,388","00:10:32,765"
Tangled,Gothel,Then I don't know why it takes so long.,0115,happy,3,"00:10:32,849","00:10:35,142"
Tangled,Gothel,"Rapunzel, look in that mirror.",0119,neutral,4,"00:10:44,653","00:10:46,237"
Tangled,Gothel,You know what I see?,0120,neutral,4,"00:10:46,321","00:10:47,780"
Tangled,Gothel,"I see a strong, confident, beautiful young lady.",0121,happy,3,"00:10:47,864","00:10:51,951"
Tangled,Gothel,"Oh, look, you're here, too.",0122,neutral,4,"00:10:53,078","00:10:55,246"
Tangled,Gothel,"Rapunzel, Mother's feeling a little run-down.",0125,neutral,4,"00:11:02,337","00:11:04,797"
Tangled,Gothel,"Ta-da! No, no, no. Can't be.",0135,neutral,4,"00:11:33,451","00:11:36,370"
Tangled,Gothel,Actually what I wanted for quite a few birthdays now...,0140,neutral,4,"00:11:52,846","00:11:55,180"
Tangled,Gothel,"Rapunzel, please, stop with the mumbling.",0141,neutral,4,"00:11:55,265","00:11:57,433"
Tangled,Gothel,You know how I feel about the mumbling. Blah-blah-blah-blah.,0142,disgust,1,"00:11:57,517","00:12:00,144"
Tangled,Gothel,It's very annoying! I'm just teasing. You're adorable.,0143,neutral,4,"00:12:00,228","00:12:02,896"
Tangled,Gothel,I want to see the floating lights.,0145,neutral,4,"00:12:10,655","00:12:12,323"
Tangled,Gothel,I was hoping you would take me to see the floating lights.,0147,neutral,4,"00:12:16,202","00:12:19,997"
Tangled,Gothel,I have to know what they are.,0156,others,7,"00:12:46,775","00:12:49,360"
Tangled,Gothel,"Look at you, as fragile as a flower",0158,neutral,4,"00:12:54,157","00:12:57,076"
Tangled,Gothel,"I know, but... That's right.",0161,neutral,4,"00:13:04,626","00:13:06,210"
Tangled,Gothel,Guess I always knew this day was coming,0163,neutral,4,"00:13:10,256","00:13:12,966"
Tangled,Gothel,"Shh! Trust me, pet",0166,neutral,4,"00:13:18,807","00:13:21,141"
Tangled,Gothel,Rapunzel? Yes?,0192,others,7,"00:14:47,896","00:14:50,522"
Tangled,Gothel,"Yes, Mother.",0194,neutral,4,"00:14:57,781","00:14:59,072"
Tangled,Gothel,I love you more.,0196,neutral,4,"00:15:04,037","00:15:05,621"
Tangled,Gothel,I love you most.,0197,neutral,4,"00:15:05,914","00:15:08,081"
Tangled,Gothel,Don't forget it,0198,neutral,4,"00:15:09,250","00:15:11,376"
Tangled,Gothel,You'll regret it,0199,neutral,4,"00:15:11,461","00:15:15,130"
Tangled,Gothel,"I do, too!",0233,happy,3,"00:22:20,348","00:22:22,641"
Tangled,Gothel,I seriously doubt it.,0235,happy,3,"00:22:25,353","00:22:27,729"
Tangled,Gothel,I brought back parsnips. I'm going to make hazelnut soup for dinner.,0236,happy,3,"00:22:29,065","00:22:32,484"
Tangled,Gothel,"Well, Mother, there's something I want to tell you.",0238,neutral,4,"00:22:35,029","00:22:37,447"
Tangled,Gothel,"Oh, Rapunzel, you know I hate leaving you after a fight.",0239,neutral,4,"00:22:37,531","00:22:40,367"
Tangled,Gothel,I've been thinking a lot about what you said earlier.,0241,neutral,4,"00:22:42,995","00:22:45,330"
Tangled,Gothel,you think I'm not strong enough to handle myself out there.,0246,neutral,4,"00:22:55,299","00:22:57,801"
Tangled,Gothel,"Oh, come on! Enough with the lights!",0250,angry,0,"00:23:07,186","00:23:09,729"
Tangled,Gothel,You are not leaving this tower! Ever!,0251,sad,5,"00:23:09,814","00:23:14,234"
Tangled,Gothel,The paint made from the white shells you once brought me.,0257,neutral,4,"00:23:47,518","00:23:50,854"
Tangled,Gothel,I just thought it was a better idea than the stars.,0259,neutral,4,"00:23:56,360","00:24:01,448"
Tangled,Gothel,Don't you worry. You'll know it when you smell it.,0392,neutral,4,"00:34:39,086","00:34:49,887"
Tangled,Gothel,A palace horse.,0393,fear,2,"00:35:19,960","00:35:21,669"
Tangled,Gothel,Where's your rider?,0394,fear,2,"00:35:22,879","00:35:24,630"
Tangled,Gothel,Because I just found me a tall drink of water.,0501,neutral,4,"00:44:16,412","00:44:20,165"
Tangled,Gothel,Or...,0556,neutral,4,"00:51:28,844","00:51:30,261"
Tangled,Gothel,Perhaps you want to stop acting like wild dogs,0557,neutral,4,"00:51:32,056","00:51:34,974"
Tangled,Gothel,chasing their tails and think for a moment.,0558,neutral,4,"00:51:35,059","00:51:38,436"
Tangled,Gothel,"Oh, please, there's no need for that.",0559,others,7,"00:51:40,648","00:51:43,066"
Tangled,Gothel,"Well, if that's all you desire, then be on your way.",0560,neutral,4,"00:51:48,572","00:51:52,200"
Tangled,Gothel,"I was going to offer you something worth 1,000 crowns.",0561,neutral,4,"00:51:52,284","00:51:55,286"
Tangled,Gothel,"Would have made you rich beyond belief,",0562,others,7,"00:51:55,371","00:51:56,996"
Tangled,Gothel,and that wasn't even the best part.,0563,others,7,"00:51:57,081","00:51:58,873"
Tangled,Gothel,What's the best part?,0565,neutral,4,"00:52:04,463","00:52:06,131"
Tangled,Gothel,Mother?,0618,neutral,4,"00:56:22,388","00:56:23,763"
Tangled,Gothel,How did you find me?,0620,neutral,4,"00:56:28,477","00:56:29,769"
Tangled,Gothel,"It was easy, really.",0621,others,7,"00:56:30,062","00:56:31,938"
Tangled,Gothel,I think he likes me.,0628,neutral,4,"00:56:57,464","00:56:58,965"
Tangled,Gothel,This is why you never should have left,0630,neutral,4,"00:57:02,553","00:57:05,138"
Tangled,Gothel,"Dear, this whole romance that you've invented",0631,neutral,4,"00:57:06,014","00:57:09,183"
Tangled,Gothel,Just proves you're too naive to be here,0632,neutral,4,"00:57:09,268","00:57:13,813"
Tangled,Gothel,"Why would he like you? Come on now, really",0633,neutral,4,"00:57:14,356","00:57:17,233"
Tangled,Gothel,Look at you! You think that he's impressed?,0634,neutral,4,"00:57:17,860","00:57:20,945"
Tangled,Gothel,"Don't be a dummy, come with Mummy",0635,neutral,4,"00:57:21,488","00:57:25,241"
Tangled,Gothel,No!,0637,neutral,4,"00:57:27,453","00:57:28,786"
Tangled,Gothel,No?,0638,others,7,"00:57:29,621","00:57:30,997"
Tangled,Gothel,"Oh, I see how it is",0639,neutral,4,"00:57:31,957","00:57:35,626"
Tangled,Gothel,Rapunzel knows best Rapunzel's so mature now,0640,neutral,4,"00:57:37,963","00:57:41,716"
Tangled,Gothel,Such a clever grown-up miss,0641,neutral,4,"00:57:41,800","00:57:44,802"
Tangled,Gothel,"Go ahead, then give him this! How did you...",0643,angry,0,"00:57:48,974","00:57:52,351"
Tangled,Gothel,I will!,0646,angry,0,"00:57:58,317","00:57:59,275"
Tangled,Gothel,"Trust me, my dear That's how fast he'll leave you",0647,angry,0,"00:57:59,359","00:58:02,612"
Tangled,Gothel,"No, Rapunzel knows best So, if he's such a dreamboat",0649,angry,0,"00:58:06,450","00:58:10,828"
Tangled,Gothel,But superhuman strength. Can you imagine the possibilities of this?,0661,angry,0,"00:58:59,086","00:59:03,297"
Tangled,Gothel,"Patience, boys.",0662,angry,0,"00:59:07,553","00:59:09,554"
Tangled,Gothel,Mother?,0774,surprise,6,"01:13:09,060","01:13:10,477"
Tangled,Gothel,Mother.,0776,others,7,"01:13:18,736","01:13:19,986"
Tangled,Gothel,"How did you... I was so worried about you, dear.",0778,others,7,"01:13:22,990","01:13:26,535"
Tangled,Gothel,So I followed you. And I saw them attack you and...,0779,fear,2,"01:13:26,619","01:13:30,163"
Tangled,Gothel,"You were right, Mother. You were right about everything.",0781,neutral,4,"01:14:03,114","01:14:07,075"
Tangled,Gothel,There. It never happened.,0788,neutral,4,"01:15:14,769","01:15:17,521"
Tangled,Gothel,"Now, wash up for dinner. I'm making hazelnut soup.",0789,others,7,"01:15:19,774","01:15:24,694"
Tangled,Gothel,"I really did try, Rapunzel. I tried to warn you what was out there.",0790,neutral,4,"01:15:29,325","01:15:34,496"
Tangled,Gothel,The world is dark and selfish and cruel.,0791,neutral,4,"01:15:35,164","01:15:39,626"
Tangled,Gothel,"If it finds even the slightest ray of sunshine,",0792,neutral,4,"01:15:39,710","01:15:42,712"
Tangled,Gothel,You don't understand! She's in trouble! Wait!,0798,others,7,"01:17:38,245","01:17:41,164"
Tangled,Gothel,I'm the lost princess.,0801,angry,0,"01:17:53,344","01:17:54,886"
Tangled,Gothel,Or should I even call you that?,0805,neutral,4,"01:18:09,026","01:18:11,528"
Tangled,Gothel,"Rapunzel, do you even hear yourself?",0806,neutral,4,"01:18:12,780","01:18:15,615"
Tangled,Gothel,It was you! It was all you!,0808,angry,0,"01:18:18,494","01:18:21,955"
Tangled,Gothel,"No. Now, now, it's all right.",0815,neutral,4,"01:18:48,899","01:18:51,317"
Tangled,Gothel,And I will never let you use my hair again!,0819,angry,0,"01:19:03,038","01:19:07,083"
Tangled,Gothel,You want me to be the bad guy?,0820,angry,0,"01:19:16,218","01:19:18,678"
Tangled,Gothel,"Rapunzel, I thought I'd never see you again.",0846,angry,0,"01:22:13,145","01:22:16,105"
Tangled,Gothel,Eugene...,0874,fear,2,"01:24:33,202","01:24:34,452"
Bossbaby,Tim,He wants his mommy. Ugh!,0132,angry,0,"00:10:29,112","00:10:30,571"
Bossbaby,Tim,"Okay, we need to talk!",0133,neutral,4,"00:10:30,739","00:10:32,531"
Bossbaby,Tim,"Sure. About what, bud?",0136,neutral,4,"00:10:35,869","00:10:37,244"
Bossbaby,Tim,Seriously? I'm the only one who thinks,0143,angry,0,"00:10:49,924","00:10:52,301"
Bossbaby,Tim,Does no else think that's...,0150,angry,0,"00:11:14,741","00:11:16,492"
Bossbaby,Tim,Just like we do.,0161,others,7,"00:11:40,934","00:11:41,934"
Bossbaby,Tim,Never. Ooh!,0163,neutral,4,"00:11:48,608","00:11:50,943"
Bossbaby,Tim,Hello!,0164,others,7,"00:12:08,336","00:12:09,169"
Bossbaby,Tim,"It's time for my three stories, five hugs, and special song!",0165,others,7,"00:12:09,337","00:12:12,965"
Bossbaby,Tim,How about one story...,0166,others,7,"00:12:19,180","00:12:21,181"
Bossbaby,Tim,"Three hugs, and my special song?",0167,others,7,"00:12:21,349","00:12:24,476"
Bossbaby,Tim,Just my special song?,0168,neutral,4,"00:12:28,982","00:12:31,233"
Bossbaby,Tim,Dad?,0170,sad,5,"00:12:34,320","00:12:35,487"
Bossbaby,Tim,Don't cry! Don't cry.,0174,neutral,4,"00:12:45,165","00:12:46,999"
Bossbaby,Tim,"Well, trust me, ma'am. You got the right baby for this job.",0190,others,7,"00:13:42,305","00:13:45,140"
Bossbaby,Tim,I've gotta deal with the k-i-d.,0193,surprise,6,"00:13:51,481","00:13:52,981"
Bossbaby,Tim,Get yourself a little something.,0202,others,7,"00:14:10,166","00:14:11,750"
Bossbaby,Tim,I don't have that kind of spare time.,0212,others,7,"00:14:32,272","00:14:33,939"
Bossbaby,Tim,I was here first.,0222,angry,0,"00:14:46,286","00:14:47,286"
Bossbaby,Tim,With your track record?,0225,others,7,"00:14:52,208","00:14:53,709"
Bossbaby,Tim,"Power nap! Uh, you were saying?",0235,others,7,"00:15:19,527","00:15:21,528"
Bossbaby,Tim,Mom and dad don't even know you.,0247,angry,0,"00:15:39,672","00:15:41,256"
Bossbaby,Tim,Or there's gonna be cutbacks.,0268,others,7,"00:16:34,477","00:16:36,186"
Bossbaby,Tim,He shall not pass!,0280,sad,5,"00:17:33,911","00:17:36,246"
Bossbaby,Tim,"It's no use, wizzie.",0281,sad,5,"00:17:36,414","00:17:37,789"
Bossbaby,Tim,He's got mom and dad completely fooled.,0282,sad,5,"00:17:37,957","00:17:39,791"
Bossbaby,Tim,"Oh, yeah! nice one, bb!",0396,others,7,"00:22:22,783","00:22:23,742"
Bossbaby,Tim,Hand over the tape.,0414,disgust,1,"00:23:04,200","00:23:05,492"
Bossbaby,Tim,I got him! I got him!,0443,others,7,"00:24:58,731","00:24:59,731"
Bossbaby,Tim,Ah!,0449,happy,3,"00:25:24,965","00:25:27,091"
Bossbaby,Tim,Nothing can stop me!,0451,happy,3,"00:25:32,806","00:25:36,809"
Bossbaby,Tim,How's that gonna look in a job interview?,0467,angry,0,"00:26:10,970","00:26:12,845"
Bossbaby,Tim,"No, Templeton. You wouldn't.",0479,angry,0,"00:26:34,994","00:26:37,328"
Bossbaby,Tim,What are you doing?,0481,surprise,6,"00:26:39,748","00:26:40,498"
Bossbaby,Tim,"Yes, explain yourself.",0485,others,7,"00:26:48,841","00:26:49,924"
Bossbaby,Tim,It's true! He can talk.,0488,others,7,"00:26:53,178","00:26:54,929"
Bossbaby,Tim,"Thanks, wizzie.",0517,sad,5,"00:28:17,513","00:28:19,222"
Bossbaby,Tim,Stop it!,0524,angry,0,"00:28:51,964","00:28:52,797"
Bossbaby,Tim,"That's my song, not yours.",0525,angry,0,"00:28:52,965","00:28:54,549"
Bossbaby,Tim,Really? Your parents are Lennon and McCartney?,0527,neutral,4,"00:28:56,677","00:28:58,970"
Bossbaby,Tim,"No, Ted and Janice.",0528,angry,0,"00:28:59,138","00:29:01,347"
Bossbaby,Tim,You don't even know their names!,0529,angry,0,"00:29:01,515","00:29:02,807"
Bossbaby,Tim,Take it.,0538,disgust,1,"00:29:50,189","00:29:50,938"
Bossbaby,Tim,I can't! You're in my house.,0541,sad,5,"00:29:55,360","00:29:57,195"
Bossbaby,Tim,Take this. It'll explain everything.,0554,surprise,6,"00:30:22,054","00:30:24,222"
Bossbaby,Tim,Mommy!,0569,surprise,6,"00:31:09,017","00:31:09,851"
Bossbaby,Tim,Welcome to baby corp!,0571,surprise,6,"00:31:25,117","00:31:27,451"
Bossbaby,Tim,Yep.,0577,others,7,"00:31:43,886","00:31:44,719"
Bossbaby,Tim,Magic fairies?,0585,neutral,4,"00:31:57,024","00:31:57,982"
Bossbaby,Tim,"Ugh, no. That's disgusting.",0588,neutral,4,"00:32:02,696","00:32:04,739"
Bossbaby,Tim,"Yeah, it didn't sound right to me, either.",0589,happy,3,"00:32:04,907","00:32:07,158"
Bossbaby,Tim,You forget all about baby corp.,0598,neutral,4,"00:32:23,926","00:32:25,843"
Bossbaby,Tim,Your father is a hippie.,0611,neutral,4,"00:32:52,537","00:32:53,788"
Bossbaby,Tim,That is my boss. Big boss baby.,0619,surprise,6,"00:33:10,222","00:33:12,765"
Bossbaby,Tim,It represents all the love there is in the world.,0623,happy,3,"00:33:19,106","00:33:21,565"
Bossbaby,Tim,There might not be enough pie left for babies.,0634,surprise,6,"00:33:39,251","00:33:41,794"
Bossbaby,Tim,...is to find out what this new puppy is.,0638,neutral,4,"00:33:55,434","00:33:57,268"
Bossbaby,Tim,And him.,0644,others,7,"00:34:10,365","00:34:11,365"
Bossbaby,Tim,in the history of the company.,0649,others,7,"00:34:22,627","00:34:24,128"
Bossbaby,Tim,What would super colossal big fat boss baby do?,0655,others,7,"00:34:34,723","00:34:37,308"
Bossbaby,Tim,"Hey, relax.",0688,neutral,4,"00:35:52,425","00:35:53,384"
Bossbaby,Tim,"I know, but we have to fix this.",0717,angry,0,"00:36:55,238","00:36:57,072"
Bossbaby,Tim,We.,0720,neutral,4,"00:37:01,620","00:37:02,286"
Bossbaby,Tim,Here's to never seeing you again.,0725,neutral,4,"00:37:10,420","00:37:12,004"
Bossbaby,Tim,There's nothing here about a new puppy.,0731,others,7,"00:37:24,142","00:37:26,310"
Bossbaby,Tim,Boom! Boom!,0740,others,7,"00:37:40,992","00:37:42,159"
Bossbaby,Tim,That's your plan? You're gonna write a book report?,0743,sad,5,"00:37:48,166","00:37:50,668"
Bossbaby,Tim,Wow! When you explain it like that...,0751,happy,3,"00:38:08,395","00:38:11,313"
Bossbaby,Tim,What? What is it?,0756,happy,3,"00:38:18,738","00:38:20,072"
Bossbaby,Tim,Ugh! People take children to a place of business? Why?,0758,happy,3,"00:38:23,326","00:38:27,371"
Bossbaby,Tim,Don't you see? We can get inside puppy co...,0761,happy,3,"00:38:31,209","00:38:33,377"
Bossbaby,Tim,"It's the right word, but still.",0768,neutral,4,"00:38:47,559","00:38:49,018"
Bossbaby,Tim,No way. No. You don't mean...,0780,neutral,4,"00:39:09,289","00:39:11,707"
Bossbaby,Tim,I just threw up a noodle and swallowed it.,0782,neutral,4,"00:39:15,962","00:39:18,172"
Bossbaby,Tim,What's going on in here?,0787,happy,3,"00:39:26,598","00:39:27,890"
Bossbaby,Tim,Um...,0789,neutral,4,"00:39:30,435","00:39:31,435"
Bossbaby,Tim,"Hey, what's all the racket?",0803,neutral,4,"00:40:05,178","00:40:06,261"
Bossbaby,Tim,The story is about cannibalism and burning people alive.,0821,neutral,4,"00:40:52,225","00:40:55,352"
Bossbaby,Tim,No wonder kids are so messed up!,0823,neutral,4,"00:40:56,438","00:40:58,522"
Bossbaby,Tim,But those things always get weird.,0830,surprise,6,"00:41:10,368","00:41:11,410"
Bossbaby,Tim,What? You've never been tickled?,0831,neutral,4,"00:41:11,578","00:41:13,537"
Bossbaby,Tim,"Oh, I'm sorry. I forgot.",0833,sad,5,"00:41:16,541","00:41:18,876"
Bossbaby,Tim,But I was born all grown up.,0836,sad,5,"00:41:24,966","00:41:26,925"
Bossbaby,Tim,I can't even imagine not being a kid.,0837,sad,5,"00:41:28,386","00:41:30,804"
Bossbaby,Tim,You missed out on your whole childhood?,0838,surprise,6,"00:41:30,972","00:41:33,223"
Bossbaby,Tim,"No, you're late for work.",0845,surprise,6,"00:42:16,184","00:42:17,935"
Bossbaby,Tim,You're officially un-grounded.,0848,surprise,6,"00:42:21,356","00:42:23,106"
Bossbaby,Tim,Really? really.,0849,surprise,6,"00:42:23,274","00:42:24,608"
Bossbaby,Tim,While we have a little Tim time.,0870,surprise,6,"00:43:53,698","00:43:55,532"
Bossbaby,Tim,"So, what do you say?",0874,happy,3,"00:44:00,622","00:44:02,205"
Bossbaby,Tim,Yeah! Yoo-hoo!,0885,happy,3,"00:44:43,998","00:44:45,415"
Bossbaby,Tim,We'll never get through that door.,0888,neutral,4,"00:44:50,963","00:44:52,339"
Bossbaby,Tim,Kids. Psst!,0899,neutral,4,"00:45:19,784","00:45:21,493"
Bossbaby,Tim,Get down.,0900,neutral,4,"00:45:21,619","00:45:22,953"
Bossbaby,Tim,Hmm.,0908,neutral,4,"00:46:02,034","00:46:03,660"
Bossbaby,Tim,No. I've seen this before somewhere.,0928,fear,2,"00:46:59,467","00:47:02,302"
Bossbaby,Tim,"Thanks for dropping in, kids.",0953,disgust,1,"00:48:36,355","00:48:38,189"
Bossbaby,Tim,"None, in fact.",0957,fear,2,"00:48:44,822","00:48:45,989"
Bossbaby,Tim,Except older and wrinklier.,0967,disgust,1,"00:49:12,516","00:49:15,352"
Bossbaby,Tim,"It hurts, doesn't it?",1003,sad,5,"00:50:40,938","00:50:42,772"
Bossbaby,Tim,No.,1054,sad,5,"00:52:56,949","00:52:57,740"
Bossbaby,Tim,We have to get to the airport and stop Francis Francis...,1067,neutral,4,"00:53:38,365","00:53:40,742"
Bossbaby,Tim,"I'm going to turn into a puking, pooping, helpless baby!",1084,happy,3,"00:54:24,453","00:54:28,915"
Bossbaby,Tim,I've been through a lot of babysitters...,1087,others,7,"00:54:33,504","00:54:35,546"
Bossbaby,Tim,Ha-ha!,1128,happy,3,"00:56:51,600","00:56:52,600"
Bossbaby,Tim,"Tim, you've gotta go faster!",1143,fear,2,"00:58:09,553","00:58:11,137"
Bossbaby,Tim,Uh-oh!,1151,fear,2,"00:58:26,528","00:58:27,612"
Bossbaby,Tim,What? Aim away from failure!,1165,happy,3,"00:58:57,184","00:58:58,601"
Bossbaby,Tim,Look!,1169,surprise,6,"00:59:07,194","00:59:08,152"
Bossbaby,Tim,You did it!,1178,happy,3,"00:59:37,641","00:59:38,683"
Bossbaby,Tim,"Oh, no!",1193,surprise,6,"01:00:21,810","01:00:22,643"
Bossbaby,Tim,"No, no, no.",1209,sad,5,"01:00:54,176","01:00:56,135"
Bossbaby,Tim,I would've gotten to my parents,1212,angry,0,"01:01:06,146","01:01:07,521"
Bossbaby,Tim,I care! Baby corp is going to go out of business.,1218,angry,0,"01:01:18,367","01:01:20,993"
Bossbaby,Tim,Ugh! That's all you ever talk about.,1219,angry,0,"01:01:21,161","01:01:22,995"
Bossbaby,Tim,"You don't know anything about hugs,",1222,angry,0,"01:01:27,834","01:01:30,002"
Bossbaby,Tim,I wish you'd never been born!,1230,angry,0,"01:01:43,600","01:01:45,059"
Bossbaby,Tim,Where are you going?,1231,sad,5,"01:01:56,196","01:01:57,530"
Bossbaby,Tim,Leslie.,1237,neutral,4,"01:02:39,322","01:02:41,073"
Bossbaby,Tim,"Tim, I wasn't born. I was hired.",1240,others,7,"01:02:47,956","01:02:51,542"
Bossbaby,Tim,I need you.,1251,happy,3,"01:03:15,692","01:03:17,109"
Bossbaby,Tim,I guess we do make a pretty good team.,1252,happy,3,"01:03:17,277","01:03:18,903"
Bossbaby,Tim,We're gonna save your parents.,1257,neutral,4,"01:03:27,120","01:03:28,788"
Bossbaby,Tim,And your company.,1258,others,7,"01:03:29,623","01:03:31,207"
Bossbaby,Tim,Follow that Elvis!,1262,surprise,6,"01:03:46,348","01:03:47,598"
Bossbaby,Tim,"This, Templeton, is first class.",1288,happy,3,"01:04:48,743","01:04:51,996"
Bossbaby,Tim,"What's the matter, Templeton?",1295,sad,5,"01:05:07,012","01:05:08,512"
Bossbaby,Tim,"Oh, uh, we're captain Ross's kids.",1301,happy,3,"01:05:38,960","01:05:41,503"
Bossbaby,Tim,"Oh, please. If only it were that easy.",1308,others,7,"01:05:57,020","01:05:59,104"
Bossbaby,Tim,What's your plan?,1309,others,7,"01:05:59,272","01:06:00,522"
Bossbaby,Tim,I don't know.,1320,happy,3,"01:06:22,337","01:06:23,170"
Bossbaby,Tim,We've gotta get to the convention center.,1362,happy,3,"01:08:08,860","01:08:10,569"
Bossbaby,Tim,Can we get a ride home?,1367,sad,5,"01:08:23,500","01:08:24,792"
Bossbaby,Tim,Let our parents go! His parents. The parents.,1447,angry,0,"01:12:00,008","01:12:02,592"
Bossbaby,Tim,He doesn't work for me.,1453,angry,0,"01:12:10,935","01:12:11,977"
Bossbaby,Tim,"Take that, you scurvy scallywag!",1474,others,7,"01:13:03,905","01:13:05,614"
Bossbaby,Tim,I need upsies.,1495,others,7,"01:13:43,945","01:13:45,153"
Bossbaby,Tim,It'll be fine.,1499,others,7,"01:13:50,201","01:13:51,535"
Bossbaby,Tim,Ah! What happened? Did we win?,1522,happy,3,"01:15:34,263","01:15:36,223"
Bossbaby,Tim,You ruined everything!,1527,disgust,1,"01:15:47,401","01:15:48,527"
Bossbaby,Tim,Oh! We love you both so much.,1547,angry,0,"01:16:40,204","01:16:43,123"
Bossbaby,Tim,So...,1580,angry,0,"01:18:09,043","01:18:10,043"
Bossbaby,Tim,No. We did it.,1582,neutral,4,"01:18:12,588","01:18:14,756"
Bossbaby,Tim,"By the way, congratulations on your promotion.",1583,neutral,4,"01:18:15,424","01:18:18,677"
Bossbaby,Tim,"The corner office, the private potty.",1584,neutral,4,"01:18:18,844","01:18:21,596"
Bossbaby,Tim,You have your parents all to yourself.,1587,others,7,"01:18:24,517","01:18:26,601"
Bossbaby,Tim,She's as good as new. She's a tough one.,1595,neutral,4,"01:18:48,958","01:18:51,292"
Bossbaby,Tim,"Wake up, little halflings! It's 7:00 a. M.",1642,sad,5,"01:25:26,563","01:25:29,607"
Bossbaby,Tim,"There is no spring, only darkness and winter!",1651,sad,5,"01:25:54,716","01:25:58,261"
Bossbaby,Tim,"I'm not confused at all, wizzie.",1652,sad,5,"01:25:58,428","01:26:00,721"
Bossbaby,Tim,It's your new baby...,1656,surprise,6,"01:26:18,365","01:26:19,949"
Bossbaby,BossBaby,"Hands up, devil baby!",0191,surprise,6,"00:13:45,308","00:13:46,725"
Bossbaby,BossBaby,Fart! Poop! Doodie!,0192,others,7,"00:13:46,893","00:13:47,893"
Bossbaby,BossBaby,You can talk!,0194,fear,2,"00:13:53,149","00:13:54,107"
Bossbaby,BossBaby,"No, you can really talk. I heard you!",0196,others,7,"00:13:56,736","00:13:58,987"
Bossbaby,BossBaby,Fine. I can talk.,0197,happy,3,"00:13:59,989","00:14:02,074"
Bossbaby,BossBaby,"Now, let's see if you can listen.",0198,others,7,"00:14:02,242","00:14:03,408"
Bossbaby,BossBaby,Get me a double Espresso...,0199,others,7,"00:14:03,576","00:14:04,660"
Bossbaby,BossBaby,And see if there's someplace around here with decent Sushi.,0200,others,7,"00:14:04,828","00:14:06,745"
Bossbaby,BossBaby,I'd kill for a spicy tuna roll right about now.,0201,others,7,"00:14:06,913","00:14:09,998"
Bossbaby,BossBaby,The boss? You're a baby! You wear a diaper.,0205,others,7,"00:14:17,340","00:14:20,592"
Bossbaby,BossBaby,You know who else wears diapers?,0206,others,7,"00:14:20,760","00:14:22,344"
Bossbaby,BossBaby,"It's called efficiency, Templeton.",0208,others,7,"00:14:25,098","00:14:26,473"
Bossbaby,BossBaby,"The average toddler spends, what?",0209,others,7,"00:14:26,641","00:14:28,350"
Bossbaby,BossBaby,45 hours a year on the potty?,0210,others,7,"00:14:28,434","00:14:30,435"
Bossbaby,BossBaby,I'm the boss.,0211,others,7,"00:14:30,603","00:14:32,145"
Bossbaby,BossBaby,"Well, you're not the boss of me.",0213,others,7,"00:14:34,107","00:14:35,649"
Bossbaby,BossBaby,"Oh, yeah? You think they'd pick you over me?",0224,others,7,"00:14:49,706","00:14:52,040"
Bossbaby,BossBaby,You don't know anything about me.,0226,others,7,"00:14:53,877","00:14:55,460"
Bossbaby,BossBaby,Can't ride a bike without training wheels?,0231,others,7,"00:15:08,016","00:15:10,142"
Bossbaby,BossBaby,Seven and a half.,0234,others,7,"00:15:16,399","00:15:17,608"
Bossbaby,BossBaby,I'm seven and a half.,0236,others,7,"00:15:21,696","00:15:23,155"
Bossbaby,BossBaby,Exactly! You're old.,0237,others,7,"00:15:23,323","00:15:24,823"
Bossbaby,BossBaby,It's time to make way for the next generation.,0238,others,7,"00:15:24,991","00:15:27,910"
Bossbaby,BossBaby,It's the way of the world.,0239,others,7,"00:15:28,077","00:15:29,328"
Bossbaby,BossBaby,Lam-lam?,0241,others,7,"00:15:31,915","00:15:32,831"
Bossbaby,BossBaby,I've got fresh batteries.,0245,surprise,6,"00:15:37,003","00:15:38,337"
Bossbaby,BossBaby,"Oh, yeah? Do the math, kid.",0249,sad,5,"00:15:42,884","00:15:44,343"
Bossbaby,BossBaby,There's only so much love to go around.,0250,others,7,"00:15:44,510","00:15:46,887"
Bossbaby,BossBaby,It's like these beads.,0251,others,7,"00:15:47,055","00:15:48,931"
Bossbaby,BossBaby,You had all the beads.,0254,others,7,"00:15:54,103","00:15:56,188"
Bossbaby,BossBaby,You obviously didn't go to business school.,0259,others,7,"00:16:05,531","00:16:07,783"
Bossbaby,BossBaby,"Look, Templeton, the numbers just don't add up.",0260,others,7,"00:16:11,704","00:16:14,915"
Bossbaby,BossBaby,There's not enough love for the two of us.,0261,others,7,"00:16:15,083","00:16:17,376"
Bossbaby,BossBaby,Not enough beads to go around.,0262,surprise,6,"00:16:17,543","00:16:19,711"
Bossbaby,BossBaby,"And then, all of a sudden,",0263,others,7,"00:16:19,879","00:16:22,130"
Bossbaby,BossBaby,there's no place for Tim.,0264,others,7,"00:16:22,215","00:16:23,465"
Bossbaby,BossBaby,Tim doesn't fit anymore.,0265,happy,3,"00:16:23,633","00:16:25,133"
Bossbaby,BossBaby,"Oh, no! What about Tim?",0266,others,7,"00:16:25,301","00:16:28,553"
Bossbaby,BossBaby,So keep quiet. Stay out of my way.,0267,others,7,"00:16:31,975","00:16:34,309"
Bossbaby,BossBaby,That's a keeper.,0308,others,7,"00:19:24,730","00:19:26,231"
Bossbaby,BossBaby,What is it?,0320,others,7,"00:19:55,803","00:19:56,803"
Bossbaby,BossBaby,It's simpler if I just show you.,0321,others,7,"00:19:56,971","00:19:58,597"
Bossbaby,BossBaby,"Jimbo, hit the lights.",0326,others,7,"00:20:05,021","00:20:06,313"
Bossbaby,BossBaby,Throughout history...,0335,happy,3,"00:20:25,833","00:20:26,958"
Bossbaby,BossBaby,People have loved babies,0336,happy,3,"00:20:27,126","00:20:29,127"
Bossbaby,BossBaby,more than anything in the world.,0337,others,7,"00:20:29,253","00:20:31,296"
Bossbaby,BossBaby,We've always been a must-have item...,0338,others,7,"00:20:31,464","00:20:33,131"
Bossbaby,BossBaby,Number one on every wish list.,0339,others,7,"00:20:33,299","00:20:35,592"
Bossbaby,BossBaby,But all that changed when the puppies began coming out...,0341,others,7,"00:20:40,473","00:20:43,308"
Bossbaby,BossBaby,With new designer models.,0342,surprise,6,"00:20:43,476","00:20:45,477"
Bossbaby,BossBaby,Each one more adorable than the last.,0343,others,7,"00:20:45,645","00:20:48,271"
Bossbaby,BossBaby,Remember the labradoodle?,0344,others,7,"00:20:48,439","00:20:50,190"
Bossbaby,BossBaby,The peekapoo?,0345,others,7,"00:20:50,358","00:20:51,524"
Bossbaby,BossBaby,The chiweenie?,0346,others,7,"00:20:51,692","00:20:52,776"
Bossbaby,BossBaby,Not possible. Don't waste your time.,0349,others,7,"00:20:55,863","00:20:57,155"
Bossbaby,BossBaby,We all laughed,0350,others,7,"00:20:57,323","00:20:58,323"
Bossbaby,BossBaby,"Oh, no. That's terrible!",0353,others,7,"00:21:02,328","00:21:03,370"
Bossbaby,BossBaby,Horrible! Yes.,0354,others,7,"00:21:03,537","00:21:05,288"
Bossbaby,BossBaby,And it gets even worse.,0355,others,7,"00:21:05,456","00:21:06,790"
Bossbaby,BossBaby,"Francis Francis, the ceo of puppy co,",0356,others,7,"00:21:06,958","00:21:09,251"
Bossbaby,BossBaby,made this announcement.,0357,surprise,6,"00:21:09,335","00:21:10,669"
Bossbaby,BossBaby,"Yay! No, jimbo.",0364,neutral,4,"00:21:27,019","00:21:28,228"
Bossbaby,BossBaby,No yay! We are the competition!,0365,surprise,6,"00:21:28,396","00:21:30,563"
Bossbaby,BossBaby,This is war.,0366,angry,0,"00:21:30,731","00:21:32,065"
Bossbaby,BossBaby,"Puppies are winning, and babies are losing.",0367,angry,0,"00:21:32,233","00:21:34,693"
Bossbaby,BossBaby,"Thank you, Teddy.",0368,neutral,4,"00:21:34,860","00:21:35,694"
Bossbaby,BossBaby,And if this new puppy is as cute as we fear...,0369,angry,0,"00:21:35,861","00:21:37,904"
Bossbaby,BossBaby,My job is to find out exactly what that new puppy is...,0374,neutral,4,"00:21:44,537","00:21:46,871"
Bossbaby,BossBaby,So that baby corp can stop it.,0375,angry,0,"00:21:47,039","00:21:48,707"
Bossbaby,BossBaby,Yay!,0379,happy,3,"00:21:52,420","00:21:53,211"
Bossbaby,BossBaby,Yay.,0380,neutral,4,"00:21:53,379","00:21:54,087"
Bossbaby,BossBaby,"Now, your parents all work for puppy co.",0381,neutral,4,"00:21:54,255","00:21:56,131"
Bossbaby,BossBaby,"Yes, sir! Sure did!",0383,neutral,4,"00:21:58,634","00:21:59,884"
Bossbaby,BossBaby,"Yay, puppy!",0388,disgust,1,"00:22:05,766","00:22:06,891"
Bossbaby,BossBaby,I can't read. What's it say?,0391,angry,0,"00:22:10,396","00:22:12,939"
Bossbaby,BossBaby,This is my team?,0392,angry,0,"00:22:16,277","00:22:17,944"
Bossbaby,BossBaby,"A muscle-head, a bunch of yes men, and a doodler?",0393,neutral,4,"00:22:18,112","00:22:20,822"
Bossbaby,BossBaby,Isn't that adorable? Who wants dessert?,0408,fear,2,"00:22:48,601","00:22:50,435"
Bossbaby,BossBaby,Wait until mom and dad hear this.,0411,neutral,4,"00:22:55,524","00:22:57,025"
Bossbaby,BossBaby,"Oh, nothing.",0413,others,7,"00:23:02,823","00:23:04,032"
Bossbaby,BossBaby,"Hand over the tape, Timmy.",0458,others,7,"00:25:56,121","00:25:57,288"
Bossbaby,BossBaby,"What's that, lam-lam? You want a nose ring?",0461,others,7,"00:26:00,960","00:26:03,211"
Bossbaby,BossBaby,"It's really not my scene,",0462,others,7,"00:26:03,379","00:26:04,754"
Bossbaby,BossBaby,but who am I to judge?,0463,others,7,"00:26:04,838","00:26:06,923"
Bossbaby,BossBaby,And an eyebrow ring?,0464,others,7,"00:26:07,007","00:26:08,466"
Bossbaby,BossBaby,"Seems like a little too much,",0465,others,7,"00:26:08,551","00:26:09,717"
Bossbaby,BossBaby,Stop it!,0468,others,7,"00:26:13,013","00:26:13,846"
Bossbaby,BossBaby,Give me the tape! Give me lam-lam!,0472,surprise,6,"00:26:18,561","00:26:19,852"
Bossbaby,BossBaby,Until you learn to get along.,0503,neutral,4,"00:27:20,706","00:27:23,041"
Bossbaby,BossBaby,"Templeton, we have to talk.",0522,neutral,4,"00:28:38,367","00:28:40,118"
Bossbaby,BossBaby,You're the one who should be in jail!,0532,neutral,4,"00:29:06,145","00:29:07,812"
Bossbaby,BossBaby,"Look, it's time we put our differences aside.",0533,neutral,4,"00:29:08,313","00:29:11,858"
Bossbaby,BossBaby,No!,0535,neutral,4,"00:29:16,405","00:29:17,739"
Bossbaby,BossBaby,I don't want your filthy money.,0539,neutral,4,"00:29:51,106","00:29:52,857"
Bossbaby,BossBaby,I don't wanna be here...,0542,neutral,4,"00:29:57,362","00:29:58,446"
Bossbaby,BossBaby,"Well, no kidding.",0546,neutral,4,"00:30:05,120","00:30:06,037"
Bossbaby,BossBaby,Are you the baby Jesus?,0548,neutral,4,"00:30:08,457","00:30:10,708"
Bossbaby,BossBaby,No!,0550,neutral,4,"00:30:13,712","00:30:15,379"
Bossbaby,BossBaby,I want you to suck it. You suck it!,0556,neutral,4,"00:30:27,601","00:30:29,560"
Bossbaby,BossBaby,Suck it. I don't know where it's been!,0559,neutral,4,"00:30:31,814","00:30:33,314"
Bossbaby,BossBaby,It's not where it's been. It's where it will take you.,0560,neutral,4,"00:30:33,482","00:30:36,400"
Bossbaby,BossBaby,It goes by many names.,0566,neutral,4,"00:30:48,580","00:30:50,623"
Bossbaby,BossBaby,Where are we?,0570,happy,3,"00:31:23,699","00:31:24,949"
Bossbaby,BossBaby,Karate!,0580,neutral,4,"00:31:47,806","00:31:48,723"
Bossbaby,BossBaby,"Where'd you think, the cabbage patch?",0584,neutral,4,"00:31:54,730","00:31:56,856"
Bossbaby,BossBaby,What?,0587,disgust,1,"00:32:01,361","00:32:02,528"
Bossbaby,BossBaby,I can't believe my parents didn't tell me about this.,0590,neutral,4,"00:32:08,076","00:32:10,369"
Bossbaby,BossBaby,"If people knew where babies really came from,",0591,neutral,4,"00:32:10,537","00:32:12,538"
Bossbaby,BossBaby,they'd never have one.,0592,neutral,4,"00:32:12,664","00:32:13,831"
Bossbaby,BossBaby,How come you're not normal?,0599,neutral,4,"00:32:26,011","00:32:27,345"
Bossbaby,BossBaby,Who-hoo!,0602,neutral,4,"00:32:31,767","00:32:33,434"
Bossbaby,BossBaby,For the ultimate honor.,0603,neutral,4,"00:32:34,186","00:32:35,937"
Bossbaby,BossBaby,So this whole place is run by babies?,0607,neutral,4,"00:32:45,447","00:32:47,281"
Bossbaby,BossBaby,What happens when you grow up?,0612,neutral,4,"00:32:55,540","00:32:56,916"
Bossbaby,BossBaby,"Well, we don't.",0613,neutral,4,"00:32:57,084","00:32:57,917"
Bossbaby,BossBaby,Who is that?,0618,neutral,4,"00:33:09,137","00:33:10,054"
Bossbaby,BossBaby,That's a vegetable.,0628,neutral,4,"00:33:26,279","00:33:27,071"
Bossbaby,BossBaby,"Oh, just like you did to me.",0631,neutral,4,"00:33:33,745","00:33:35,746"
Bossbaby,BossBaby,Exactly.,0632,neutral,4,"00:33:35,914","00:33:36,914"
Bossbaby,BossBaby,Oh! And if this keeps up...,0633,neutral,4,"00:33:37,082","00:33:39,083"
Bossbaby,BossBaby,"So, my mission... Whoa!",0637,neutral,4,"00:33:53,348","00:33:55,349"
Bossbaby,BossBaby,"So you're, like, on a spy mission? Cool!",0639,happy,3,"00:33:57,436","00:33:59,437"
Bossbaby,BossBaby,Yes! Cool! And if... when I succeed...,0640,neutral,4,"00:33:59,604","00:34:02,273"
Bossbaby,BossBaby,This is super colossal big fat boss baby.,0647,neutral,4,"00:34:16,872","00:34:20,624"
Bossbaby,BossBaby,He was the youngest chief executive infant,0648,neutral,4,"00:34:20,792","00:34:22,543"
Bossbaby,BossBaby,But I still try and live up to his legend.,0652,neutral,4,"00:34:27,966","00:34:29,967"
Bossbaby,BossBaby,"In every situation, i ask myself...",0653,neutral,4,"00:34:30,135","00:34:31,802"
Bossbaby,BossBaby,W-w-s-c-b-f-b-b-d?,0654,neutral,4,"00:34:31,970","00:34:33,971"
Bossbaby,BossBaby,Come here!,0657,happy,3,"00:34:41,021","00:34:42,313"
Bossbaby,BossBaby,"So when you're done, you're coming back here?",0662,happy,3,"00:34:49,905","00:34:52,323"
Bossbaby,BossBaby,"A-s-a-p, t-i-m.",0663,happy,3,"00:34:52,491","00:34:54,075"
Bossbaby,BossBaby,"He is fired, retired!",0676,fear,2,"00:35:17,015","00:35:18,599"
Bossbaby,BossBaby,What was big bossy baby lady screaming about?,0678,fear,2,"00:35:22,521","00:35:24,855"
Bossbaby,BossBaby,She's demanding actual results.,0679,fear,2,"00:35:25,023","00:35:27,274"
Bossbaby,BossBaby,Ah!,0683,others,7,"00:35:39,412","00:35:40,746"
Bossbaby,BossBaby,If I don't find out what that new puppy is and fast...,0685,fear,2,"00:35:45,127","00:35:47,419"
Bossbaby,BossBaby,Not only will I not get that promotion...,0686,fear,2,"00:35:47,587","00:35:49,213"
Bossbaby,BossBaby,Ooh!,0693,fear,2,"00:36:00,392","00:36:01,433"
Bossbaby,BossBaby,"You don't get it, Templeton.",0694,others,7,"00:36:01,518","00:36:02,893"
Bossbaby,BossBaby,No! Yes!,0698,others,7,"00:36:09,734","00:36:11,026"
Bossbaby,BossBaby,We have to make sure you don't get fired.,0718,fear,2,"00:36:57,782","00:36:59,783"
Bossbaby,BossBaby,Deal?,0723,happy,3,"00:37:06,291","00:37:07,499"
Bossbaby,BossBaby,Deal.,0724,happy,3,"00:37:09,419","00:37:10,252"
Bossbaby,BossBaby,Send in the baby ninjas?,0737,happy,3,"00:37:36,154","00:37:37,696"
Bossbaby,BossBaby,Even better.,0738,happy,3,"00:37:37,864","00:37:38,864"
Bossbaby,BossBaby,That's so boring.,0744,others,7,"00:37:50,835","00:37:52,503"
Bossbaby,BossBaby,"No, Templeton.",0745,others,7,"00:37:52,671","00:37:53,879"
Bossbaby,BossBaby,Memos are for important things.,0746,others,7,"00:37:54,047","00:37:56,674"
Bossbaby,BossBaby,A memo can bring people together.,0747,others,7,"00:37:56,841","00:37:59,218"
Bossbaby,BossBaby,"A manifesto, a poem.",0749,neutral,4,"00:38:02,055","00:38:04,640"
Bossbaby,BossBaby,It still sounds boring.,0752,neutral,4,"00:38:11,481","00:38:13,065"
Bossbaby,BossBaby,Wait a second. This is it!,0755,happy,3,"00:38:16,653","00:38:18,570"
Bossbaby,BossBaby,Check this out. Take your kid to work day.,0757,disgust,1,"00:38:20,240","00:38:22,700"
Bossbaby,BossBaby,What's the point?,0763,neutral,4,"00:38:36,589","00:38:38,215"
Bossbaby,BossBaby,You're right. They think we hate each other.,0766,neutral,4,"00:38:43,555","00:38:45,556"
Bossbaby,BossBaby,Hate is a strong word.,0767,neutral,4,"00:38:45,724","00:38:47,391"
Bossbaby,BossBaby,We have to convince them that we're actual brothers.,0769,neutral,4,"00:38:49,728","00:38:53,063"
Bossbaby,BossBaby,No.,0779,fear,2,"00:39:08,121","00:39:09,121"
Bossbaby,BossBaby,Love each other.,0781,fear,2,"00:39:12,208","00:39:13,876"
Bossbaby,BossBaby,Okay. Okay.,0792,neutral,4,"00:39:37,108","00:39:39,109"
Bossbaby,BossBaby,And the godless witch was miserably burnt to death.,0819,neutral,4,"00:40:41,714","00:40:45,259"
Bossbaby,BossBaby,Let me get this straight.,0820,neutral,4,"00:40:50,849","00:40:52,057"
Bossbaby,BossBaby,Yeah.,0822,happy,3,"00:40:55,520","00:40:56,270"
Bossbaby,BossBaby,Getting along is exhausting.,0824,neutral,4,"00:40:58,690","00:41:00,858"
Bossbaby,BossBaby,You were all...,0827,neutral,4,"00:41:04,237","00:41:05,279"
Bossbaby,BossBaby,I'm not used to being tickled.,0828,neutral,4,"00:41:07,073","00:41:08,699"
Bossbaby,BossBaby,Once at a corporate retreat.,0829,neutral,4,"00:41:08,867","00:41:10,242"
Bossbaby,BossBaby,"You didn't have parents, did you?",0834,neutral,4,"00:41:19,377","00:41:21,879"
Bossbaby,BossBaby,"Tim, I may look like a baby...",0835,neutral,4,"00:41:22,046","00:41:24,423"
Bossbaby,BossBaby,You never had someone to love you?,0839,neutral,4,"00:41:35,602","00:41:37,895"
Bossbaby,BossBaby,"Way to keep your eyes on the prize, Templeton.",0880,happy,3,"00:44:19,974","00:44:21,808"
Bossbaby,BossBaby,That's where we'll find the secret file on the new puppy.,0887,fear,2,"00:44:48,586","00:44:50,796"
Bossbaby,BossBaby,But how do we get past the guard?,0891,fear,2,"00:44:57,970","00:44:59,930"
Bossbaby,BossBaby,Ah!,0892,neutral,4,"00:45:02,100","00:45:03,100"
Bossbaby,BossBaby,"No, no, no. No way.",0893,fear,2,"00:45:03,935","00:45:06,311"
Bossbaby,BossBaby,We've gotta find something to replace it with. Ow!,0929,surprise,6,"00:47:02,470","00:47:04,596"
Bossbaby,BossBaby,"I know I said it. Ow, hey, you hit me twice. Ow!",0935,neutral,4,"00:47:13,064","00:47:15,816"
Bossbaby,BossBaby,I think I've seen one here.,0937,neutral,4,"00:47:17,777","00:47:19,319"
Bossbaby,BossBaby,"Smead Manila, pressboard edges.",0938,neutral,4,"00:47:21,614","00:47:23,990"
Bossbaby,BossBaby,"About 50 ounces. No, 49.",0939,neutral,4,"00:47:24,158","00:47:26,409"
Bossbaby,BossBaby,"Can you put your head back on, please?",0958,neutral,4,"00:48:46,157","00:48:48,575"
Bossbaby,BossBaby,Perhaps from my youth!,0963,surprise,6,"00:48:59,378","00:49:02,213"
Bossbaby,BossBaby,That's not right.,0968,angry,0,"00:49:17,897","00:49:19,105"
Bossbaby,BossBaby,No. You were my hero!,0969,others,7,"00:49:19,273","00:49:21,274"
Bossbaby,BossBaby,...with the forever puppy.,1013,others,7,"00:51:08,674","00:51:10,884"
Bossbaby,BossBaby,The end of baby corp!,1023,others,7,"00:51:31,655","00:51:34,115"
Bossbaby,BossBaby,"Oh, please.",1024,others,7,"00:51:38,204","00:51:39,370"
Bossbaby,BossBaby,A puppy that never grows up? That's impossible!,1025,others,7,"00:51:39,538","00:51:42,332"
Bossbaby,BossBaby,"Oh, it was, until you brought me the key ingredient.",1027,surprise,6,"00:51:44,001","00:51:48,797"
Bossbaby,BossBaby,It's all mine.,1030,fear,2,"00:51:55,846","00:51:57,680"
Bossbaby,BossBaby,To the airport!,1064,fear,2,"00:53:19,847","00:53:21,097"
Bossbaby,BossBaby,It's over. I'm through.,1065,fear,2,"00:53:33,777","00:53:35,862"
Bossbaby,BossBaby,"What do we do, Templeton? What do we do?",1066,fear,2,"00:53:36,030","00:53:38,198"
Bossbaby,BossBaby,What's the matter with you?,1074,fear,2,"00:54:03,599","00:54:04,724"
Bossbaby,BossBaby,Ah! Don't look at me!,1075,fear,2,"00:54:06,852","00:54:08,978"
Bossbaby,BossBaby,Ow!,1082,angry,0,"00:54:20,616","00:54:21,616"
Bossbaby,BossBaby,I'm a ticking baby time bomb!,1083,angry,0,"00:54:21,867","00:54:24,285"
Bossbaby,BossBaby,Wait a second. That gives me an idea.,1085,others,7,"00:54:29,208","00:54:32,043"
Bossbaby,BossBaby,"What are you doing, Templeton? Go, go!",1124,neutral,4,"00:56:40,923","00:56:42,507"
Bossbaby,BossBaby,I can't do it!,1144,neutral,4,"00:58:11,305","00:58:12,638"
Bossbaby,BossBaby,You can.,1145,neutral,4,"00:58:12,806","00:58:14,056"
Bossbaby,BossBaby,Buttocks up! Now pedal like you mean it!,1148,neutral,4,"00:58:17,853","00:58:20,021"
Bossbaby,BossBaby,What are you talking about?,1154,neutral,4,"00:58:33,535","00:58:34,702"
Bossbaby,BossBaby,"The path to success is not a straight line, Templeton...",1155,neutral,4,"00:58:34,870","00:58:37,413"
Bossbaby,BossBaby,But rather a wild ride...,1156,neutral,4,"00:58:37,581","00:58:39,081"
Bossbaby,BossBaby,Like a ship at sea.,1157,neutral,4,"00:58:39,249","00:58:40,208"
Bossbaby,BossBaby,Tree! I'm gonna hit it!,1163,neutral,4,"00:58:53,222","00:58:54,889"
Bossbaby,BossBaby,Huh?,1177,happy,3,"00:59:33,345","00:59:34,554"
Bossbaby,BossBaby,No! We did it.,1179,happy,3,"00:59:38,850","00:59:40,810"
Bossbaby,BossBaby,They're gone.,1210,sad,5,"01:01:00,349","01:01:01,932"
Bossbaby,BossBaby,if I didn't have to go back for you!,1213,surprise,6,"01:01:07,648","01:01:09,023"
Bossbaby,BossBaby,What? We would have been here in plenty of time...,1214,angry,0,"01:01:09,191","01:01:11,567"
Bossbaby,BossBaby,If you knew how to ride a bike like a normal kid!,1215,others,7,"01:01:11,735","01:01:13,653"
Bossbaby,BossBaby,Who cares? My parents are in danger.,1217,others,7,"01:01:16,114","01:01:18,199"
Bossbaby,BossBaby,You don't even know what it's like to be part of a family.,1220,angry,0,"01:01:23,163","01:01:25,623"
Bossbaby,BossBaby,"or bedtime stories, or special songs!",1223,angry,0,"01:01:30,128","01:01:32,296"
Bossbaby,BossBaby,You're a baby!,1225,angry,0,"01:01:35,092","01:01:36,050"
Bossbaby,BossBaby,My life was perfect until you showed up!,1227,angry,0,"01:01:38,011","01:01:40,096"
Bossbaby,BossBaby,"Oh, believe me, kid, the feeling is mutual.",1228,angry,0,"01:01:40,263","01:01:42,348"
Bossbaby,BossBaby,What do you mean?,1241,neutral,4,"01:02:51,710","01:02:52,960"
Bossbaby,BossBaby,Baby corp is the only home I've ever known.,1242,neutral,4,"01:02:53,128","01:02:55,671"
Bossbaby,BossBaby,To be part of a family.,1244,neutral,4,"01:02:59,843","01:03:01,135"
Bossbaby,BossBaby,Yeah.,1247,neutral,4,"01:03:06,308","01:03:07,516"
Bossbaby,BossBaby,"I can't do this without you, Tim.",1250,neutral,4,"01:03:12,773","01:03:14,607"
Bossbaby,BossBaby,No.,1253,neutral,4,"01:03:18,987","01:03:19,987"
Bossbaby,BossBaby,"Oh, right.",1255,neutral,4,"01:03:23,617","01:03:24,825"
Bossbaby,BossBaby,"Don't worry, Tim.",1256,happy,3,"01:03:25,577","01:03:26,952"
Bossbaby,BossBaby,But how do we get to Vegas now?,1259,surprise,6,"01:03:31,875","01:03:33,751"
Bossbaby,BossBaby,We're gonna need a miracle.,1260,disgust,1,"01:03:33,919","01:03:36,003"
Bossbaby,BossBaby,Ah!,1261,happy,3,"01:03:36,463","01:03:37,296"
Bossbaby,BossBaby,Why is it empty?,1289,happy,3,"01:04:52,163","01:04:53,247"
Bossbaby,BossBaby,Why don't you give it a try?,1313,fear,2,"01:06:07,238","01:06:08,322"
Bossbaby,BossBaby,"Here, let's get you into character.",1315,others,7,"01:06:10,033","01:06:11,742"
Bossbaby,BossBaby,"All right, all right, all right.",1318,neutral,4,"01:06:15,455","01:06:16,747"
Bossbaby,BossBaby,"So, you went to a community college, is it?",1319,neutral,4,"01:06:18,833","01:06:22,169"
Bossbaby,BossBaby,Keep going!,1321,neutral,4,"01:06:23,338","01:06:24,171"
Bossbaby,BossBaby,"And you have the guts to ask me for a bonus, now?",1322,neutral,4,"01:06:24,339","01:06:27,967"
Bossbaby,BossBaby,Now you're getting into it.,1324,surprise,6,"01:06:29,678","01:06:31,095"
Bossbaby,BossBaby,Huh?,1325,neutral,4,"01:06:31,262","01:06:32,221"
Bossbaby,BossBaby,"Well, blow me down.",1326,neutral,4,"01:06:33,223","01:06:35,224"
Bossbaby,BossBaby,Land ho!,1354,others,7,"01:07:45,754","01:07:46,879"
Bossbaby,BossBaby,"Atta boy! Go, Tim! Go!",1433,others,7,"01:11:32,814","01:11:34,898"
Bossbaby,BossBaby,Bratty kid!,1446,fear,2,"01:11:58,840","01:11:59,840"
Bossbaby,BossBaby,That's right! What?,1468,disgust,1,"01:12:45,428","01:12:47,220"
Bossbaby,BossBaby,Upsies.,1494,neutral,4,"01:13:42,568","01:13:43,360"
Bossbaby,BossBaby,But what if you go baby again?,1496,disgust,1,"01:13:45,321","01:13:46,738"
Bossbaby,BossBaby,"It'll be fine. Fine, fine.",1497,angry,0,"01:13:46,906","01:13:48,949"
Bossbaby,BossBaby,Fine!,1498,angry,0,"01:13:49,117","01:13:50,033"
Bossbaby,BossBaby,"Go, Tim! Get your parents...",1508,fear,2,"01:14:14,600","01:14:15,809"
Bossbaby,BossBaby,Aha!,1521,fear,2,"01:15:29,759","01:15:30,675"
Bossbaby,BossBaby,Let's go home.,1550,neutral,4,"01:16:50,381","01:16:52,090"
Bossbaby,BossBaby,"Well, team, good job.",1553,neutral,4,"01:17:14,530","01:17:16,364"
Bossbaby,BossBaby,"Staci, this letter should get you",1554,neutral,4,"01:17:16,532","01:17:18,491"
Bossbaby,BossBaby,How about a raise?,1558,neutral,4,"01:17:26,042","01:17:27,000"
Bossbaby,BossBaby,And you guys don't always have to,1565,neutral,4,"01:17:36,677","01:17:37,886"
Bossbaby,BossBaby,"toe the company line, you know?",1566,neutral,4,"01:17:38,054","01:17:39,304"
Bossbaby,BossBaby,That's the attitude.,1570,neutral,4,"01:17:43,184","01:17:44,559"
Bossbaby,BossBaby,You're the man! Absolutely!,1572,neutral,4,"01:17:45,978","01:17:46,978"
Bossbaby,BossBaby,Oh! You've earned it.,1574,sad,5,"01:17:50,316","01:17:52,233"
Bossbaby,BossBaby,"But, hey! How about you?",1586,neutral,4,"01:18:22,848","01:18:24,349"
Bossbaby,BossBaby,"Oh, don't worry.",1589,neutral,4,"01:18:33,359","01:18:34,609"
Bossbaby,BossBaby,Baby corp has a procedure for situations like this.,1590,neutral,4,"01:18:34,777","01:18:37,237"
Bossbaby,BossBaby,"Well, I guess we both got what we wanted.",1596,neutral,4,"01:18:52,878","01:18:55,296"
Bossbaby,BossBaby,I don't really have a choice.,1602,neutral,4,"01:19:14,567","01:19:16,609"
Bossbaby,BossBaby,"Yeah, right.",1603,neutral,4,"01:19:16,777","01:19:17,777"
Bossbaby,BossBaby,Whoa!,1619,neutral,4,"01:21:57,479","01:21:58,479"
Bossbaby,Francis,What is all this?,0959,happy,3,"00:48:50,244","00:48:51,328"
Bossbaby,Francis,A baby corp binky? Where did you get that?,0961,neutral,4,"00:48:53,915","00:48:56,666"
Bossbaby,Francis,"Oh, you don't recognize me?",0962,happy,3,"00:48:56,876","00:48:59,210"
Bossbaby,Francis,How did you end up here?,0970,disgust,1,"00:49:21,442","00:49:23,234"
Bossbaby,Francis,You know what I do to little kids,0971,disgust,1,"00:49:24,028","00:49:25,487"
Bossbaby,Francis,who ask lots of questions about me?,0972,disgust,1,"00:49:25,613","00:49:27,072"
Bossbaby,Francis,All the attention.,1001,sad,5,"00:50:36,100","00:50:37,767"
Bossbaby,Francis,"You know how that feels, don't you, Tim?",1002,neutral,4,"00:50:37,935","00:50:40,770"
Bossbaby,Francis,And then what happened?,1005,sad,5,"00:50:48,696","00:50:50,196"
Bossbaby,Francis,Well...,1006,angry,0,"00:50:50,531","00:50:51,865"
Bossbaby,Francis,Isn't it?,1026,happy,3,"00:51:43,000","00:51:43,917"
Bossbaby,Francis,It's mine! It's mine!,1029,happy,3,"00:51:53,886","00:51:55,678"
Bossbaby,Francis,No! Yes!,1033,happy,3,"00:52:02,561","00:52:03,895"
Bossbaby,Francis,What? Tell?,1036,neutral,4,"00:52:08,234","00:52:09,692"
Bossbaby,Francis,I'm taking them both with me to las Vegas.,1040,neutral,4,"00:52:15,241","00:52:17,367"
Bossbaby,Francis,So stay out of my way.,1041,neutral,4,"00:52:17,535","00:52:19,536"
Bossbaby,Francis,"Oh, believe me...",1057,neutral,4,"00:53:00,911","00:53:02,078"
Bossbaby,Francis,That's very reassuring.,1060,neutral,4,"00:53:07,293","00:53:09,002"
Bossbaby,Francis,Now you see them.,1061,neutral,4,"00:53:09,503","00:53:11,421"
Bossbaby,Francis,"We're going to take over the world,",1394,happy,3,"01:09:29,107","01:09:31,275"
Bossbaby,Francis,What are Tim and the baby doing here?,1408,surprise,6,"01:10:13,067","01:10:14,776"
Bossbaby,Francis,Launch initiated.,1437,angry,0,"01:11:38,987","01:11:40,153"
Bossbaby,Francis,"I'm launching my forever puppies,",1438,angry,0,"01:11:40,321","01:11:42,281"
Bossbaby,Francis,You should understand what I'm talking about.,1443,angry,0,"01:11:51,958","01:11:53,542"
Bossbaby,Francis,Yeah!,1448,angry,0,"01:12:02,760","01:12:03,677"
Bossbaby,Francis,You could have had your parents' love all to yourself again!,1449,angry,0,"01:12:03,845","01:12:06,179"
Bossbaby,Francis,We're partners! Ha!,1454,angry,0,"01:12:12,145","01:12:13,562"
Bossbaby,Francis,Baby corp is through.,1464,happy,3,"01:12:37,128","01:12:38,628"
Bossbaby,Janice,About the b-a-b-e-e.,0137,neutral,4,"00:10:37,412","00:10:39,413"
Bossbaby,Janice,Look at him! He wears a suit!,0147,happy,3,"00:11:07,067","00:11:09,735"
Bossbaby,Janice,"We'll have it on Monday, Mr. Francis.",0173,others,7,"00:12:43,538","00:12:44,997"
Bossbaby,Janice,We are very disappointed in you.,0493,angry,0,"00:27:03,355","00:27:04,856"
Bossbaby,Janice,Weeks! Three weeks!,0499,angry,0,"00:27:13,532","00:27:14,741"
Bossbaby,Janice,Who's there? I got a racket!,0786,others,7,"00:39:24,971","00:39:26,430"
Bossbaby,Janice,Aw! Isn't he adorable?,0804,happy,3,"00:40:07,347","00:40:09,515"
Bossbaby,Janice,"'I don't think I'll fit,' said gretel.",0814,happy,3,"00:40:29,994","00:40:32,162"
Bossbaby,Janice,It's take your kid to work day! And you're the kid.,0847,happy,3,"00:42:19,103","00:42:21,188"
Bossbaby,Janice,"Can the baby come, too?",0850,happy,3,"00:42:25,276","00:42:26,443"
Bossbaby,Janice,I wish I was that excited for work.,0854,happy,3,"00:42:31,950","00:42:33,534"
Bossbaby,Janice,Your dad and i have some work to do.,0867,happy,3,"00:43:46,899","00:43:49,026"
Bossbaby,Janice,Dad and I know we haven't been able,0872,neutral,4,"00:43:57,118","00:43:58,702"
Bossbaby,Janice,to do as much with you as we used to.,0873,sad,5,"00:43:58,870","00:44:00,454"
Bossbaby,Janice,Both of us?,1548,surprise,6,"01:16:43,291","01:16:44,416"
Bossbaby,Ted,"Oh, I don't know, a little freaky?",0151,happy,3,"00:11:16,660","00:11:18,952"
Bossbaby,Ted,"All babies are different, Tim.",0154,neutral,4,"00:11:26,127","00:11:27,503"
Bossbaby,Ted,"Trust me, one day you're gonna get to know this little guy...",0159,happy,3,"00:11:35,345","00:11:38,097"
Bossbaby,Ted,And you are gonna love him with all of your heart.,0160,happy,3,"00:11:38,264","00:11:40,766"
Bossbaby,Ted,What happened to bedtime?,0172,disgust,1,"00:12:39,993","00:12:41,744"
Bossbaby,Ted,Timothy Leslie Templeton!,0492,fear,2,"00:27:01,520","00:27:03,271"
Bossbaby,Ted,Is something wrong? Am I fired?,0844,neutral,4,"00:42:14,599","00:42:15,933"
Bossbaby,Ted,What?,0846,happy,3,"00:42:18,102","00:42:18,936"
Bossbaby,Ted,Yeah!,0853,happy,3,"00:42:30,990","00:42:31,782"
Bossbaby,Ted,You wanna come up to the office and hang out with us?,0868,happy,3,"00:43:49,193","00:43:51,528"
Bossbaby,Ted,We'll stick your brother in the puppy zone...,0869,happy,3,"00:43:51,696","00:43:53,530"
Bossbaby,Ted,I'm fine. We're fine.,1543,happy,3,"01:16:34,657","01:16:35,740"
Croods,Ugga,Remember the signal. Good girls wait for the signal. Ugga.,0036,neutral,4,"00:03:24,680","00:03:28,526"
Croods,Ugga,Really? She already doesn't listen to me. Hey!,0120,neutral,4,"00:12:07,160","00:12:09,811"
Croods,Ugga,"If she wants to survive, she has to follow our rules.",0122,neutral,4,"00:12:11,680","00:12:14,206"
Croods,Ugga,Eep is gone.,0158,surprise,6,"00:18:41,000","00:18:42,001"
Croods,Ugga,Hey!,0224,happy,3,"00:22:00,440","00:22:01,441"
Croods,Ugga,"You know what, I am so mad right now that I can't talk to her.",0228,neutral,4,"00:22:07,560","00:22:10,848"
Croods,Ugga,Just stop running into their fists.,0308,neutral,4,"00:29:20,520","00:29:22,045"
Croods,Ugga,"Sandy, no. Fire is not a plaything.",0354,happy,3,"00:34:12,320","00:34:14,641"
Croods,Ugga,I'm sorry.,0376,happy,3,"00:35:26,360","00:35:27,771"
Croods,Ugga,Just feels right.,0425,neutral,4,"00:38:05,400","00:38:07,084"
Croods,Ugga,"Look at that. She's not going to eat me, right?",0494,neutral,4,"00:41:14,680","00:41:17,411"
Croods,Ugga,You're too skinny.,0495,neutral,4,"00:41:17,560","00:41:18,561"
Croods,Ugga,Get down here.,0728,happy,3,"01:01:00,120","01:01:01,406"
Croods,Ugga,Thank you for bringing me that interesting Guy update.,0732,neutral,4,"01:01:08,880","01:01:12,771"
Croods,Ugga,Okay. I'm going to go up...,0733,neutral,4,"01:01:13,200","01:01:14,884"
Croods,Ugga,Come with us.,0750,sad,5,"01:03:27,600","01:03:29,364"
Croods,Ugga,I'd have a heart attack and die!,0759,fear,2,"01:03:50,560","01:03:52,767"
Croods,Ugga,Haven't seen him.,0764,neutral,4,"01:04:08,800","01:04:10,131"
Croods,Ugga,What is that on your head?,0771,others,7,"01:04:27,240","01:04:28,969"
Croods,Ugga,And maybe she wouldn't want to go with Guy.,0802,neutral,4,"01:06:00,320","01:06:04,041"
Croods,Ugga,Grug.,0803,neutral,4,"01:06:04,200","01:06:05,565"
Croods,Ugga,No!,0813,others,7,"01:07:04,600","01:07:05,726"
Croods,Ugga,"Thunk, let's go. Go, go, go. Let's stay together.",0906,others,7,"01:14:25,160","01:14:27,766"
Croods,Ugga,Grug. What's wrong with you?,0907,others,7,"01:14:28,920","01:14:31,048"
Croods,Ugga,that's all you need.,0920,others,7,"01:15:36,240","01:15:38,561"
Croods,Ugga,"No, we don't know what's over there. Maybe nothing!",0921,others,7,"01:15:40,280","01:15:42,851"
Croods,Ugga,What's a joke?,0927,happy,3,"01:16:08,800","01:16:10,689"
Croods,Ugga,He made it!,0928,sad,5,"01:16:41,040","01:16:42,610"
Croods,Ugga,No!,0933,sad,5,"01:17:04,960","01:17:05,961"
Croods,Ugga,I never got to tell him.,0980,sad,5,"01:26:36,280","01:26:38,089"
Croods,Eep,Three days is not forever.,0032,neutral,4,"00:03:12,120","00:03:14,441"
Croods,Eep,"You know she hates the cave, Grug.",0088,neutral,4,"00:09:39,520","00:09:41,682"
Croods,Eep,Eep!,0096,neutral,4,"00:10:49,240","00:10:50,241"
Croods,Eep,"Fear keeps us alive, Eep. Never not be afraid.",0106,disgust,1,"00:11:34,520","00:11:38,491"
Croods,Eep,What was that?,0108,angry,0,"00:11:41,600","00:11:42,726"
Croods,Eep,No one said survival was fun.,0110,disgust,1,"00:11:49,040","00:11:51,088"
Croods,Eep,Air.,0147,angry,0,"00:18:00,160","00:18:01,161"
Croods,Eep,"Come on, come on, come on.",0167,neutral,4,"00:19:19,160","00:19:20,969"
Croods,Eep,Yeah. Sort of.,0169,surprise,6,"00:19:25,720","00:19:28,041"
Croods,Eep,"No, no, no. Fire.",0171,happy,3,"00:19:29,720","00:19:32,121"
Croods,Eep,It's not alive.,0173,angry,0,"00:19:38,520","00:19:40,488"
Croods,Eep,Are you dead?,0183,neutral,4,"00:20:01,040","00:20:02,883"
Croods,Eep,"Tiger girl, we need to leave immediately.",0189,disgust,1,"00:20:17,600","00:20:19,602"
Croods,Eep,"Also, keeps my pants up.",0194,neutral,4,"00:20:29,280","00:20:30,930"
Croods,Eep,Who are you?,0196,happy,3,"00:20:33,160","00:20:34,491"
Croods,Eep,"Let me clarify, Eep. The world is ending.",0198,angry,0,"00:20:36,280","00:20:38,362"
Croods,Eep,I'm calling it The End.,0200,surprise,6,"00:20:39,600","00:20:41,841"
Croods,Eep,Come with me.,0209,fear,2,"00:21:05,520","00:21:06,726"
Croods,Eep,"If you survive, call me.",0213,happy,3,"00:21:20,080","00:21:23,004"
Croods,Eep,Thank you.,0214,others,7,"00:21:28,280","00:21:29,725"
Croods,Eep,Hey!,0216,surprise,6,"00:21:32,400","00:21:33,640"
Croods,Eep,Are you hurt? What took you?,0218,happy,3,"00:21:36,880","00:21:38,530"
Croods,Eep,You what?,0220,neutral,4,"00:21:41,440","00:21:43,488"
Croods,Eep,Eep?,0229,happy,3,"00:22:11,120","00:22:12,167"
Croods,Eep,What? Excuse me? He?,0237,happy,3,"00:22:24,520","00:22:26,488"
Croods,Eep,There was a boy.,0242,neutral,4,"00:22:36,800","00:22:38,006"
Croods,Eep,Watch. I'm going to call him.,0243,angry,0,"00:22:38,160","00:22:40,049"
Croods,Eep,It was beautiful!,0246,angry,0,"00:23:00,440","00:23:02,283"
Croods,Eep,What!,0253,angry,0,"00:23:15,160","00:23:16,241"
Croods,Eep,You can't keep me inside forever!,0254,others,7,"00:23:16,960","00:23:19,725"
Croods,Eep,No.,0264,surprise,6,"00:25:07,600","00:25:08,840"
Croods,Eep,That one has got a tail.,0331,disgust,1,"00:33:24,160","00:33:25,366"
Croods,Eep,All right. Close your eyes. I'm going to have to take their lives.,0333,others,7,"00:33:26,560","00:33:29,245"
Croods,Eep,Make some for me!,0340,neutral,4,"00:33:42,120","00:33:43,121"
Croods,Eep,You're a lot like your daughter.,0343,neutral,4,"00:33:47,680","00:33:50,126"
Croods,Eep,More fire babies.,0363,happy,3,"00:34:44,440","00:34:45,851"
Croods,Eep,Iwin!,0373,neutral,4,"00:35:11,480","00:35:13,244"
Croods,Eep,It looks like magic.,0382,happy,3,"00:35:50,080","00:35:51,684"
Croods,Eep,Eep. Drop it.,0394,neutral,4,"00:36:35,600","00:36:37,728"
Croods,Eep,We can't let him go!,0395,neutral,4,"00:36:40,840","00:36:42,444"
Croods,Eep,What if we don't find a cave before sunset?,0396,neutral,4,"00:36:42,600","00:36:45,809"
Croods,Eep,What if it takes a few days?,0397,neutral,4,"00:36:45,960","00:36:47,689"
Croods,Eep,It's too far.,0408,neutral,4,"00:37:13,640","00:37:14,641"
Croods,Eep,"No, no, no. It's okay, Sandy.",0420,happy,3,"00:37:51,200","00:37:53,089"
Croods,Eep,Could you keep your big giant arms on your side of the trail?,0437,happy,3,"00:38:38,840","00:38:41,889"
Croods,Eep,"Ugga, would you just hit her legs?",0504,happy,3,"00:41:38,160","00:41:40,367"
Croods,Eep,I just want something to eat.,0506,angry,0,"00:41:42,920","00:41:44,922"
Croods,Eep,I'll let you help me hunt.,0509,happy,3,"00:41:50,400","00:41:51,845"
Croods,Eep,A trap.,0515,neutral,4,"00:42:08,520","00:42:09,726"
Croods,Eep,Well--,0517,neutral,4,"00:42:11,200","00:42:12,201"
Croods,Eep,How long have you been alone?,0518,neutral,4,"00:42:21,080","00:42:23,128"
Croods,Eep,Going under.,0527,neutral,4,"00:43:18,360","00:43:19,725"
Croods,Eep,Looks like we won't be having any leftovers.,0535,neutral,4,"00:44:29,520","00:44:31,522"
Croods,Eep,"When you have so much food to eat, you have some left over.",0537,neutral,4,"00:44:33,760","00:44:35,922"
Croods,Eep,"Hey, do you have a minute?",0600,happy,3,"00:48:36,600","00:48:38,409"
Croods,Eep,I'm funny that way.,0603,others,7,"00:48:43,160","00:48:44,525"
Croods,Eep,you have a spider on your face.,0606,neutral,4,"00:48:50,040","00:48:52,008"
Croods,Eep,Okay. Now you can look.,0634,happy,3,"00:51:13,200","00:51:15,851"
Croods,Eep,You're really heavy.,0638,others,7,"00:51:28,480","00:51:29,720"
Croods,Eep,Really?,0639,happy,3,"00:51:29,880","00:51:31,006"
Croods,Eep,Good fish. Don't eat my feet.,0653,neutral,4,"00:52:16,200","00:52:18,407"
Croods,Eep,"Eep, looks dangerous.",0662,disgust,1,"00:54:13,320","00:54:14,845"
Croods,Eep,Careful.,0664,happy,3,"00:54:18,200","00:54:19,201"
Croods,Eep,They can handle it.,0682,happy,3,"00:56:00,600","00:56:01,601"
Croods,Eep,Gran?,0710,surprise,6,"00:59:50,080","00:59:51,320"
Croods,Eep,That makes no sense.,0739,happy,3,"01:01:47,800","01:01:49,643"
Croods,Eep,I know it was hard for you to bring us along...,0740,happy,3,"01:01:51,400","01:01:54,483"
Croods,Eep,but they had the best day of their lives.,0741,happy,3,"01:01:54,640","01:01:57,530"
Croods,Eep,Every sun that crosses our sky comes to rest up there.,0745,surprise,6,"01:03:09,680","01:03:13,730"
Croods,Eep,Tomorrow.,0746,others,7,"01:03:13,880","01:03:15,723"
Croods,Eep,No. Not my little girl.,0749,neutral,4,"01:03:20,720","01:03:23,246"
Croods,Eep,"Sorry, Dad.",0819,angry,0,"01:07:21,680","01:07:23,170"
Croods,Eep,It's my job to worry! It's my job to follow the rules!,0821,angry,0,"01:07:27,480","01:07:30,165"
Croods,Eep,They kept us alive!,0823,angry,0,"01:07:32,360","01:07:33,521"
Croods,Eep,That wasn't living! That was just not dying.,0824,angry,0,"01:07:33,680","01:07:37,765"
Croods,Eep,"Ugga, everyone, you have to listen to me.",0826,angry,0,"01:07:39,440","01:07:41,966"
Croods,Eep,Come on! We're going to make it!,0895,others,7,"01:13:02,120","01:13:04,327"
Croods,Eep,Time to go.,0942,sad,5,"01:17:50,760","01:17:52,046"
Croods,Eep,No.,0943,sad,5,"01:17:52,200","01:17:53,281"
Croods,Eep,I have too much to say to you.,0944,sad,5,"01:17:53,480","01:17:55,528"
Croods,Eep,I can fix it.,0946,sad,5,"01:17:58,280","01:17:59,964"
Croods,Eep,Dad...,0955,fear,2,"01:18:41,200","01:18:42,645"
Croods,Eep,I'll tell her.,0979,sad,5,"01:25:46,480","01:25:48,130"
Croods,Eep,Dadda!,0985,happy,3,"01:26:52,880","01:26:54,006"
Croods,Eep,No.,1003,happy,3,"01:27:56,400","01:27:57,561"
Croods,Gran,It's still early.,0049,angry,0,"00:04:22,040","00:04:23,451"
Croods,Gran,That's all right. I ate last week.,0078,angry,0,"00:09:01,800","00:09:04,963"
Croods,Gran,"Run for your life! You too, Mom.",0083,angry,0,"00:09:22,640","00:09:25,041"
Croods,Gran,Strange.,0239,neutral,4,"00:22:30,800","00:22:31,801"
Croods,Gran,"Man, they're really--",0305,happy,3,"00:29:15,760","00:29:16,886"
Croods,Gran,What if the birds come back?,0398,angry,0,"00:36:48,400","00:36:50,767"
Croods,Gran,I don't think my feet can do that.,0427,others,7,"00:38:10,520","00:38:12,568"
Croods,Gran,It's taking too long!,0459,angry,0,"00:39:27,960","00:39:29,405"
Croods,Gran,"That's not food, he's a pet. My pet.",0462,neutral,4,"00:39:34,040","00:39:35,963"
Croods,Gran,An animal you don't eat.,0464,happy,3,"00:39:37,360","00:39:39,124"
Croods,Gran,You look tense. -I'm not tense.,0474,neutral,4,"00:40:09,160","00:40:10,844"
Croods,Gran,Not enough. Not enough! I need more.,0492,angry,0,"00:41:08,760","00:41:11,411"
Croods,Gran,Do not step on these rocks!,0611,happy,3,"00:49:08,040","00:49:09,883"
Croods,Gran,She's up. We're good. I'm good.,0643,happy,3,"00:51:39,800","00:51:41,529"
Croods,Gran,It's not a story. It's a joke.,0670,neutral,4,"00:55:26,040","00:55:28,122"
Croods,Gran,I can't go without Grug.,0751,happy,3,"01:03:29,720","01:03:31,245"
Croods,Gran,Face it.,0757,others,7,"01:03:45,920","01:03:47,206"
Croods,Gran,If he actually had an idea of his own...,0758,others,7,"01:03:47,360","01:03:50,409"
Croods,Gran,It's called desperation.,0772,neutral,4,"01:04:29,120","01:04:31,088"
Croods,Gran,I almost feel sorry for him.,0796,happy,3,"01:05:40,040","01:05:42,168"
Croods,Gran,What?,0815,happy,3,"01:07:10,120","01:07:11,167"
Croods,Gran,Gran--,0936,sad,5,"01:17:32,200","01:17:33,201"
Croods,Gran,No mush. Just throw me.,0937,neutral,4,"01:17:33,360","01:17:35,522"
Croods,Gran,Wait.,0938,happy,3,"01:17:36,280","01:17:37,441"
Croods,Gran,You surprised me today...,0939,happy,3,"01:17:37,600","01:17:40,206"
Croods,Gran,It's not safe here.,0978,sad,5,"01:25:42,840","01:25:44,444"
Croods,Grug,It is with this family.,0033,neutral,4,"00:03:14,600","00:03:16,045"
Croods,Grug,"As soon as I get Sandy, I'll go back in, and you can give the signal.",0037,neutral,4,"00:03:28,680","00:03:31,286"
Croods,Grug,The signal isn't so you know it's me.,0042,neutral,4,"00:03:41,320","00:03:42,970"
Croods,Grug,Still alive.,0048,neutral,4,"00:04:19,520","00:04:21,887"
Croods,Grug,"Sorry, Dad. -Looks like fast food tonight.",0077,neutral,4,"00:08:44,080","00:08:46,447"
Croods,Grug,"It is a little dark, Grug.",0091,neutral,4,"00:10:13,040","00:10:16,203"
Croods,Grug,Eep?,0094,neutral,4,"00:10:19,880","00:10:21,120"
Croods,Grug,"Come on, I have to close the cave.",0095,surprise,6,"00:10:43,960","00:10:47,203"
Croods,Grug,"Okay, Okay",0097,neutral,4,"00:10:51,680","00:10:53,364"
Croods,Grug,Stop looking for things.,0105,neutral,4,"00:11:32,800","00:11:34,370"
Croods,Grug,What is the point of all this?,0107,neutral,4,"00:11:38,920","00:11:41,048"
Croods,Grug,Yes. Off!,0114,neutral,4,"00:11:55,680","00:11:56,681"
Croods,Grug,"Yes, I know. Okay, I'm trying to Off.",0115,neutral,4,"00:11:56,760","00:11:58,364"
Croods,Grug,See? She's listening.,0121,angry,0,"00:12:09,960","00:12:11,485"
Croods,Grug,How about a story? Eep loves those.,0123,angry,0,"00:12:14,640","00:12:16,642"
Croods,Grug,"Yeah, tell us a story.",0125,neutral,4,"00:12:19,160","00:12:20,844"
Croods,Grug,I haven't played with that thing in years.,0128,neutral,4,"00:12:28,200","00:12:30,328"
Croods,Grug,Tonight we'll hear the story of Krispy Bear.,0129,neutral,4,"00:12:30,520","00:12:33,171"
Croods,Grug,"A long time ago, this little bear was alive.",0130,neutral,4,"00:12:34,200","00:12:37,363"
Croods,Grug,She was alive because she listened to her father...,0131,neutral,4,"00:12:37,600","00:12:40,365"
Croods,Grug,So she was happy.,0133,neutral,4,"00:12:43,920","00:12:45,729"
Croods,Grug,G rug. -Yes. yes.,0136,neutral,4,"00:12:54,840","00:12:56,569"
Croods,Grug,"And one day, while she was in a tree...",0137,neutral,4,"00:12:56,720","00:12:59,883"
Croods,Grug,the curious little bear wanted to climb to the top.,0138,neutral,4,"00:13:00,040","00:13:03,806"
Croods,Grug,And no sooner than she climbed to the top...,0139,neutral,4,"00:13:03,960","00:13:06,201"
Croods,Grug,Just like that? -Yes!,0141,neutral,4,"00:13:10,360","00:13:12,203"
Croods,Grug,I'm not supposed to be out here.,0157,neutral,4,"00:18:26,040","00:18:28,202"
Croods,Grug,What? Grug!,0159,neutral,4,"00:18:42,160","00:18:43,207"
Croods,Grug,Dad!,0217,neutral,4,"00:21:35,800","00:21:36,801"
Croods,Grug,Nothing. I left on my own.,0219,surprise,6,"00:21:38,680","00:21:41,047"
Croods,Grug,You never let me talk.,0222,neutral,4,"00:21:53,120","00:21:54,724"
Croods,Grug,No. He was nice.,0236,neutral,4,"00:22:22,960","00:22:24,371"
Croods,Grug,What is wrong with you?,0244,neutral,4,"00:22:56,720","00:22:59,087"
Croods,Grug,He said this would happen.,0255,others,7,"00:23:31,200","00:23:32,804"
Croods,Grug,Get to the cave!,0256,others,7,"00:23:38,840","00:23:40,410"
Croods,Grug,Go!,0257,others,7,"00:23:42,200","00:23:43,281"
Croods,Grug,No. No one is going anywhere.,0267,neutral,4,"00:26:05,640","00:26:08,723"
Croods,Grug,Go!,0271,neutral,4,"00:26:41,840","00:26:42,887"
Croods,Grug,"One, two, three, four, five--",0272,neutral,4,"00:27:02,240","00:27:06,370"
Croods,Grug,We can't be out in the open like this.,0281,neutral,4,"00:27:38,440","00:27:41,046"
Croods,Grug,We need a cave.,0282,neutral,4,"00:27:43,120","00:27:44,929"
Croods,Grug,"Now, step where I step.",0283,neutral,4,"00:27:45,080","00:27:47,845"
Croods,Grug,I would go with a smaller cave.,0299,neutral,4,"00:28:50,440","00:28:53,046"
Croods,Grug,Dad?,0301,neutral,4,"00:28:59,440","00:29:00,441"
Croods,Grug,"Grug, when you're done, we should get going.",0309,happy,3,"00:29:23,600","00:29:26,171"
Croods,Grug,He made it.,0339,neutral,4,"00:33:40,560","00:33:41,925"
Croods,Grug,It's a baby sun.,0345,neutral,4,"00:33:51,960","00:33:53,689"
Croods,Grug,What a cute little guy.,0355,fear,2,"00:34:15,320","00:34:16,810"
Croods,Grug,The end of the end is still coming.,0393,neutral,4,"00:36:33,000","00:36:35,446"
Croods,Grug,Crazy sticks. Let's go.,0417,angry,0,"00:37:34,000","00:37:35,161"
Croods,Grug,That's just Belt.,0421,neutral,4,"00:37:53,240","00:37:54,605"
Croods,Grug,I've made a decision.,0422,neutral,4,"00:37:58,600","00:37:59,931"
Croods,Grug,Don't ask me why. Just a hunch.,0424,neutral,4,"00:38:03,160","00:38:05,242"
Croods,Grug,I'll never live long enough to get there.,0428,happy,3,"00:38:12,720","00:38:15,371"
Croods,Grug,"Come on, just think.",0430,happy,3,"00:38:18,560","00:38:20,608"
Croods,Grug,"Our whole family packed together on a long, slow, trip across country?",0431,happy,3,"00:38:20,760","00:38:24,765"
Croods,Grug,"Stop shoving, or I will pull out your tongue!",0439,angry,0,"00:38:46,400","00:38:48,084"
Croods,Grug,Do you want me to turn this family around? Do you?,0440,angry,0,"00:38:48,240","00:38:50,402"
Croods,Grug,Food fixes everything.,0469,happy,3,"00:39:52,320","00:39:53,810"
Croods,Grug,Not you. You're still grounded.,0471,happy,3,"00:39:57,960","00:39:59,485"
Croods,Grug,"Yeah, I noticed!",0529,neutral,4,"00:43:27,800","00:43:30,246"
Croods,Grug,"Grug, how about a story?",0539,neutral,4,"00:44:51,080","00:44:53,208"
Croods,Grug,"Yeah, tell us a story!",0541,neutral,4,"00:44:56,240","00:44:58,163"
Croods,Grug,There were a lot of rules...,0544,neutral,4,"00:45:07,240","00:45:08,446"
Croods,Grug,"but the big, simple one was to never leave the cave at night.",0545,neutral,4,"00:45:08,640","00:45:13,567"
Croods,Grug,I know.,0548,neutral,4,"00:45:20,120","00:45:21,360"
Croods,Grug,"But, while everyone was asleep...",0549,neutral,4,"00:45:22,160","00:45:24,447"
Croods,Grug,No! 'Yes!,0551,neutral,4,"00:45:26,160","00:45:27,605"
Croods,Grug,"And no sooner than she did, their cave was destroyed...",0552,neutral,4,"00:45:27,760","00:45:30,525"
Croods,Grug,and die!,0555,happy,3,"00:45:35,360","00:45:36,805"
Croods,Grug,A place where things are better.,0584,neutral,4,"00:47:09,240","00:47:12,050"
Croods,Grug,Tomorrow isn't a place.,0585,neutral,4,"00:47:13,880","00:47:15,689"
Croods,Grug,That's where I'm going.,0589,neutral,4,"00:47:25,000","00:47:26,889"
Croods,Grug,We are going to shut our eyes and sleep.,0590,neutral,4,"00:47:36,240","00:47:40,245"
Croods,Grug,And when we wake up...,0591,neutral,4,"00:47:40,680","00:47:41,841"
Croods,Grug,Tomorrow?,0593,neutral,4,"00:47:44,400","00:47:45,447"
Croods,Grug,Oops.,0607,surprise,6,"00:48:54,200","00:48:55,361"
Croods,Grug,"Step aside, girls.",0612,others,7,"00:49:10,040","00:49:11,769"
Croods,Grug,Hello? Nobody's listening! No one is listening.,0613,others,7,"00:49:14,080","00:49:17,050"
Croods,Grug,And our log!,0617,neutral,4,"00:49:37,560","00:49:39,403"
Croods,Grug,Really?,0630,neutral,4,"00:50:46,480","00:50:47,641"
Croods,Grug,"Okay, smart Guy...",0631,neutral,4,"00:50:48,320","00:50:51,529"
Croods,Grug,Thank you!,0640,neutral,4,"00:51:31,160","00:51:32,321"
Croods,Grug,We've gotten along just fine without brains until now.,0648,neutral,4,"00:51:57,360","00:52:00,523"
Croods,Grug,Cavemen don't need brains. We have these.,0649,neutral,4,"00:52:00,720","00:52:03,883"
Croods,Grug,That's what I'm talking about! Ideas are for weaklings.,0650,neutral,4,"00:52:04,880","00:52:08,327"
Croods,Grug,and rode it to Tomorrow.,0656,neutral,4,"00:53:00,200","00:53:01,929"
Croods,Grug,Really? Okay.,0665,fear,2,"00:54:19,400","00:54:20,686"
Croods,Grug,Okay! That's enough!,0676,neutral,4,"00:55:44,120","00:55:45,963"
Croods,Grug,"No,no,no.",0684,neutral,4,"00:56:03,160","00:56:04,764"
Croods,Grug,It's my job to keep you safe.,0685,neutral,4,"00:56:04,960","00:56:06,962"
Croods,Grug,I'm still in charge and we are not splitting up.,0686,neutral,4,"00:56:07,120","00:56:10,442"
Croods,Grug,Except for you two.,0687,neutral,4,"00:56:11,120","00:56:12,246"
Croods,Grug,Hello?,0689,neutral,4,"00:56:33,960","00:56:35,610"
Croods,Grug,Just tell me what to do. What do I do? What do I do right now?,0693,neutral,4,"00:56:41,560","00:56:44,131"
Croods,Grug,Yeah.,0698,neutral,4,"00:56:54,160","00:56:55,685"
Croods,Grug,Croods!,0727,neutral,4,"01:00:58,400","01:00:59,970"
Croods,Grug,"Grug, they're okay. Guy is with them.",0729,happy,3,"01:01:01,560","01:01:04,370"
Croods,Grug,Guy is with them. Okay.,0730,happy,3,"01:01:04,920","01:01:07,127"
Croods,Grug,Thank you.,0731,happy,3,"01:01:07,640","01:01:08,721"
Croods,Grug,and why don't you join us when you stop being a big drag!,0734,others,7,"01:01:15,040","01:01:19,728"
Croods,Grug,Sleep pile?,0735,others,7,"01:01:27,920","01:01:29,490"
Croods,Grug,How about a story?,0736,sad,5,"01:01:33,720","01:01:35,484"
Croods,Grug,I'm going with Guy.,0748,sad,5,"01:03:18,560","01:03:20,403"
Croods,Grug,"Hey, wait! Let's ask that ugly lady if she's seen Dad.",0763,neutral,4,"01:04:04,040","01:04:07,806"
Croods,Grug,Yeah.,0766,neutral,4,"01:04:12,800","01:04:13,801"
Croods,Grug,"Belt, new and improved.",0769,fear,2,"01:04:19,560","01:04:21,608"
Croods,Grug,I call it a rug. Rhymes with Grug.,0773,happy,3,"01:04:31,240","01:04:33,641"
Croods,Grug,Let's do it again. I think I blinked.,0782,happy,3,"01:04:58,960","01:05:01,201"
Croods,Grug,"Grug, we have to keep moving.",0789,happy,3,"01:05:18,000","01:05:20,002"
Croods,Grug,"See, I got ideas. I got thoughts.",0790,happy,3,"01:05:20,320","01:05:22,971"
Croods,Grug,Isn't that something?,0792,happy,3,"01:05:26,280","01:05:28,009"
Croods,Grug,"See, I thought if I could have ideas...",0799,neutral,4,"01:05:51,520","01:05:55,525"
Croods,Grug,like Guy...,0800,neutral,4,"01:05:55,840","01:05:57,171"
Croods,Grug,maybe Eep would listen to me.,0801,neutral,4,"01:05:58,040","01:06:00,168"
Croods,Grug,And I also thought it would kill your mother.,0805,neutral,4,"01:06:11,560","01:06:14,769"
Croods,Grug,We're going to jump on the sun and ride it to Tomorrow with Guy!,0816,others,7,"01:07:11,240","01:07:14,926"
Croods,Grug,There's a difference.,0825,others,7,"01:07:37,920","01:07:39,285"
Croods,Grug,We have to follow Guy now.,0828,angry,0,"01:07:46,760","01:07:48,762"
Croods,Grug,Tar.,0843,angry,0,"01:08:53,720","01:08:54,767"
Croods,Grug,Stop struggling.,0845,angry,0,"01:08:57,920","01:08:59,046"
Croods,Grug,I know.,0850,sad,5,"01:09:13,720","01:09:15,210"
Croods,Grug,Family. Yeah.,0852,sad,5,"01:09:17,560","01:09:20,245"
Croods,Grug,You'll make it to Tomorrow.,0859,sad,5,"01:09:45,440","01:09:47,568"
Croods,Grug,You followed the light.,0860,neutral,4,"01:09:49,920","01:09:51,922"
Croods,Grug,Just like you forget to tell her.,0865,sad,5,"01:10:00,960","01:10:03,486"
Croods,Grug,It's okay. That's what dads do.,0867,neutral,4,"01:10:12,080","01:10:15,607"
Croods,Grug,That's right.,0868,neutral,4,"01:10:22,280","01:10:25,090"
Croods,Grug,But we can't do that from here.,0869,happy,3,"01:10:25,280","01:10:27,487"
Croods,Grug,We need one of your ideas.,0870,happy,3,"01:10:27,640","01:10:30,325"
Croods,Grug,I don't think our puppet looks scared enough.,0883,neutral,4,"01:11:30,400","01:11:32,050"
Croods,Grug,Scared? I'll show you scared.,0884,neutral,4,"01:11:32,200","01:11:34,567"
Croods,Grug,Hold on!,0886,happy,3,"01:11:52,720","01:11:54,404"
Croods,Grug,"Grug, your call.",0892,happy,3,"01:12:48,800","01:12:51,451"
Croods,Grug,We've got to get back to that cave.,0910,sad,5,"01:15:00,200","01:15:02,885"
Croods,Grug,No more hiding.,0912,sad,5,"01:15:08,920","01:15:11,127"
Croods,Grug,No more caves.,0913,neutral,4,"01:15:11,640","01:15:13,608"
Croods,Grug,What's the point of all this?,0914,neutral,4,"01:15:15,280","01:15:17,282"
Croods,Grug,I can't change.,0916,neutral,4,"01:15:27,440","01:15:29,124"
Croods,Grug,I don't have ideas.,0917,neutral,4,"01:15:29,280","01:15:31,442"
Croods,Grug,But I have my strength.,0918,neutral,4,"01:15:32,280","01:15:34,567"
Croods,Grug,And right now...,0919,neutral,4,"01:15:34,720","01:15:36,085"
Croods,Grug,It's too risky!,0922,happy,3,"01:15:43,000","01:15:44,968"
Croods,Grug,"That's a joke, right?",0926,neutral,4,"01:16:06,760","01:16:08,649"
Croods,Grug,"You're not coming, are you?",0931,neutral,4,"01:16:52,120","01:16:53,645"
Croods,Grug,Still alive!,0941,neutral,4,"01:17:47,520","01:17:49,807"
Croods,Grug,What do you call it?,0948,neutral,4,"01:18:06,720","01:18:08,245"
Croods,Grug,I was thinking of calling it a hug.,0949,neutral,4,"01:18:09,080","01:18:12,402"
Croods,Grug,Because it rhymes with Grug.,0950,neutral,4,"01:18:13,520","01:18:15,443"
Croods,Grug,No. I like hug.,0952,others,7,"01:18:20,680","01:18:23,650"
Croods,Grug,I'm scared.,0956,others,7,"01:18:43,440","01:18:45,124"
Croods,Grug,How do I get across?,0966,others,7,"01:22:29,920","01:22:31,649"
Croods,Grug,I have to think. What would Guy do?,0967,neutral,4,"01:22:31,840","01:22:34,969"
Croods,Grug,"What would Guy do, what would Guy do?",0968,neutral,4,"01:22:35,120","01:22:37,851"
Croods,Grug,What would I do?,0969,neutral,4,"01:22:40,040","01:22:41,963"
Croods,Grug,Hold this.,0970,neutral,4,"01:22:42,800","01:22:44,290"
Croods,Grug,Ihaveu.,0971,neutral,4,"01:22:59,680","01:23:03,127"
Croods,Grug,You really need to see this.,1004,happy,3,"01:28:06,600","01:28:09,888"
Croods,Guy,You talk.,0148,neutral,4,"00:18:01,320","00:18:02,810"
Croods,Guy,"I'm a person, like you.",0149,neutral,4,"00:18:02,960","00:18:04,849"
Croods,Guy,Sort of like you.,0150,disgust,1,"00:18:07,320","00:18:09,527"
Croods,Guy,"Okay, Okay-",0151,disgust,1,"00:18:12,520","00:18:13,601"
Croods,Guy,"Hey, hey, hey!",0152,neutral,4,"00:18:13,760","00:18:14,841"
Croods,Guy,It's dying! I can fix it! No! I caught it!,0164,neutral,4,"00:19:04,520","00:19:06,249"
Croods,Guy,Please! Please.,0165,neutral,4,"00:19:06,400","00:19:07,765"
Croods,Guy,I hate the dark.,0166,neutral,4,"00:19:07,920","00:19:09,206"
Croods,Guy,It does what you tell it?,0168,happy,3,"00:19:23,200","00:19:25,567"
Croods,Guy,The sun?,0170,happy,3,"00:19:28,200","00:19:29,201"
Croods,Guy,"Hi, fire.",0172,happy,3,"00:19:33,440","00:19:35,647"
Croods,Guy,But you said it was dying.,0174,neutral,4,"00:19:40,640","00:19:42,529"
Croods,Guy,It comes from where you come from?,0176,neutral,4,"00:19:45,280","00:19:47,009"
Croods,Guy,"Hey, those are cold!",0186,neutral,4,"00:20:10,880","00:20:12,530"
Croods,Guy,I don't even know you.,0190,neutral,4,"00:20:20,120","00:20:22,043"
Croods,Guy,"And this is Belt. Cook, conversationalist, navigator.",0193,neutral,4,"00:20:26,000","00:20:28,606"
Croods,Guy,Eep.,0197,neutral,4,"00:20:35,120","00:20:36,121"
Croods,Guy,What?,0199,neutral,4,"00:20:38,520","00:20:39,521"
Croods,Guy,How do you know?,0201,neutral,4,"00:20:45,120","00:20:46,360"
Croods,Guy,I have seen it. It's coming this way.,0202,neutral,4,"00:20:46,520","00:20:47,965"
Croods,Guy,"First, the ground is going to shake. Then it breaks open. Everything falls in.",0203,neutral,4,"00:20:48,120","00:20:51,602"
Croods,Guy,Fire. Lava.,0204,fear,2,"00:20:51,760","00:20:52,921"
Croods,Guy,"We got to get to high ground. I know a mountain, that way.",0207,neutral,4,"00:21:00,840","00:21:02,968"
Croods,Guy,It's our only chance.,0208,neutral,4,"00:21:03,120","00:21:04,804"
Croods,Guy,I can't.,0210,neutral,4,"00:21:08,960","00:21:11,281"
Croods,Guy,Okay.,0211,neutral,4,"00:21:11,720","00:21:12,767"
Croods,Guy,Here.,0212,neutral,4,"00:21:14,800","00:21:15,961"
Croods,Guy,Cavies! -Cavies?,0325,others,7,"00:33:10,920","00:33:12,490"
Croods,Guy,Yeah.,0332,neutral,4,"00:33:25,480","00:33:26,481"
Croods,Guy,Hi.,0364,fear,2,"00:34:47,120","00:34:48,121"
Croods,Guy,Going somewhere?,0389,fear,2,"00:36:23,440","00:36:24,441"
Croods,Guy,No. That was just the beginning of the end.,0392,neutral,4,"00:36:30,440","00:36:32,807"
Croods,Guy,I've got a dream...,0403,fear,2,"00:37:04,880","00:37:06,006"
Croods,Guy,Dad really has his heart set on a cave.,0409,surprise,6,"00:37:14,800","00:37:17,644"
Croods,Guy,Have you been there?,0411,neutral,4,"00:37:21,400","00:37:22,640"
Croods,Guy,Mom? Did you hear that? I can get my own stick!,0415,neutral,4,"00:37:28,720","00:37:31,246"
Croods,Guy,Yes. Sticks and caves. Caves and sticks.,0416,neutral,4,"00:37:31,400","00:37:33,846"
Croods,Guy,Don't do that. He will cut you.,0461,neutral,4,"00:39:32,120","00:39:33,884"
Croods,Guy,What's a pet?,0463,neutral,4,"00:39:36,120","00:39:37,201"
Croods,Guy,Get it off! You stay away from me.,0481,neutral,4,"00:40:25,520","00:40:27,522"
Croods,Guy,"There, who's hungry for scorpion?",0485,neutral,4,"00:40:50,360","00:40:53,489"
Croods,Guy,Why are you rolling away?,0505,neutral,4,"00:41:41,480","00:41:42,766"
Croods,Guy,You have bug for dinner. Plenty of bug!,0507,neutral,4,"00:41:45,080","00:41:48,243"
Croods,Guy,Please.,0508,neutral,4,"00:41:48,440","00:41:49,441"
Croods,Guy,What do you call this?,0514,happy,3,"00:42:07,280","00:42:08,361"
Croods,Guy,What does it do?,0516,happy,3,"00:42:09,920","00:42:11,046"
Croods,Guy,"So, what do we do?",0519,happy,3,"00:42:27,040","00:42:29,566"
Croods,Guy,How's your acting?,0520,happy,3,"00:42:30,800","00:42:32,450"
Croods,Guy,It's an avalanche of flavor.,0534,neutral,4,"00:43:59,640","00:44:01,608"
Croods,Guy,What are left overs?,0536,neutral,4,"00:44:31,680","00:44:33,603"
Croods,Guy,The end.,0556,neutral,4,"00:45:38,840","00:45:40,046"
Croods,Guy,Okay. But it won't be as good as Grug's.,0560,neutral,4,"00:45:57,640","00:46:01,247"
Croods,Guy,She lived in a cave with the rest of her family.,0562,neutral,4,"00:46:09,360","00:46:12,284"
Croods,Guy,"Her father and mother told her, You may go anywhere you want...",0563,neutral,4,"00:46:12,440","00:46:16,206"
Croods,Guy,she'd go near the cliff...,0567,neutral,4,"00:46:27,480","00:46:29,801"
Croods,Guy,for the closer she came to the edge...,0568,neutral,4,"00:46:29,960","00:46:31,883"
Croods,Guy,she stood at the very edge.,0572,neutral,4,"00:46:41,120","00:46:44,329"
Croods,Guy,She saw a light.,0573,neutral,4,"00:46:44,480","00:46:46,244"
Croods,Guy,And she fell.,0576,neutral,4,"00:46:51,520","00:46:52,885"
Croods,Guy,Where did she fly?,0578,neutral,4,"00:46:57,280","00:46:58,691"
Croods,Guy,It would be so bright.,0582,neutral,4,"00:47:04,800","00:47:06,165"
Croods,Guy,"A place not like today, or yesterday.",0583,neutral,4,"00:47:06,320","00:47:09,085"
Croods,Guy,You can't see it!,0586,neutral,4,"00:47:16,720","00:47:18,051"
Croods,Guy,I've seen it.,0588,neutral,4,"00:47:20,760","00:47:22,171"
Croods,Guy,The log ride is over.,0626,angry,0,"00:50:27,280","00:50:29,282"
Croods,Guy,Drop the log.,0627,angry,0,"00:50:29,440","00:50:30,771"
Croods,Guy,"Now, kick it away.",0628,angry,0,"00:50:35,160","00:50:37,128"
Croods,Guy,Okay.,0637,neutral,4,"00:51:25,120","00:51:26,121"
Croods,Guy,Okay.,0642,neutral,4,"00:51:38,360","00:51:39,646"
Croods,Guy,These shoes are great! Where do you get these ideas?,0644,happy,3,"00:51:41,680","00:51:45,321"
Croods,Guy,I'm calling it a brain.,0645,neutral,4,"00:51:49,320","00:51:51,402"
Croods,Guy,"So, how did the tiger fly?",0654,neutral,4,"00:52:55,240","00:52:58,050"
Croods,Guy,"No, no, no. Not cool!",0666,happy,3,"00:54:54,880","00:54:57,724"
Croods,Guy,I don't see why the kids need their own shells.,0677,neutral,4,"00:55:47,440","00:55:49,442"
Croods,Guy,Stay where you are. I'll find you.,0694,neutral,4,"00:56:44,280","00:56:46,169"
Croods,Guy,You dropped these.,0706,neutral,4,"00:59:05,040","00:59:06,405"
Croods,Guy,Thank you for that.,0742,happy,3,"01:01:58,840","01:02:01,320"
Croods,Guy,Tomorrow.,0746,happy,3,"01:03:13,880","01:03:15,723"
Croods,Guy,"I was up all night, because all these ideas just kept coming to me.",0767,neutral,4,"01:04:13,880","01:04:17,601"
Croods,Guy,and then up again into my mind.,0788,disgust,1,"01:05:13,000","01:05:15,162"
Croods,Guy,You remember how you were this morning? You changed.,0837,neutral,4,"01:08:18,200","01:08:19,884"
Croods,Guy,No. I have to get back to them.,0844,neutral,4,"01:08:54,840","01:08:57,207"
Croods,Guy,No!,0846,fear,2,"01:08:59,120","01:09:00,121"
Croods,Guy,"Grug, stop!",0847,sad,5,"01:09:00,240","01:09:01,241"
Croods,Guy,No one gets out of this.,0848,sad,5,"01:09:08,200","01:09:10,567"
Croods,Guy,Believe me...,0849,sad,5,"01:09:11,600","01:09:13,568"
Croods,Guy,You r--,0851,sad,5,"01:09:16,400","01:09:17,401"
Croods,Guy,Sorry.,0853,sad,5,"01:09:26,360","01:09:27,964"
Croods,Guy,I was little when it happened.,0854,sad,5,"01:09:31,240","01:09:33,766"
Croods,Guy,Last thing my parents told me was...,0855,sad,5,"01:09:34,760","01:09:37,206"
Croods,Guy,Live.,0857,sad,5,"01:09:39,600","01:09:41,090"
Croods,Guy,Follow the sun.,0858,sad,5,"01:09:42,920","01:09:45,287"
Croods,Guy,No.,0862,sad,5,"01:09:54,880","01:09:55,927"
Croods,Guy,She's like you.,0863,sad,5,"01:09:56,080","01:09:57,605"
Croods,Guy,"She loves you, but always forgets to say it.",0864,sad,5,"01:09:57,760","01:10:00,809"
Croods,Guy,I guess I was just busy keeping them all alive.,0866,sad,5,"01:10:06,560","01:10:11,691"
Croods,Guy,Come on. You can do it.,0871,neutral,4,"01:10:33,160","01:10:36,004"
Croods,Guy,"Belt! Emergency Idea Generator, activate!",0872,happy,3,"01:10:40,320","01:10:43,324"
Croods,Guy,He's not coming over.,0882,neutral,4,"01:11:29,000","01:11:30,240"
Croods,Guy,Yeah.,0890,happy,3,"01:12:33,080","01:12:34,445"
Croods,Guy,Hurry!,0894,others,7,"01:13:00,840","01:13:01,966"
Croods,Guy,You were right.,0896,happy,3,"01:13:05,960","01:13:07,530"
Croods,Guy,We can do it! We can ride it to Tomorrow!,0898,fear,2,"01:13:10,320","01:13:13,483"
Croods,Guy,Run!,0899,others,7,"01:13:37,480","01:13:38,641"
Croods,Guy,I don't understand.,0900,others,7,"01:14:06,720","01:14:09,041"
Croods,Guy,It's a chance.,0923,happy,3,"01:15:47,160","01:15:48,491"
Croods,Guy,I've wanted to throw you away ever since I met you.,0925,happy,3,"01:16:01,680","01:16:05,651"
Croods,Guy,He did it!,0986,happy,3,"01:26:54,160","01:26:55,400"
Croods,Thunk,Usually it's the reverse.,0240,happy,3,"00:22:31,960","00:22:33,849"
Croods,Thunk,"just to be clear, are we looking for the exact same cave?",0296,neutral,4,"00:28:38,960","00:28:42,521"
Croods,Thunk,If it was me-- I'm just throwing this out there...,0297,neutral,4,"00:28:42,680","00:28:45,160"
Croods,Thunk,if it was me choosing the cave...,0298,neutral,4,"00:28:45,320","00:28:47,721"
Croods,Thunk,"Dad, I got it.",0307,happy,3,"00:29:19,360","00:29:20,361"
Croods,Thunk,What?,0335,fear,2,"00:33:32,440","00:33:33,441"
Croods,Thunk,"No, no, no, wait!",0357,happy,3,"00:34:20,840","00:34:22,763"
Croods,Thunk,It likes me.,0358,fear,2,"00:34:25,760","00:34:26,966"
Croods,Thunk,"No, stop. Please, I'm only nine.",0361,fear,2,"00:34:37,640","00:34:39,688"
Croods,Thunk,Wow!,0381,surprise,6,"00:35:48,440","00:35:49,487"
Croods,Thunk,It looks like magic.,0382,happy,3,"00:35:50,080","00:35:51,684"
Croods,Thunk,And water. And sticks.,0414,surprise,6,"00:37:26,520","00:37:28,522"
Croods,Thunk,Quiet!,0418,fear,2,"00:37:36,000","00:37:37,161"
Croods,Thunk,Because I will turn this family around so fast!,0441,neutral,4,"00:38:50,560","00:38:53,245"
Croods,Thunk,"Come on, Thunk.",0472,others,7,"00:39:59,640","00:40:00,971"
Croods,Thunk,What happened to the egg and the bird?,0486,neutral,4,"00:40:55,640","00:40:58,120"
Croods,Thunk,We lost him.,0487,neutral,4,"00:40:58,720","00:40:59,881"
Croods,Thunk,But when the bird stepped on me and pushed me into the ground...,0488,neutral,4,"00:41:00,040","00:41:02,691"
Croods,Thunk,the scorpion grabbed a hold of me...,0489,neutral,4,"00:41:02,840","00:41:04,922"
Croods,Thunk,and one thing led to another and here we are eating him.,0490,neutral,4,"00:41:05,080","00:41:07,401"
Croods,Thunk,That's a good idea. How about a story?,0540,happy,3,"00:44:53,360","00:44:55,727"
Croods,Thunk,"And the door was so heavy, you'd think it would be easy to remember.",0546,happy,3,"00:45:13,720","00:45:18,521"
Croods,Thunk,she went out anyway.,0550,fear,2,"00:45:24,600","00:45:25,965"
Croods,Thunk,And she flew.,0577,others,7,"00:46:53,080","00:46:54,969"
Croods,Thunk,A place with more suns in the sky than you can count.,0581,others,7,"00:47:01,720","00:47:04,610"
Croods,Thunk,Do not step on those weird pointy rocks.,0609,happy,3,"00:49:01,920","00:49:05,447"
Croods,Thunk,Do you mean these rocks?,0610,angry,0,"00:49:05,600","00:49:06,886"
Croods,Thunk,There goes our chance for survival.,0616,neutral,4,"00:49:34,720","00:49:37,405"
Croods,Thunk,"We're okay, Grug.",0691,fear,2,"00:56:37,880","00:56:39,166"
Croods,Thunk,Dad? I'm freaking out a little bit.,0692,fear,2,"00:56:39,320","00:56:41,402"
Croods,Thunk,Come with me.,0707,happy,3,"00:59:40,040","00:59:41,565"
Croods,Thunk,Gran?,0710,neutral,4,"00:59:50,080","00:59:51,320"
Croods,Thunk,Can you do tricks? Roll over.,0719,happy,3,"01:00:23,720","01:00:26,007"
Croods,Thunk,I want to show you something.,0743,happy,3,"01:02:23,600","01:02:26,171"
Croods,Thunk,He's a big guy. How could he just disappear like that?,0762,happy,3,"01:04:00,720","01:04:03,883"
Croods,Thunk,"And this one, I call it a ride.",0774,neutral,4,"01:04:33,800","01:04:36,804"
Croods,Thunk,Thunk?,0818,neutral,4,"01:07:19,120","01:07:20,167"
Croods,Thunk,"Okay, Thunk. Your turn.",0930,sad,5,"01:16:49,720","01:16:51,961"
Croods,Thunk,Get out of the way!,0982,neutral,4,"01:26:43,320","01:26:46,403"
Incredibles,Violet,"Tony, I thought we were gonna go swimming.",0227,happy,3,"00:16:04,882","00:16:07,259"
Incredibles,Violet,"Now, it's perfectly normal... What do you know about normal?",0292,angry,0,"00:20:25,142","00:20:29,187"
Incredibles,Violet,"You can be in charge that long, can't you?",0742,others,7,"01:03:42,194","01:03:43,571"
Incredibles,Violet,Nothing. Just a little trouble with Daddy.,0744,others,7,"01:03:46,907","01:03:49,327"
Incredibles,Violet,Ow! Violet!,0790,others,7,"01:07:16,534","01:07:18,244"
Incredibles,Violet,Vi! Put a force field around the plane.,0823,fear,2,"01:09:20,240","01:09:22,785"
Incredibles,Violet,Mom!,0890,sad,5,"01:14:54,574","01:14:56,076"
Incredibles,Violet,"Mom, what happened on the plane. I'm sorry.",0891,sad,5,"01:14:57,077","01:14:59,621"
Incredibles,Violet,What do you think is going on here?,0913,angry,0,"01:19:36,523","01:19:38,275"
Incredibles,Violet,You think we're on vacation?,0914,neutral,4,"01:19:38,358","01:19:40,485"
Incredibles,Violet,Mom and Dad's lives could be in jeopardy.,0915,neutral,4,"01:19:40,902","01:19:43,697"
Incredibles,Violet,"So, the bad guys are trying to wreck Mom and Dad's marriage.",0918,others,7,"01:19:48,201","01:19:52,706"
Incredibles,Violet,Voice key incorrect.,0938,neutral,4,"01:22:16,015","01:22:17,809"
Incredibles,Violet,Think they're supers?,0962,fear,2,"01:24:08,503","01:24:09,546"
Incredibles,Violet,Great! I can't fly a rocket. You don't have to.,1032,neutral,4,"01:32:31,172","01:32:34,842"
Incredibles,Violet,Syndrome's remote!,1098,surprise,6,"01:38:16,183","01:38:17,476"
Incredibles,Violet,Do you... Shh.,1192,happy,3,"01:46:17,289","01:46:18,623"
Incredibles,Bob,Mr. Incredible... Do you have a secret identity?,0004,neutral,4,"00:00:40,959","00:00:44,295"
Incredibles,Bob,Every superhero has a secret identity. I don't know a single one who doesn't.,0005,neutral,4,"00:00:44,379","00:00:48,299"
Incredibles,Bob,that's all right with me. I'm good. I'm good.,0014,happy,3,"00:01:21,040","00:01:24,961"
Incredibles,Bob,"No matter how many times you save the world,",0015,neutral,4,"00:01:25,211","00:01:27,130"
Incredibles,Bob,it always manages to get back in jeopardy again.,0016,neutral,4,"00:01:27,171","00:01:30,842"
Incredibles,Bob,"Sometimes I just want it to stay saved, you know?",0017,neutral,4,"00:01:30,925","00:01:34,387"
Incredibles,Bob,Please? We're not finished.,0021,neutral,4,"00:01:42,353","00:01:45,273"
Incredibles,Bob,"Sometimes I think I'd just like the simple life, you know?",0022,neutral,4,"00:01:45,356","00:01:48,693"
Incredibles,Bob,All units. We have a tour bus robbery...,0035,neutral,4,"00:03:54,360","00:03:56,779"
Incredibles,Bob,Tour bus robbery. I've still got time.,0036,neutral,4,"00:03:56,821","00:03:59,323"
Incredibles,Bob,Who are you supposed to be? I'm IncrediBoy.,0039,neutral,4,"00:04:04,787","00:04:07,373"
Incredibles,Bob,What? No.,0040,neutral,4,"00:04:07,457","00:04:09,041"
Incredibles,Bob,You're that kid from the fan club.,0041,others,7,"00:04:09,125","00:04:11,335"
Incredibles,Bob,My name is IncrediBoy.,0043,neutral,4,"00:04:14,172","00:04:16,007"
Incredibles,Bob,"Hey, look...",0053,neutral,4,"00:04:51,000","00:04:52,043"
Incredibles,Bob,"My job, you mean. A simple thank you will suffice.",0059,neutral,4,"00:05:09,644","00:05:12,563"
Incredibles,Bob,flexible.,0066,happy,3,"00:05:28,621","00:05:29,747"
Incredibles,Bob,I think you broke something.,0074,neutral,4,"00:06:15,167","00:06:17,128"
Incredibles,Bob,"With counseling, I think you'll come to forgive me.",0075,neutral,4,"00:06:17,169","00:06:20,298"
Incredibles,Bob,Wait a minute.,0076,neutral,4,"00:06:20,381","00:06:22,174"
Incredibles,Bob,I invented these. I can fly. Can you fly?,0090,others,7,"00:07:28,824","00:07:32,286"
Incredibles,Bob,They picked him up.,0101,others,7,"00:08:47,153","00:08:48,154"
Incredibles,Bob,The blast in that building was caused by Bomb Voyage,0102,neutral,4,"00:08:48,237","00:08:50,656"
Incredibles,Bob,I don't understand. I have full coverage.,0150,others,7,"00:11:38,032","00:11:40,910"
Incredibles,Bob,"I'm sorry, Mrs. Hogenson,",0151,others,7,"00:11:40,951","00:11:43,120"
Incredibles,Bob,We're now officially moved in.,0156,others,7,"00:11:53,214","00:11:55,507"
Incredibles,Bob,Why do we have so much junk?,0160,neutral,4,"00:12:04,016","00:12:05,476"
Incredibles,Bob,On the third floor. But I can't.,0170,neutral,4,"00:12:40,261","00:12:42,513"
Incredibles,Bob,with our legal department on the second floor.,0172,neutral,4,"00:12:46,725","00:12:48,686"
Incredibles,Bob,I wouldn't expect someone to get back to you quickly to resolve the matter.,0173,neutral,4,"00:12:48,769","00:12:52,022"
Incredibles,Bob,You authorized payment on the Walker policy!,0179,neutral,4,"00:13:06,537","00:13:08,706"
Incredibles,Bob,Darn kids. Sitting on the driveway...,0230,neutral,4,"00:16:38,081","00:16:41,043"
Incredibles,Bob,Nobody saw me. You could barely see it on the tape.,0245,neutral,4,"00:17:59,371","00:18:02,457"
Incredibles,Bob,We are not encouraging this.,0248,neutral,4,"00:18:08,338","00:18:09,715"
Incredibles,Bob,Violet!,0269,neutral,4,"00:19:09,399","00:19:10,776"
Incredibles,Bob,"Uprooting our family again, so you can relive the glory days is a bad thing.",0364,angry,0,"00:25:25,316","00:25:29,487"
Incredibles,Bob,"This is not about you, Bob. It's about Dash.",0373,angry,0,"00:25:52,343","00:25:54,637"
Incredibles,Bob,"Why what? Be specific, Bob.",0396,neutral,4,"00:27:39,909","00:27:41,744"
Incredibles,Bob,Your customers make me unhappy.,0398,neutral,4,"00:27:43,538","00:27:45,373"
Incredibles,Bob,"You know, Bob, a company...",0410,neutral,4,"00:28:19,282","00:28:23,620"
Incredibles,Bob,"Listen, Bob. Maybe I could relocate you, you know, for old times' sake.",0443,neutral,4,"00:30:28,119","00:30:32,457"
Incredibles,Bob,I can't do that to my family. Everyone just got settled.,0444,neutral,4,"00:30:32,540","00:30:35,877"
Incredibles,Bob,"I don't know. Something amazing, I guess.",0448,sad,5,"00:30:54,729","00:30:58,775"
Incredibles,Bob,"Me, too, kid.",0449,surprise,6,"00:30:59,692","00:31:01,194"
Incredibles,Bob,You are one distracted guy.,0480,neutral,4,"00:34:05,753","00:34:08,422"
Incredibles,Bob,I just want you to know how much it means to me that you stay at it anyway.,0483,neutral,4,"00:34:16,180","00:34:20,893"
Incredibles,Bob,"The, uh... What?",0486,neutral,4,"00:34:25,982","00:34:27,650"
Incredibles,Bob,A conference? Out of town.,0488,neutral,4,"00:34:30,403","00:34:32,613"
Incredibles,Bob,"it's confronted with. And, unfortunately...",0500,neutral,4,"00:35:09,150","00:35:12,028"
Incredibles,Bob,One more thing. Obviously it represents a significant investment.,0508,neutral,4,"00:35:34,925","00:35:38,888"
Incredibles,Bob,Every moment you fight it increases its knowledge of how to beat you.,0512,neutral,4,"00:36:05,748","00:36:09,502"
Incredibles,Bob,And don't die. Great. Thanks.,0514,neutral,4,"00:36:11,837","00:36:15,341"
Incredibles,Bob,"Oh, my back!",0519,neutral,4,"00:38:54,917","00:38:56,460"
Incredibles,Bob,Praise him. Make him feel like we appreciate his abilities.,0524,neutral,4,"00:40:33,349","00:40:37,269"
Incredibles,Bob,"Surely, you of all people understand that.",0531,neutral,4,"00:40:55,996","00:40:58,374"
Incredibles,Bob,"But, you know, it is not the same. Not the same at all.",0551,neutral,4,"00:43:37,157","00:43:41,453"
Incredibles,Bob,"But perhaps you come with a challenge, eh? I was surprised to get your call.",0558,neutral,4,"00:44:00,472","00:44:05,894"
Incredibles,Bob,You can't be seen in this. I won't allow it!,0565,neutral,4,"00:44:24,079","00:44:26,582"
Incredibles,Bob,You need a new suit. That much is certain.,0568,neutral,4,"00:44:34,131","00:44:36,758"
Incredibles,Bob,Heroic!,0575,happy,3,"00:44:53,775","00:44:54,985"
Incredibles,Bob,"Yeah, something classic, like Dynaguy!",0576,happy,3,"00:44:55,068","00:44:58,739"
Incredibles,Bob,"Who was that, honey? The, uh, office?",0600,neutral,4,"00:46:31,915","00:46:34,668"
Incredibles,Bob,I only wanted to help! And what did you say to me?,0648,neutral,4,"00:51:18,285","00:51:21,538"
Incredibles,Bob,Especially your heroes.,0652,others,7,"00:51:30,463","00:51:32,173"
Incredibles,Bob,Who did you contact?,0784,sad,5,"01:06:57,556","01:06:58,557"
Incredibles,Bob,Friendlies... No!,0818,others,7,"01:09:06,685","01:09:07,895"
Incredibles,Bob,I seem to recall you prefer to work alone.,0851,angry,0,"01:11:20,027","01:11:23,405"
Incredibles,Bob,Or what?,0853,angry,0,"01:11:36,126","01:11:37,127"
Incredibles,Bob,"That sounds a little dark for you. Well, go ahead.",0855,angry,0,"01:11:38,837","01:11:41,715"
Incredibles,Bob,They're here on the island!,0948,others,7,"01:23:11,905","01:23:13,656"
Incredibles,Bob,"Oh, you're referring to me now?",0956,happy,3,"01:23:46,272","01:23:48,107"
Incredibles,Bob,"I should've told you I was fired, I admit it.",0973,happy,3,"01:27:07,306","01:27:09,642"
Incredibles,Bob,We're running for our lives through some godforsaken jungle.,0976,happy,3,"01:27:12,478","01:27:15,356"
Incredibles,Bob,I'm sorry.,1014,sad,5,"01:31:04,627","01:31:05,836"
Incredibles,Bob,This is my fault. I've been a lousy father.,1015,sad,5,"01:31:06,379","01:31:10,091"
Incredibles,Bob,So caught up in the past that I...,1019,sad,5,"01:31:18,265","01:31:20,977"
Incredibles,Bob,but I think it's time we wind down now.,1023,sad,5,"01:31:33,322","01:31:35,992"
Incredibles,Bob,Where are all the guards?,1026,neutral,4,"01:31:53,634","01:31:54,760"
Incredibles,Bob,Use the coordinates from the last launch.,1033,sad,5,"01:32:35,426","01:32:37,636"
Incredibles,Bob,"Here we go, honey.",1059,neutral,4,"01:35:00,529","01:35:02,239"
Incredibles,Bob,I'm with you for better or worse.,1076,neutral,4,"01:36:23,362","01:36:25,197"
Incredibles,Bob,I can't lose you again!,1084,sad,5,"01:36:39,003","01:36:40,921"
Incredibles,Bob,"If we work together, you won't have to be.",1087,sad,5,"01:36:56,520","01:36:59,356"
Incredibles,Bob,The people of this country are indebted to you.,1134,neutral,4,"01:42:07,706","01:42:09,750"
Incredibles,Bob,"Thanks, Dad. That was cool when you threw that car!",1143,happy,3,"01:42:31,480","01:42:34,149"
Incredibles,Buddy,Brophy. Brody. Buddy! Buddy!,0042,angry,0,"00:04:11,419","00:04:14,130"
Incredibles,Buddy,signed every scrap of paper you pushed at me...,0045,neutral,4,"00:04:18,259","00:04:20,845"
Incredibles,Buddy,"No, don't worry about training me. I know your moves,",0046,happy,3,"00:04:20,928","00:04:23,556"
Incredibles,Buddy,"crime fighting style, favorite catch phrases, everything!",0047,happy,3,"00:04:23,639","00:04:26,601"
Incredibles,Buddy,"Go home, Buddy. Now. What?",0081,neutral,4,"00:07:05,051","00:07:06,677"
Incredibles,Buddy,but you never say which part to be true to.,0084,happy,3,"00:07:11,557","00:07:14,393"
Incredibles,Buddy,"This is because I don't have powers, isn't it?",0087,others,7,"00:07:22,485","00:07:24,695"
Incredibles,Buddy,"Not every superhero has powers, you know.",0088,others,7,"00:07:24,779","00:07:26,864"
Incredibles,Buddy,You can be super without them.,0089,others,7,"00:07:26,948","00:07:28,741"
Incredibles,Dash,We need to find a better outlet. A more constructive outlet.,0209,others,7,"00:14:56,313","00:15:00,818"
Incredibles,Dash,"Honey, you know why we can't do that.",0211,others,7,"00:15:03,821","00:15:05,989"
Incredibles,Dash,The last thing you need is temptation.,0215,others,7,"00:15:16,208","00:15:18,335"
Incredibles,Dash,"You always say, Do your best. But you don't really mean it.",0216,others,7,"00:15:18,419","00:15:21,839"
Incredibles,Dash,"and to fit in, we just gotta be like everybody else.",0219,others,7,"00:15:26,885","00:15:29,471"
Incredibles,Dash,"Our powers made us special. Everyone's special, Dash.",0221,disgust,1,"00:15:32,516","00:15:36,103"
Incredibles,Dash,"Dash, you have something you wanna tell your father about school?",0238,happy,3,"00:17:40,602","00:17:44,982"
Incredibles,Dash,Honey! Kids! Listen to your mother.,0261,neutral,4,"00:18:46,460","00:18:49,713"
Incredibles,Dash,Your father and I are still gonna discuss it.,0289,others,7,"00:20:18,135","00:20:20,220"
Incredibles,Dash,"What are these? Look, I'm The Dash!",0753,happy,3,"01:04:21,484","01:04:24,445"
Incredibles,Dash,What makes you think it's special?,0759,neutral,4,"01:04:42,630","01:04:44,673"
Incredibles,Dash,"Disengage. Repeat, disengage!",0826,fear,2,"01:09:27,247","01:09:29,291"
Incredibles,Dash,That way is our best bet.,0863,fear,2,"01:12:22,756","01:12:24,258"
Incredibles,Dash,I'm so proud of you.,0868,happy,3,"01:13:38,373","01:13:39,958"
Incredibles,Dash,Hey!,0911,neutral,4,"01:18:33,835","01:18:34,836"
Incredibles,Dash,Their marriage?,0917,neutral,4,"01:19:46,366","01:19:47,909"
Incredibles,Dash,I'm not gonna leave the cave. Sheesh.,0921,surprise,6,"01:19:58,336","01:20:02,173"
Incredibles,Dash,"Ha, ha!",0970,happy,3,"01:25:34,380","01:25:35,757"
Incredibles,Dash,The remote controls the robot!,1099,others,7,"01:38:27,319","01:38:28,570"
Incredibles,Dash,The robot?,1107,fear,2,"01:39:57,284","01:39:58,285"
Incredibles,Dash,Not as cool as you running on water.,1144,happy,3,"01:42:34,232","01:42:36,526"
Incredibles,Dash,When are you coming back?,1150,others,7,"01:42:53,585","01:42:54,961"
Incredibles,Helen,Who wants the pressure of being super all the time?,0006,neutral,4,"00:00:48,383","00:00:51,594"
Incredibles,Helen,Of course I have a secret identity.,0007,neutral,4,"00:00:53,638","00:00:55,723"
Incredibles,Helen,Can you see me in this at the supermarket? Come on.,0008,neutral,4,"00:00:55,807","00:00:59,477"
Incredibles,Helen,Relax a little and raise a family.,0023,others,7,"00:01:48,776","00:01:51,195"
Incredibles,Helen,Settle down? Are you kidding? I'm at the top of my game!,0024,others,7,"00:01:51,362","00:01:54,449"
Incredibles,Helen,"I'm up there with the big dogs! Girls, come on.",0025,others,7,"00:01:54,532","00:01:57,243"
Incredibles,Helen,Elastigirl.,0054,neutral,4,"00:04:57,632","00:04:58,883"
Incredibles,Helen,"Well, we could share, you know. I work alone.",0064,neutral,4,"00:05:21,864","00:05:25,076"
Incredibles,Helen,"Well, I think you need to be more",0065,neutral,4,"00:05:25,117","00:05:27,620"
Incredibles,Helen,Are you doing anything later?,0067,neutral,4,"00:05:29,831","00:05:32,166"
Incredibles,Helen,"I love you, but if we're gonna make this work,",0119,neutral,4,"00:09:48,672","00:09:51,092"
Incredibles,Helen,"I appreciate you coming down here, Mrs. Parr.",0186,others,7,"00:13:34,023","00:13:36,483"
Incredibles,Helen,"You can see it on his smug little face. Guilty, I say, guilty!",0207,others,7,"00:14:44,093","00:14:47,721"
Incredibles,Helen,"Dash, this is the third time this year you've been sent to the office.",0208,others,7,"00:14:51,392","00:14:56,230"
Incredibles,Helen,"Maybe I could, if you'd let me go out for sports.",0210,neutral,4,"00:15:00,901","00:15:03,737"
Incredibles,Helen,I promise I'll slow up. I'll only be the best by a tiny bit.,0212,neutral,4,"00:15:06,031","00:15:10,577"
Incredibles,Helen,you are an incredibly competitive boy. And a bit of a showoff.,0214,neutral,4,"00:15:12,621","00:15:16,166"
Incredibles,Helen,Why can't I do the best that I can do?,0217,others,7,"00:15:21,880","00:15:24,133"
Incredibles,Helen,"Right now, honey, the world just wants us to fit in,",0218,neutral,4,"00:15:24,174","00:15:26,844"
Incredibles,Helen,What? What for? Nothing.,0243,angry,0,"00:17:54,783","00:17:56,493"
Incredibles,Helen,You must have been booking. How fast were you going?,0247,angry,0,"00:18:05,794","00:18:08,297"
Incredibles,Helen,Here. I'm getting a new plate.,0253,neutral,4,"00:18:22,144","00:18:24,938"
Incredibles,Helen,"I'm not hungry for meatloaf. Well, it is leftover night.",0256,neutral,4,"00:18:31,111","00:18:34,740"
Incredibles,Helen,Where are you two going? It's Wednesday.,0285,others,7,"00:20:02,452","00:20:04,705"
Incredibles,Helen,"Will do. Good night, Helen. Good night, kids.",0287,angry,0,"00:20:08,125","00:20:10,836"
Incredibles,Helen,Your father and I are still gonna discuss it.,0289,neutral,4,"00:20:18,135","00:20:20,220"
Incredibles,Helen,I thought you'd be back by 11:00. I said I'd be back later.,0351,neutral,4,"00:24:44,067","00:24:47,404"
Incredibles,Helen,It was just a little workout. Just to stay loose.,0355,angry,0,"00:25:03,003","00:25:06,423"
Incredibles,Helen,What?,0358,angry,0,"00:25:12,137","00:25:13,388"
Incredibles,Helen,It was on fire. Structurally unsound. It was coming down.,0360,neutral,4,"00:25:15,098","00:25:18,143"
Incredibles,Helen,"is what's happening now, Bob. And you are missing this!",0367,angry,0,"00:25:35,452","00:25:38,955"
Incredibles,Helen,but if someone is exceptional...,0372,angry,0,"00:25:50,341","00:25:52,302"
Incredibles,Helen,You know why we can't do that. Because he'd be great.,0376,angry,0,"00:26:00,518","00:26:03,021"
Incredibles,Helen,I was gonna say evil. We're sorry we woke you.,0385,neutral,4,"00:26:30,673","00:26:33,218"
Incredibles,Helen,"Good night, Mom. Night, Dad. Good night.",0387,others,7,"00:26:36,054","00:26:37,847"
Incredibles,Helen,Am I? I don't mean to be.,0481,neutral,4,"00:34:08,464","00:34:10,299"
Incredibles,Helen,I know you miss being a hero and your job is frustrating.,0482,neutral,4,"00:34:10,383","00:34:16,138"
Incredibles,Helen,See you there. Goodbye.,0599,happy,3,"00:46:27,369","00:46:29,121"
Incredibles,Helen,See you there.,0617,neutral,4,"00:48:43,880","00:48:45,382"
Incredibles,Helen,E? This is Helen. Helen who?,0620,others,7,"00:49:22,377","00:49:25,088"
Incredibles,Helen,Darling! It's been such a long time after all these years! So long!,0623,others,7,"00:49:30,719","00:49:34,973"
Incredibles,Helen,It's been a while.,0624,others,7,"00:49:35,056","00:49:36,808"
Incredibles,Helen,There's only one person Bob would trust,0625,angry,0,"00:49:36,892","00:49:38,393"
Incredibles,Helen,"I won't do it, you know. Beg?",0631,neutral,4,"00:49:50,280","00:49:51,781"
Incredibles,Helen,"and it turned out so beautiful, I had to continue.",0675,neutral,4,"00:54:17,964","00:54:21,509"
Incredibles,Helen,"Well, darling? What do you think?",0706,others,7,"00:56:35,226","00:56:38,313"
Incredibles,Helen,What do I think? Bob is retired! I'm retired!,0707,others,7,"00:56:38,354","00:56:42,901"
Incredibles,Helen,Why would he keep secrets from you?,0711,others,7,"00:56:50,450","00:56:53,328"
Incredibles,Helen,Would you like to find out?,0727,sad,5,"01:01:32,190","01:01:35,109"
Incredibles,Helen,There's lots of leftovers that you can reheat.,0739,angry,0,"01:03:33,352","01:03:35,730"
Incredibles,Helen,"Make sure Dash does his homework. And both of you, get to bed on time.",0740,neutral,4,"01:03:35,813","01:03:40,151"
Incredibles,Helen,Yeah. But why am I in charge again?,0743,others,7,"01:03:43,696","01:03:46,866"
Incredibles,Helen,"You mean Dad's in trouble, or Dad is the trouble?",0745,others,7,"01:03:49,410","01:03:53,748"
Incredibles,Helen,We all get cool outfits?,0749,angry,0,"01:04:09,096","01:04:10,514"
Incredibles,Helen,Dash! You come back here this moment!,0750,neutral,4,"01:04:11,849","01:04:13,601"
Incredibles,Helen,"Hey, Snug. Thanks for getting back.",0751,neutral,4,"01:04:16,062","01:04:18,564"
Incredibles,Helen,I don't know. Why'd Mom try to hide it?,0760,neutral,4,"01:04:44,757","01:04:47,510"
Incredibles,Helen,VFR on top. Over.,0765,neutral,4,"01:05:17,206","01:05:18,916"
Incredibles,Helen,"Island tower, this is India Golf niner-niner",0766,neutral,4,"01:05:21,877","01:05:24,672"
Incredibles,Helen,requesting vectors to the initial.,0767,neutral,4,"01:05:24,713","01:05:27,049"
Incredibles,Helen,"Easy, Helen. Easy. Easy, girl.",0768,neutral,4,"01:05:37,852","01:05:40,020"
Incredibles,Helen,You're overreacting. Everything's fine. They're just all getting coffee.,0769,neutral,4,"01:05:40,062","01:05:44,316"
Incredibles,Helen,...and it's not my fault! Hundred percent all-yours idea!,0795,angry,0,"01:07:26,335","01:07:30,214"
Incredibles,Helen,We wouldn't do that. Thanks a lot!,0798,angry,0,"01:07:36,428","01:07:38,722"
Incredibles,Helen,because half the time I don't know what anyone's talking about.,0808,others,7,"01:08:02,663","01:08:05,666"
Incredibles,Helen,"Kari, I really don't feel comfortable with this.",0809,neutral,4,"01:08:05,916","01:08:09,378"
Incredibles,Helen,Who can handle it?,0814,others,7,"01:08:20,139","01:08:22,057"
Incredibles,Helen,"Disengage. Repeat, disengage.",0816,others,7,"01:08:32,359","01:08:34,278"
Incredibles,Helen,You said not to use our powers.,0824,angry,0,"01:09:22,868","01:09:24,620"
Incredibles,Helen,I know what I said. Listen to what I'm saying now!,0825,others,7,"01:09:24,703","01:09:27,206"
Incredibles,Helen,There are children aboard! No!,0831,angry,0,"01:09:41,929","01:09:43,639"
Incredibles,Helen,I've never done one that big.,0833,angry,0,"01:09:47,017","01:09:48,477"
Incredibles,Helen,Do it now!,0834,fear,2,"01:09:48,560","01:09:49,645"
Incredibles,Helen,"Abort, abort, abort!",0836,neutral,4,"01:09:55,067","01:09:56,527"
Incredibles,Helen,Both of you will get a grip.,0846,angry,0,"01:11:06,638","01:11:08,599"
Incredibles,Helen,"If it means land, yes. Do you expect us to swim there?",0865,neutral,4,"01:12:27,177","01:12:31,223"
Incredibles,Helen,I expect you to trust me.,0866,happy,3,"01:12:31,265","01:12:34,101"
Incredibles,Helen,"Thanks, Mom.",0869,neutral,4,"01:13:40,500","01:13:41,877"
Incredibles,Helen,"If you haven't noticed, we're not doing so hot either.",0871,neutral,4,"01:13:50,510","01:13:53,513"
Incredibles,Helen,Protect it.,0876,neutral,4,"01:14:06,652","01:14:07,694"
Incredibles,Helen,But you said never to use... I know what I said!,0878,neutral,4,"01:14:09,905","01:14:13,158"
Incredibles,Helen,"Well, these guys are not like those guys.",0881,neutral,4,"01:14:21,166","01:14:23,877"
Incredibles,Helen,They will kill you if they get the chance.,0883,neutral,4,"01:14:28,006","01:14:31,009"
Incredibles,Helen,You have more power than you realize.,0897,neutral,4,"01:15:14,803","01:15:16,888"
Incredibles,Helen,"If the time comes, you'll know what to do.",0899,neutral,4,"01:15:20,017","01:15:22,310"
Incredibles,Helen,How could I betray the perfect woman?,0955,others,7,"01:23:44,187","01:23:46,231"
Incredibles,Helen,You didn't want me to worry?,0975,others,7,"01:27:11,060","01:27:12,437"
Incredibles,Helen,Wait here and stay hidden. I'm going in.,1072,angry,0,"01:36:11,725","01:36:14,395"
Incredibles,Helen,I'm not strong enough.,1086,others,7,"01:36:45,968","01:36:47,803"
Incredibles,Helen,We're superheroes. What can happen?,1089,fear,2,"01:37:01,317","01:37:03,694"
Incredibles,Helen,"No, the other one! The first one!",1118,others,7,"01:40:47,793","01:40:50,420"
Incredibles,Helen,Helen! What are you waiting for?,1123,others,7,"01:40:58,929","01:41:01,431"
Incredibles,Lucius,"Who'd want to go shopping as Elastigirl, know what I mean?",0009,neutral,4,"00:00:59,561","00:01:01,813"
Incredibles,Lucius,"Superladies, they're always trying to tell you their secret identity.",0010,neutral,4,"00:01:03,898","00:01:07,694"
Incredibles,Lucius,Think it'll strengthen the relationship or something.,0011,happy,3,"00:01:07,777","00:01:10,905"
Incredibles,Lucius,"I said, Girl, I don't want to know about your mild-mannered alter ego.",0012,neutral,4,"00:01:10,989","00:01:16,327"
Incredibles,Lucius,So now I'm in deep trouble.,0298,neutral,4,"00:20:48,081","00:20:49,750"
Incredibles,Lucius,Yammering. Yammering.,0304,neutral,4,"00:21:07,768","00:21:09,019"
Incredibles,Lucius,Want to catch a robber? No.,0309,neutral,4,"00:21:18,528","00:21:20,697"
Incredibles,Lucius,Where is my supersuit? What?,1037,angry,0,"01:33:03,996","01:33:05,831"
Incredibles,Lucius,The public is in danger! My evening's in danger!,1043,angry,0,"01:33:21,305","01:33:24,683"
Incredibles,Mirage,Let me guess. It got smart enough to wonder why it had to take orders.,0501,neutral,4,"00:35:12,111","00:35:15,698"
Incredibles,Mirage,"The Omnidroid's defenses necessitate an air drop from 5,000 feet.",0505,neutral,4,"00:35:24,248","00:35:28,169"
Incredibles,Mirage,We're pretty sure it's on the southern half of the island.,0507,neutral,4,"00:35:31,714","00:35:34,884"
Incredibles,Mirage,You are Mr. Incredible.,0510,neutral,4,"00:35:42,099","00:35:43,976"
Incredibles,Mirage,Am I overdressed?,0525,neutral,4,"00:40:38,646","00:40:39,897"
Incredibles,Mirage,I take it our host is... I'm sorry.,0527,neutral,4,"00:40:43,400","00:40:45,694"
Incredibles,Mirage,Of course. I do usually make it a point to know who I'm working for.,0529,neutral,4,"00:40:49,031","00:40:52,868"
Incredibles,Mirage,He prefers a certain amount of anonymity.,0530,neutral,4,"00:40:52,910","00:40:55,913"
Incredibles,Mirage,"I was just wondering, of all the places to settle down, why live...",0532,neutral,4,"00:40:58,415","00:41:03,087"
Incredibles,Mirage,It's a weakness we share. Seems a bit unstable.,0534,neutral,4,"00:41:07,549","00:41:11,387"
Incredibles,Mirage,Aren't we all?,0536,neutral,4,"00:41:15,224","00:41:16,308"
Incredibles,Mirage,I had everything under control.,0904,neutral,4,"01:16:11,985","01:16:13,695"
Incredibles,Mirage,I knew he wouldn't have it in him to actually...,0907,angry,0,"01:16:19,618","01:16:22,079"
Incredibles,Mirage,How can you possibly bring me lower? What more can you take away from me?,0946,others,7,"01:23:02,937","01:23:07,942"
Incredibles,Mirage,Family survived the crash.,0947,others,7,"01:23:08,109","01:23:11,571"
Incredibles,Riga,"Yes, things are going quite well. Quite well. My God, no complaints.",0550,neutral,4,"00:43:32,653","00:43:37,074"
Incredibles,Riga,with poofy lips who think only about themselves.,0556,neutral,4,"00:43:53,132","00:43:55,676"
Incredibles,Riga,"E, I just need a patch job.",0559,neutral,4,"00:44:05,936","00:44:08,272"
Incredibles,Riga,"Hmm. This is megamesh. Outmoded, but very sturdy.",0560,neutral,4,"00:44:08,355","00:44:11,692"
Incredibles,Riga,Must have happened a long time ago.,0563,disgust,1,"00:44:19,032","00:44:20,909"
Incredibles,Riga,"I see. This is a hobo suit, darling.",0564,others,7,"00:44:20,951","00:44:23,996"
Incredibles,Riga,"I never look back, darling. It distracts from the now.",0567,others,7,"00:44:30,919","00:44:34,089"
Incredibles,Riga,A new suit? Where the heck am I gonna get a new suit?,0569,angry,0,"00:44:36,842","00:44:39,344"
Incredibles,Riga,You can't! It's impossible! I'm far too busy.,0570,others,7,"00:44:39,428","00:44:41,889"
Incredibles,Riga,Wait. You want to make me a suit?,0572,happy,3,"00:44:44,224","00:44:47,102"
Incredibles,Riga,You know I'm retired from hero work.,0591,happy,3,"00:45:43,492","00:45:45,535"
Incredibles,Riga,"E, I only need a patch job. For sentimental reasons.",0593,disgust,1,"00:45:48,956","00:45:53,335"
Incredibles,Riga,to patch his supersuit. That's you.,0626,neutral,4,"00:49:38,435","00:49:40,145"
Incredibles,Riga,"Yes, yes, yes. Marvelous, isn't it?",0627,neutral,4,"00:49:40,228","00:49:42,230"
Incredibles,Riga,Bob's suit! I'm calling about Bob's suit.,0633,neutral,4,"00:49:54,576","00:49:57,370"
Incredibles,Riga,"Consumed me as only hero work can. My best work, I must admit.",0672,neutral,4,"00:54:07,287","00:54:11,541"
Incredibles,Riga,"E, I just... I did Robert's suit,",0674,happy,3,"00:54:16,004","00:54:17,839"
Incredibles,Riga,"It's great to see you, but I have no idea what you're talking about.",0676,neutral,4,"00:54:21,551","00:54:25,346"
Incredibles,Riga,"I just... Yes, words are useless.",0677,disgust,1,"00:54:25,638","00:54:27,724"
Incredibles,Riga,"Gobble, gobble, gobble. Too much of it, darling. Too much!",0678,neutral,4,"00:54:27,807","00:54:30,727"
Incredibles,Riga,That is why I show you my work.,0679,angry,0,"00:54:30,810","00:54:32,896"
Incredibles,Riga,That is why you are here.,0680,neutral,4,"00:54:33,188","00:54:34,689"
Incredibles,Riga,Shh! Darling! I cut it a little roomy for the free movement.,0686,neutral,4,"00:55:14,562","00:55:18,566"
Incredibles,Riga,And can also withstand a temperature of over 1000 degrees.,0688,neutral,4,"00:55:22,278","00:55:26,574"
Incredibles,Riga,Completely bulletproof.,0689,neutral,4,"00:55:28,952","00:55:30,745"
Incredibles,Riga,What on earth do you think the baby will be doing?,0691,neutral,4,"00:55:36,084","00:55:38,753"
Incredibles,Riga,You helped my husband resume secret hero work behind my back?,0709,neutral,4,"00:56:44,569","00:56:47,739"
Incredibles,Riga,"Well, I assumed you knew, darling.",0710,neutral,4,"00:56:47,822","00:56:50,366"
Incredibles,Riga,He wouldn't. Didn't. Doesn't.,0712,neutral,4,"00:56:53,620","00:56:56,039"
Incredibles,Riga,"The new sports car, the getting in shape, the blond hair, the lies.",0729,disgust,1,"01:02:57,441","01:03:01,237"
Incredibles,Riga,Now I'm losing him! What'll I do? What'll I do?,0731,angry,0,"01:03:04,282","01:03:08,703"
Incredibles,Riga,What are you talking about?,0732,angry,0,"01:03:08,744","01:03:11,205"
Incredibles,Riga,What will you do? Is this a question?,0734,angry,0,"01:03:17,003","01:03:19,088"
Incredibles,Riga,and you will remind him who you are!,0736,others,7,"01:03:21,716","01:03:24,719"
Incredibles,Syndrome,"You know, I went through quite a few supers to get it worthy to fight you,",0640,happy,3,"00:50:47,796","00:50:52,175"
Incredibles,Syndrome,"After you trashed the last one, I had to make some major modifications.",0642,happy,3,"00:50:55,804","00:50:59,808"
Incredibles,Syndrome,"Sure it was difficult, but you are worth it.",0643,others,7,"00:50:59,891","00:51:02,978"
Incredibles,Syndrome,And it's not IncrediBoy either!,0646,neutral,4,"00:51:12,445","00:51:14,656"
Incredibles,Syndrome,That ship has sailed. All I wanted was to help you.,0647,angry,0,"00:51:14,739","00:51:18,201"
Incredibles,Syndrome,You can't count on anyone.,0651,angry,0,"00:51:28,211","00:51:30,171"
Incredibles,Syndrome,And they will pay through the nose to get it.,0657,neutral,4,"00:51:43,518","00:51:46,104"
Incredibles,Syndrome,"Now I have a weapon only I can defeat. And when I unleash it, I'll get...",0659,happy,3,"00:51:48,857","00:51:52,902"
Incredibles,Syndrome,Who's super now?,0664,others,7,"00:52:11,046","00:52:12,631"
Incredibles,Syndrome,"Oh, brilliant!",0666,neutral,4,"00:52:16,926","00:52:18,470"
Incredibles,Syndrome,"I always knew you were tough, but tricking the probe",0772,others,7,"01:06:08,299","01:06:11,177"
Incredibles,Syndrome,"by hiding under the bones of another super? Oh, man!",0773,others,7,"01:06:11,218","01:06:15,222"
Incredibles,Syndrome,I'm still geeking out about it!,0774,others,7,"01:06:15,264","01:06:17,725"
Incredibles,Syndrome,And then you had to just go and ruin the ride.,0775,others,7,"01:06:19,351","01:06:22,563"
Incredibles,Syndrome,"I mean, Mr. Incredible calling for help? Help me, help me.",0776,angry,0,"01:06:22,605","01:06:27,568"
Incredibles,Syndrome,"Lame, lame, lame.",0777,angry,0,"01:06:27,610","01:06:30,070"
Incredibles,Syndrome,I didn't know about the homing device.,0782,angry,0,"01:06:45,961","01:06:48,923"
Incredibles,Syndrome,We have a confirmed hit. Target was destroyed.,0849,others,7,"01:11:13,937","01:11:17,608"
Incredibles,Syndrome,"Ah, you'll get over it.",0850,others,7,"01:11:17,816","01:11:19,735"
Incredibles,Syndrome,Release me. Now!,0852,angry,0,"01:11:33,540","01:11:35,542"
Incredibles,Syndrome,I'll crush her.,0854,others,7,"01:11:37,211","01:11:38,754"
Incredibles,Syndrome,I knew you couldn't do it.,0858,angry,0,"01:11:59,399","01:12:01,360"
Incredibles,Syndrome,"I called his bluff, sweetheart, that's all.",0906,others,7,"01:16:17,074","01:16:19,493"
Incredibles,Syndrome,Wow. Whoa.,0989,angry,0,"01:28:50,368","01:28:51,869"
Incredibles,Syndrome,It's a whole family of supers. Looks like I've hit the jackpot!,0995,happy,3,"01:29:25,736","01:29:30,324"
Incredibles,Syndrome,do some damage. Throngs of screaming people!,1000,happy,3,"01:29:45,131","01:29:47,884"
Incredibles,Syndrome,You mean you killed off real heroes so that you could pretend to be one?,1003,others,7,"01:29:55,683","01:29:59,854"
Incredibles,Syndrome,I'll give them heroics.,1006,others,7,"01:30:06,903","01:30:08,112"
Incredibles,Syndrome,I'll give them the most spectacular heroics anyone's ever seen!,1007,others,7,"01:30:08,154","01:30:11,574"
Incredibles,Syndrome,so that everyone can be superheroes. Everyone can be super.,1009,others,7,"01:30:14,911","01:30:19,248"
Incredibles,Syndrome,"Hey, Zone.",1126,surprise,6,"01:41:31,920","01:41:33,046"
Incredibles,Syndrome,I didn't call a replacement.,1161,neutral,4,"01:43:21,863","01:43:24,074"
Incredibles,Syndrome,"Supportive, encouraging. Everything you weren't.",1165,others,7,"01:43:40,382","01:43:43,593"
Tinker,TinkerBell,Hello. Hello.,0020,surprise,6,"00:03:46,687","00:03:48,314"
Tinker,TinkerBell,Welcome to Pixie Hollow. I trust you found your way all right.,0025,neutral,4,"00:04:10,710","00:04:15,147"
Tinker,TinkerBell,"Now, let's see about those wings.",0027,neutral,4,"00:04:19,252","00:04:21,584"
Tinker,TinkerBell,"They will help you find your talent, little one.",0029,neutral,4,"00:05:07,067","00:05:09,830"
Tinker,TinkerBell,We're pleased as a pile of perfectly polished pots you're here.,0048,happy,3,"00:07:48,058","00:07:51,755"
Tinker,TinkerBell,Uh...,0049,happy,3,"00:07:51,862","00:07:52,920"
Tinker,TinkerBell,You've arrived at a most wondrous and glorious time.,0052,happy,3,"00:08:00,903","00:08:05,670"
Tinker,TinkerBell,Welcome to Tinker's Nook.,0073,surprise,6,"00:09:22,850","00:09:25,011"
Tinker,TinkerBell,"There's your house, Tinker Bell.",0085,happy,3,"00:10:39,226","00:10:41,524"
Tinker,TinkerBell,"Yes, being a tinker is never a bore! Yes, being a tinker is never a bore!",0114,happy,3,"00:12:58,896","00:13:03,060"
Tinker,TinkerBell,Okay.,0132,happy,3,"00:14:01,190","00:14:02,248"
Tinker,TinkerBell,Sprinting thistles! Bobble! Bobble!,0144,neutral,4,"00:15:09,224","00:15:12,216"
Tinker,TinkerBell,Oh.,0165,others,7,"00:16:56,062","00:16:57,086"
Tinker,TinkerBell,I'm gonna take it to the mainland.,0167,others,7,"00:17:07,874","00:17:09,808"
Tinker,TinkerBell,"And then, there it is.",0177,surprise,6,"00:17:32,698","00:17:34,563"
Tinker,TinkerBell,Can you find your way back?,0190,neutral,4,"00:18:27,518","00:18:29,577"
Tinker,TinkerBell,"Hi, there!",0193,others,7,"00:18:39,063","00:18:40,063"
Tinker,TinkerBell,Sorry.,0194,neutral,4,"00:18:42,900","00:18:44,094"
Tinker,TinkerBell,We didn't officially meet. I'm Tinker Bell.,0196,neutral,4,"00:18:52,910","00:18:55,743"
Tinker,TinkerBell,The new girl.,0198,happy,3,"00:18:59,183","00:19:00,377"
Tinker,TinkerBell,What do you think it is?,0200,neutral,4,"00:19:06,056","00:19:07,990"
Tinker,TinkerBell,Fairies of every talent depend on me.,0206,happy,3,"00:19:27,544","00:19:30,411"
Tinker,TinkerBell,Excuse me?,0208,happy,3,"00:19:35,118","00:19:36,118"
Tinker,TinkerBell,"I mean, tinkers help fairies of every talent, too.",0209,happy,3,"00:19:36,252","00:19:38,550"
Tinker,TinkerBell,"I work up in the sky, and you work down in a ditch.",0213,others,7,"00:19:49,499","00:19:53,765"
Tinker,TinkerBell,It's not like spring depends on you.,0217,angry,0,"00:20:02,111","00:20:04,409"
Tinker,TinkerBell,Of course it does!,0218,angry,0,"00:20:04,514","00:20:06,038"
Tinker,TinkerBell,When who goes to the mainland?,0220,angry,0,"00:20:09,853","00:20:11,821"
Tinker,TinkerBell,"Oh, of course. You'll prove it, huh?",0222,others,7,"00:20:17,160","00:20:19,822"
Tinker,TinkerBell,"Well, I, for one, am looking forward to that. Excuse me.",0224,angry,0,"00:20:21,296","00:20:25,995"
Tinker,TinkerBell,No. Excuse me.,0225,angry,0,"00:20:27,536","00:20:29,299"
Tinker,TinkerBell,Mine is a rare talent.,0226,angry,0,"00:20:34,877","00:20:36,868"
Tinker,TinkerBell,"I'll show her what a rare talent really is, when I...",0229,neutral,4,"00:20:42,284","00:20:44,775"
Tinker,TinkerBell,Lost things.,0233,neutral,4,"00:22:26,252","00:22:27,719"
Tinker,TinkerBell,"You know, from the mainland.",0236,neutral,4,"00:22:34,561","00:22:36,290"
Tinker,TinkerBell,These come from the mainland?,0237,neutral,4,"00:22:36,396","00:22:38,523"
Tinker,TinkerBell,Lost things? Why are you fiddling with that junk?,0241,neutral,4,"00:22:48,341","00:22:51,606"
Tinker,TinkerBell,"Oh, um...",0242,neutral,4,"00:22:51,711","00:22:53,042"
Tinker,TinkerBell,"Well, we'd best be getting ready for the review, anyway.",0252,neutral,4,"00:23:19,838","00:23:22,830"
Tinker,TinkerBell,Like me. I can be a wheel.,0257,neutral,4,"00:23:35,754","00:23:37,745"
Tinker,TinkerBell,Hmm.,0258,happy,3,"00:23:38,490","00:23:39,548"
Tinker,TinkerBell,Queen Clarion!,0279,neutral,4,"00:26:05,367","00:26:06,834"
Tinker,TinkerBell,I came up with some fantastic things,0283,happy,3,"00:26:13,909","00:26:15,706"
Tinker,TinkerBell,Let me show you!,0286,neutral,4,"00:26:22,218","00:26:23,810"
Tinker,TinkerBell,"First, baby chipmunks can't eat the whole nut, right?",0287,neutral,4,"00:26:25,521","00:26:28,752"
Tinker,TinkerBell,Their little teeth can't chew big bites.,0288,neutral,4,"00:26:28,857","00:26:31,189"
Tinker,TinkerBell,"So you just crank back this lever, and it's...",0289,others,7,"00:26:31,293","00:26:34,751"
Tinker,TinkerBell,"Tinker Bell, I... Here, allow me to demonstrate.",0294,others,7,"00:26:55,618","00:26:58,815"
Tinker,TinkerBell,Sorry.,0295,neutral,4,"00:27:08,630","00:27:09,790"
Tinker,TinkerBell,"But I thought that... I'm sorry, Tinker Bell.",0303,surprise,6,"00:27:31,185","00:27:34,382"
Tinker,TinkerBell,"Oh, okay. No. No, that's good.",0304,neutral,4,"00:27:36,791","00:27:40,591"
Tinker,TinkerBell,Excuse me?,0312,neutral,4,"00:28:32,179","00:28:33,976"
Tinker,TinkerBell,The mainland? Who gives a pile of pebbles about the mainland?,0314,neutral,4,"00:28:39,052","00:28:43,386"
Tinker,TinkerBell,"Now, Tinker Bell, are you a garden fairy?",0316,neutral,4,"00:28:46,727","00:28:49,924"
Tinker,TinkerBell,"Animal fairy? Water fairy, perhaps?",0319,neutral,4,"00:28:54,667","00:28:57,431"
Tinker,TinkerBell,"Until then, your work is here.",0325,neutral,4,"00:29:13,853","00:29:16,083"
Tinker,TinkerBell,Tinker Bell? Tinker Bell?,0337,neutral,4,"00:30:14,579","00:30:15,623"
Tinker,TinkerBell,What? What?,0339,neutral,4,"00:30:19,651","00:30:20,651"
Tinker,TinkerBell,"Well, I was thinking. Why do I have to be a tinker?",0340,neutral,4,"00:30:20,752","00:30:23,915"
Tinker,TinkerBell,Just 'cause some silly hammer glowed?,0341,neutral,4,"00:30:24,022","00:30:26,582"
Tinker,TinkerBell,"I mean, who's to say it wasn't some big mistake?",0342,neutral,4,"00:30:26,691","00:30:29,353"
Tinker,TinkerBell,"She's right. Me, neither.",0351,neutral,4,"00:30:54,151","00:30:56,085"
Tinker,TinkerBell,Look. You all do things that are beautiful and magical and important.,0352,sad,5,"00:30:56,253","00:31:02,749"
Tinker,TinkerBell,"But me, well,",0353,sad,5,"00:31:03,060","00:31:06,496"
Tinker,TinkerBell,there's gotta be more to my life than just pots and kettles.,0354,sad,5,"00:31:06,597","00:31:10,328"
Tinker,TinkerBell,This is a don't drop. That's water fairy humor.,0374,happy,3,"00:32:08,958","00:32:12,894"
Tinker,TinkerBell,Forgot my dewdrop.,0381,happy,3,"00:32:30,179","00:32:31,908"
Tinker,TinkerBell,"Oh, wow.",0421,neutral,4,"00:35:36,428","00:35:38,293"
Tinker,TinkerBell,Huh?,0422,happy,3,"00:35:40,665","00:35:41,757"
Tinker,TinkerBell,"Tinker Bell, I'd like a word with you.",0444,happy,3,"00:37:43,019","00:37:45,249"
Tinker,TinkerBell,Fairy Mary!,0445,neutral,4,"00:37:45,355","00:37:46,720"
Tinker,TinkerBell,So I can do this my whole life?,0450,others,7,"00:38:13,616","00:38:15,550"
Tinker,TinkerBell,"Hey, Tink! You ready?",0456,neutral,4,"00:38:57,159","00:38:58,990"
Tinker,TinkerBell,"Hey, why don't you help that last little guy?",0466,neutral,4,"00:39:33,995","00:39:36,896"
Tinker,TinkerBell,"Okay, okay. Just smile and establish trust.",0467,happy,3,"00:39:41,869","00:39:46,397"
Tinker,TinkerBell,"Hi, there!",0468,happy,3,"00:39:46,841","00:39:48,172"
Tinker,TinkerBell,"Hey, little fella, you wanna do some flap-flap today?",0469,neutral,4,"00:39:49,043","00:39:53,002"
Tinker,TinkerBell,"No, no, no. None of that. Come on. All we got to do is...",0472,others,7,"00:40:03,224","00:40:06,489"
Tinker,TinkerBell,"Look. I'm going to level with you, okay?",0474,neutral,4,"00:40:09,930","00:40:12,296"
Tinker,TinkerBell,"I kind of bombed out on the whole water and light fairy things,",0475,neutral,4,"00:40:12,400","00:40:16,029"
Tinker,TinkerBell,and I'm starting to run out of options here.,0476,neutral,4,"00:40:16,137","00:40:18,502"
Tinker,TinkerBell,"and take flight for a few measly seconds,",0478,happy,3,"00:40:21,241","00:40:23,607"
Tinker,TinkerBell,I might be able to go to the mainland and bring happiness to the world!,0479,neutral,4,"00:40:23,710","00:40:27,111"
Tinker,TinkerBell,What do you say?,0480,happy,3,"00:40:27,213","00:40:29,147"
Tinker,TinkerBell,"Okay, okay, okay. I'm letting go. I am letting go.",0486,others,7,"00:40:47,333","00:40:50,928"
Tinker,TinkerBell,Tinker Bell...,0504,others,7,"00:42:46,250","00:42:47,740"
Tinker,TinkerBell,I can't hold water. I can't hold light.,0505,others,7,"00:42:49,253","00:42:51,847"
Tinker,TinkerBell,Birds hate me. I'm just so useless!,0506,others,7,"00:42:51,956","00:42:55,687"
Tinker,TinkerBell,Great. I failed for the third time in a row.,0508,neutral,4,"00:43:09,940","00:43:12,841"
Tinker,TinkerBell,"At this rate, I should get to the mainland right about... Oh... Never!",0509,neutral,4,"00:43:13,843","00:43:18,610"
Tinker,TinkerBell,Huh?,0510,neutral,4,"00:43:20,817","00:43:21,817"
Tinker,TinkerBell,It's a really pretty thingy. What is it?,0519,neutral,4,"00:45:51,199","00:45:55,533"
Tinker,TinkerBell,"Tinker Bell, don't you even realize what you're doing? You're tinkering!",0521,others,7,"00:45:57,672","00:46:02,074"
Tinker,TinkerBell,"Yeah! Who cares about going to the mainland, anyway?",0526,neutral,4,"00:46:16,022","00:46:18,547"
Tinker,TinkerBell,"Well, I do, remember?",0527,neutral,4,"00:46:18,658","00:46:20,990"
Tinker,TinkerBell,Why are you saying this? Are you just giving up on me?,0529,neutral,4,"00:46:23,997","00:46:26,329"
Tinker,TinkerBell,"Tink, we just want you to be happy.",0532,others,7,"00:46:33,340","00:46:35,570"
Tinker,TinkerBell,"If you really want me to be happy, you'll help me get to the mainland",0533,others,7,"00:46:35,675","00:46:38,610"
Tinker,TinkerBell,"Please, Tinker Bell, just think about it.",0535,others,7,"00:46:41,681","00:46:44,878"
Tinker,TinkerBell,Come on. They're just weeds.,0547,neutral,4,"00:48:24,449","00:48:26,576"
Tinker,TinkerBell,Hyah!,0549,neutral,4,"00:48:37,529","00:48:38,621"
Tinker,TinkerBell,We can do this. I know we can do this. What do you say?,0550,happy,3,"00:48:43,401","00:48:47,838"
Tinker,TinkerBell,Sorry. Sorry!,0567,others,7,"00:50:44,520","00:50:46,146"
Tinker,TinkerBell,what did you think you were doing?,0571,others,7,"00:51:44,545","00:51:45,944"
Tinker,TinkerBell,"Forever's a pretty long time, so I hear.",0612,sad,5,"00:54:39,416","00:54:42,078"
Tinker,TinkerBell,You know my name?,0614,neutral,4,"00:54:43,787","00:54:45,414"
Tinker,TinkerBell,You're probably the most important one there is!,0619,others,7,"00:54:57,134","00:54:59,568"
Tinker,TinkerBell,"Without you, no one would have any magic!",0620,neutral,4,"00:54:59,670","00:55:01,968"
Tinker,TinkerBell,"Why, your talent makes you who you are!",0621,neutral,4,"00:55:02,072","00:55:04,768"
Tinker,TinkerBell,"Hey, Cheese.",0624,neutral,4,"00:55:57,126","00:55:58,525"
Tinker,TinkerBell,Be proud of your talent. What talent?,0625,neutral,4,"00:56:00,863","00:56:03,593"
Tinker,TinkerBell,Lost things.,0627,happy,3,"00:56:20,383","00:56:21,782"
Tinker,TinkerBell,"Tinker Bell, I don't think this is...",0638,neutral,4,"00:57:22,344","00:57:24,278"
Tinker,TinkerBell,Just hear me out. Please.,0639,neutral,4,"00:57:24,379","00:57:27,313"
Tinker,TinkerBell,She's the reason we're in this mess in the first place!,0647,neutral,4,"00:58:10,558","00:58:13,118"
Tinker,TinkerBell,"Hide the squirrels! What is your problem, Vidia?",0650,angry,0,"00:58:20,267","00:58:23,463"
Tinker,TinkerBell,"I am better than you, sweetie. I didn't ruin spring.",0652,angry,0,"00:58:25,438","00:58:28,896"
Tinker,TinkerBell,At least now I'm trying to help.,0653,angry,0,"00:58:29,008","00:58:31,101"
Tinker,TinkerBell,"Now, Tinker Bell, are you sure you can do this?",0666,happy,3,"00:59:20,552","00:59:24,989"
Tinker,TinkerBell,Yes.,0667,happy,3,"00:59:27,993","00:59:29,051"
Tinker,TinkerBell,Because I'm a tinker. It's who I am.,0668,neutral,4,"00:59:30,395","00:59:34,024"
Tinker,TinkerBell,And tinkers fix things.,0669,neutral,4,"00:59:36,034","00:59:37,934"
Tinker,TinkerBell,Twig.,0682,neutral,4,"01:00:26,817","01:00:28,045"
Tinker,TinkerBell,Hammer.,0683,neutral,4,"01:00:28,152","01:00:29,744"
Tinker,TinkerBell,"Magnification, please. Thank you.",0684,neutral,4,"01:00:29,854","01:00:32,721"
Tinker,TinkerBell,"You did it, Tinker Bell. You saved spring.",0696,neutral,4,"01:02:54,796","01:02:58,288"
Tinker,TinkerBell,"Yeah, she's done so much for everyone.",0699,neutral,4,"01:03:04,439","01:03:07,464"
Tinker,TinkerBell,It's okay. My work is here.,0702,neutral,4,"01:03:14,015","01:03:16,575"
Tinker,TinkerBell,And I'd imagine there's a little girl out there who's missing this.,0711,neutral,4,"01:03:44,578","01:03:48,708"
Tinker,TinkerBell,"Thank you, Your Highness.",0720,neutral,4,"01:04:11,471","01:04:13,439"
Tinker,TinkerBell,Good heavens.,0723,happy,3,"01:04:26,152","01:04:27,619"
Tinker,Alejandra,We didn't officially meet. I'm Tinker Bell.,0196,happy,3,"00:18:52,910","00:18:55,743"
Tinker,Alejandra,"Oh, yes.",0197,neutral,4,"00:18:56,547","00:18:57,809"
Tinker,Alejandra,"That's right! So, what's your talent?",0199,neutral,4,"00:19:00,484","00:19:04,113"
Tinker,Alejandra,You're a pollen-izer? Pollen-ator? Pollen-picker? Pollen-plucker?,0201,others,7,"00:19:08,592","00:19:14,087"
Tinker,Alejandra,"I am a fast-flying fairy, a true rare talent.",0202,others,7,"00:19:14,198","00:19:17,827"
Tinker,Alejandra,And this is but a small part of what I do.,0203,neutral,4,"00:19:18,302","00:19:20,770"
Tinker,Alejandra,"I make breezes in the summer, blow down leaves in the fall.",0204,neutral,4,"00:19:20,871","00:19:24,533"
Tinker,Alejandra,"My winds even brought you here, dear.",0205,happy,3,"00:19:24,641","00:19:27,439"
Tinker,Alejandra,"Hey, that's just like what I do.",0207,neutral,4,"00:19:31,347","00:19:33,713"
Tinker,Alejandra,"So we're kind of the same, you know?",0210,happy,3,"00:19:38,655","00:19:41,180"
Tinker,Alejandra,"Sweetie, I make forces of nature.",0211,others,7,"00:19:43,560","00:19:47,189"
Tinker,Alejandra,You make pots and kettles.,0212,others,7,"00:19:47,697","00:19:49,392"
Tinker,Alejandra,Hey!,0214,neutral,4,"00:19:54,437","00:19:55,495"
Tinker,Alejandra,"Don't get me wrong, sunshine. Being a tinker is really swell and all,",0215,others,7,"00:19:55,605","00:19:58,733"
Tinker,Alejandra,but I wouldn't go around bragging about your talent.,0216,others,7,"00:19:58,842","00:20:02,005"
Tinker,Alejandra,"And when I go to the mainland, I'll prove just how important we are.",0219,others,7,"00:20:06,149","00:20:09,744"
Tinker,Alejandra,"Me, of course! For spring!",0221,others,7,"00:20:11,921","00:20:14,754"
Tinker,Alejandra,"Yes, I will.",0223,others,7,"00:20:20,129","00:20:21,186"
Tinker,Alejandra,"I mean, there must be something I could do.",0542,others,7,"00:47:50,249","00:47:53,082"
Tinker,Alejandra,Attaboy.,0551,others,7,"00:48:51,775","00:48:53,003"
Tinker,Alejandra,This ought to be good.,0552,angry,0,"00:49:03,487","00:49:05,352"
Tinker,Alejandra,"Making paint, gathering seeds, we can do it all in no time.",0644,angry,0,"00:58:00,147","00:58:03,844"
Tinker,Alejandra,We have to at least try!,0645,angry,0,"00:58:04,418","00:58:06,386"
Tinker,Alejandra,Wait a... Are we really gonna listen to her?,0646,angry,0,"00:58:07,221","00:58:10,281"
Tinker,Alejandra,But I can fix it.,0648,neutral,4,"00:58:13,227","00:58:15,058"
Tinker,Alejandra,Why do you think you're so much better than me?,0651,angry,0,"00:58:23,603","00:58:25,414"
Tinker,Alejandra,Have you ever helped anyone besides yourself?,0654,angry,0,"00:58:31,211","00:58:33,645"
Tinker,Alejandra,"Well, I tried to help you!",0655,angry,0,"00:58:33,746","00:58:35,543"
Tinker,Alejandra,Maybe I should have told you to capture the hawk,0656,angry,0,"00:58:35,648","00:58:37,548"
Tinker,Alejandra,as soon as possible.,0663,others,7,"00:59:04,937","00:59:05,937"
Tinker,Fairy,Tip-top shape. No wheels missing whatsoever!,0121,neutral,4,"00:13:25,255","00:13:28,224"
Tinker,Fairy,"She's new, Fairy Mary. Nice to meet you.",0126,happy,3,"00:13:40,204","00:13:42,967"
Tinker,Fairy,Rapture! A new charge on whom we can lavish,0127,happy,3,"00:13:43,072","00:13:45,939"
Tinker,Fairy,all our tinkering wisdom and expertise!,0128,neutral,4,"00:13:46,042","00:13:48,772"
Tinker,Fairy,Let me see those hands.,0129,neutral,4,"00:13:50,913","00:13:52,813"
Tinker,Fairy,"Teetering teapots, so dainty.",0130,happy,3,"00:13:53,683","00:13:56,618"
Tinker,Fairy,"Don't worry, dear. We'll build up those tinker muscles in no time.",0131,neutral,4,"00:13:56,953","00:14:01,014"
Tinker,Fairy,Okay.,0132,neutral,4,"00:14:01,190","00:14:02,248"
Tinker,Fairy,if you could go with us. Yes. That's exactly what he was saying.,0139,neutral,4,"00:14:23,079","00:14:27,539"
Tinker,Fairy,Huh?,0240,neutral,4,"00:22:46,673","00:22:47,673"
Tinker,Fairy,"Well, they were just so unusual.",0243,neutral,4,"00:22:53,446","00:22:56,074"
Tinker,Fairy,You mustn't be wasting your time with that rubbish.,0244,angry,0,"00:22:56,182","00:22:58,650"
Tinker,Fairy,And I won't have it cluttering up my workshop.,0245,angry,0,"00:22:58,752","00:23:01,312"
Tinker,Fairy,"And as for you two,",0246,angry,0,"00:23:01,421","00:23:03,252"
Tinker,Fairy,And don't forget about the Queen's review tonight.,0248,neutral,4,"00:23:06,526","00:23:08,926"
Tinker,Fairy,"Goodness, there's still so much to be done!",0249,neutral,4,"00:23:09,029","00:23:11,895"
Tinker,Fairy,Vidia was right. Being a tinker stinks.,0311,neutral,4,"00:28:28,075","00:28:31,306"
Tinker,Fairy,"It's just, why don't we get to go to the mainland?",0313,neutral,4,"00:28:34,748","00:28:37,945"
Tinker,Fairy,"But, Fairy Mary, the other fairies get to go.",0315,neutral,4,"00:28:44,091","00:28:46,616"
Tinker,Fairy,"Well, no.",0317,neutral,4,"00:28:50,831","00:28:52,025"
Tinker,Fairy,Are you a light fairy? No.,0318,neutral,4,"00:28:52,132","00:28:54,565"
Tinker,Fairy,No and no.,0320,neutral,4,"00:28:57,536","00:28:59,003"
Tinker,Fairy,No. You're not. You are a tinker. It's who you are.,0321,neutral,4,"00:28:59,105","00:29:03,303"
Tinker,Fairy,"What Clank did was, he took it off... Bobble told me that I should...",0406,neutral,4,"00:34:28,929","00:34:32,194"
Tinker,Fairy,"See, I was on my deliveries, and it's actually kind of...",0446,neutral,4,"00:37:47,390","00:37:52,089"
Tinker,Fairy,"Save it. I know what you've been up to, missy.",0447,others,7,"00:37:52,195","00:37:55,460"
Tinker,Fairy,"Fairy Mary, is it even possible to redo everything in such a short time?",0596,others,7,"00:53:19,172","00:53:23,609"
Tinker,Fairy,I didn't have a clue what it was or how to fix it.,0709,neutral,4,"01:03:34,335","01:03:37,600"
Tinker,Fairy,What do you mean? How...,0712,happy,3,"01:03:49,450","01:03:51,418"
Tinker,Fairy,I think that perhaps a certain tinker fairy,0713,happy,3,"01:03:51,519","01:03:54,181"
Tinker,Fairy,"might have a job to do after all,",0714,happy,3,"01:03:54,288","01:03:56,813"
Tinker,Queen,"Born of laughter, clothed in cheer,",0023,neutral,4,"00:04:04,171","00:04:07,265"
Tinker,Queen,I think so.,0026,neutral,4,"00:04:15,615","00:04:17,310"
Tinker,Queen,What are these things?,0028,neutral,4,"00:05:05,231","00:05:06,960"
Tinker,Queen,Little daisy top might be a very rare talent indeed.,0036,neutral,4,"00:07:00,378","00:07:04,211"
Tinker,Queen,"Come forward, tinker fairies,",0037,happy,3,"00:07:12,722","00:07:15,156"
Tinker,Queen,"As Minister of Spring, I welcome you to Springtime Square.",0266,neutral,4,"00:25:24,761","00:25:28,993"
Tinker,Queen,"Oh, well, yeah, that could be arranged. Light fairies! Light fairies!",0268,neutral,4,"00:25:31,701","00:25:34,727"
Tinker,Queen,"I'm teasing. You always make such a fuss,",0269,happy,3,"00:25:34,838","00:25:38,035"
Tinker,Queen,Music to my ears.,0274,happy,3,"00:25:51,121","00:25:53,351"
Tinker,Queen,"I know you've all put in months of practice and preparation,",0275,happy,3,"00:25:53,456","00:25:56,687"
Tinker,Queen,"but keep up the good work these last few days,",0276,neutral,4,"00:25:57,227","00:25:59,991"
Tinker,Queen,Phew! Good.,0281,neutral,4,"00:26:10,739","00:26:12,229"
Tinker,Queen,"But wait till you see this last one. Tinker Bell, sweetheart,",0296,neutral,4,"00:27:10,298","00:27:14,166"
Tinker,Queen,"She's right, Tink. This has all gone too far.",0576,others,7,"00:51:57,391","00:52:00,326"
Tinker,Queen,I did it. It was all my fault.,0580,neutral,4,"00:52:26,453","00:52:28,819"
Tinker,Queen,It has! Did you ever hear of the Ice Age?,0594,others,7,"00:53:14,066","00:53:16,296"
Tinker,Queen,"Settle down, all of you.",0595,sad,5,"00:53:16,402","00:53:18,370"
Tinker,Queen,I'm afraid I have distressing news.,0630,sad,5,"00:56:51,546","00:56:54,037"
Tinker,Queen,"Months of work was lost,",0632,sad,5,"00:56:59,321","00:57:01,619"
Tinker,Queen,and it will take us months to restore it all.,0633,sad,5,"00:57:01,723","00:57:04,283"
Tinker,Queen,instead of the thistles!,0657,neutral,4,"00:58:37,650","00:58:39,584"
Tinker,Queen,It seems to me that your fast-flying talent is well-suited,0659,neutral,4,"00:58:52,458","00:58:56,155"
Tinker,Queen,Yes. And I expect them all to be returned to Needlepoint Meadow,0662,neutral,4,"00:59:01,267","00:59:04,828"
Tinker,Queen,But that could take forever!,0664,others,7,"00:59:06,038","00:59:08,438"
Tinker,Queen,Then I suggest you get started.,0665,neutral,4,"00:59:08,541","00:59:10,839"
Tinker,Queen,"Six, seven and eight.",0695,happy,3,"01:01:54,971","01:01:58,372"
Tinker,Queen,But how will I find who it belongs to?,0721,neutral,4,"01:04:13,540","01:04:16,008"
Tinker,Silvermist,Whoa!,0033,happy,3,"00:06:53,071","00:06:54,071"
Tinker,Silvermist,"Easy. Easy, boy. It's all right. Fawn's got you.",0145,neutral,4,"00:15:48,262","00:15:53,461"
Tinker,Silvermist,It's where we're gonna go change winter to spring.,0169,happy,3,"00:17:11,210","00:17:13,235"
Tinker,Silvermist,"Here you go, Silvermist.",0330,happy,3,"00:29:58,563","00:29:59,563"
Tinker,Silvermist,"Thank you, Terence.",0331,neutral,4,"00:29:59,664","00:30:01,393"
Tinker,Silvermist,"Well, I've never heard of someone switching talents before.",0350,happy,3,"00:30:51,315","00:30:54,045"
Tinker,Silvermist,All I'm asking is that you give me a chance.,0355,happy,3,"00:31:11,201","00:31:14,068"
Tinker,Silvermist,I could show you how to make ripples in the pond.,0362,neutral,4,"00:31:33,290","00:31:35,485"
Tinker,Silvermist,Okay!,0363,neutral,4,"00:31:35,592","00:31:36,650"
Tinker,Silvermist,"Or wait, wait, wait. I got it, I got it, I got it!",0366,happy,3,"00:31:41,498","00:31:44,728"
Tinker,Silvermist,Dewdrops on spider webs!,0367,neutral,4,"00:31:45,334","00:31:48,030"
Tinker,Silvermist,Go get 'em.,0371,neutral,4,"00:31:56,112","00:31:57,602"
Tinker,Silvermist,"Just cup your hands like this, reach into the water, and...",0372,neutral,4,"00:32:00,082","00:32:05,952"
Tinker,Silvermist,"Okay, you've heard of a dewdrop?",0373,neutral,4,"00:32:06,656","00:32:08,851"
Tinker,Silvermist,"It takes a very steady, delicate hand to...",0378,neutral,4,"00:32:19,936","00:32:22,700"
Tinker,Silvermist,"Now, Tink, try to...",0386,others,7,"00:32:50,765","00:32:52,528"
Tinker,Silvermist,Don't you like doing this? Isn't it what you really love?,0525,neutral,4,"00:46:12,452","00:46:15,910"
Tinker,Silvermist,"Sweet pea, I think this is your talent.",0531,others,7,"00:46:30,036","00:46:32,732"
Tinker,Silvermist,Queen Clarion? Can't Tink come with us to the mainland?,0698,neutral,4,"01:03:01,169","01:03:04,332"
TinkerIII,TinkerBell,"Guys, I think you may have over-packed.",0038,happy,3,"00:03:46,685","00:03:49,480"
TinkerIII,TinkerBell,"Cicadas, one at a time. You, you and you. You, too.",0044,surprise,6,"00:04:10,834","00:04:15,422"
TinkerIII,TinkerBell,"How's the bee-liner working? Like a dream, Tink. Thanks.",0050,neutral,4,"00:05:15,190","00:05:18,694"
TinkerIII,TinkerBell,"Great. Need any help with that wagon? No, thanks. She's running fine.",0051,neutral,4,"00:05:18,777","00:05:22,698"
TinkerIII,TinkerBell,And Tink! Don't worry. You'll find something to fix.,0056,neutral,4,"00:05:35,127","00:05:38,797"
TinkerIII,TinkerBell,"You're not going near the human house, are you?",0060,happy,3,"00:05:47,181","00:05:50,267"
TinkerIII,TinkerBell,"Tinker Bell, what are you doing here?",0074,happy,3,"00:08:04,401","00:08:06,987"
TinkerIII,TinkerBell,"Vidia, this is amazing! It's a carriage that moves by itself!",0075,neutral,4,"00:08:07,070","00:08:11,200"
TinkerIII,TinkerBell,"There's no horse. Seriously, look.",0076,neutral,4,"00:08:11,575","00:08:13,494"
TinkerIII,TinkerBell,I can't fly. My wings are wet. That's right. Sorry.,0119,neutral,4,"00:10:55,906","00:11:00,369"
TinkerIII,TinkerBell,"But don't worry, I'll keep you company. Actually, it might be nice.",0121,neutral,4,"00:11:04,915","00:11:09,086"
TinkerIII,TinkerBell,"Or not. So, I think I figured out the carriage.",0122,neutral,4,"00:11:13,006","00:11:16,635"
TinkerIII,TinkerBell,I could make one really strong wheel!,0136,neutral,4,"00:12:54,191","00:12:56,777"
TinkerIII,TinkerBell,It's a good thing we were walking or we might never have seen these.,0137,neutral,4,"00:12:56,860","00:13:01,031"
TinkerIII,TinkerBell,Please tell me you're not going in there! She went in there.,0146,happy,3,"00:13:41,196","00:13:44,825"
TinkerIII,TinkerBell,Tinker Bell! Don't eat that! This could be a trap.,0148,happy,3,"00:14:02,592","00:14:06,179"
TinkerIII,TinkerBell,"Vidia. Not so safe now, is it?",0151,neutral,4,"00:14:16,439","00:14:19,776"
TinkerIII,TinkerBell,The door is stuck!,0156,neutral,4,"00:14:34,708","00:14:36,418"
TinkerIII,TinkerBell,"Come on, Vidia. You can do better than that.",0157,neutral,4,"00:14:36,501","00:14:38,545"
TinkerIII,TinkerBell,Tink! I'm serious! Get out of there!,0159,neutral,4,"00:14:41,047","00:14:44,009"
TinkerIII,TinkerBell,Just a second. Just a second.,0160,neutral,4,"00:14:44,092","00:14:46,011"
TinkerIII,TinkerBell,And pixie dust. Pixie dust.,0226,others,7,"00:21:32,125","00:21:33,710"
TinkerIII,TinkerBell,and then younger fairies... Wait. Wait a minute.,0256,neutral,4,"00:23:56,185","00:23:57,895"
TinkerIII,TinkerBell,It got a little shaken up.,0261,happy,3,"00:24:17,165","00:24:19,208"
TinkerIII,TinkerBell,"Tinker Bell, you can come out now.",0288,others,7,"00:26:44,895","00:26:47,356"
TinkerIII,TinkerBell,I really wish you'd stay.,0291,sad,5,"00:27:02,413","00:27:04,457"
TinkerIII,TinkerBell,Who knows what terrible things could be happening to her right now.,0305,happy,3,"00:28:18,698","00:28:22,201"
TinkerIII,TinkerBell,"I mean, where were you born?",0321,neutral,4,"00:29:34,982","00:29:37,109"
TinkerIII,TinkerBell,"Well, that one's a little more complicated because...",0322,neutral,4,"00:29:38,152","00:29:41,530"
TinkerIII,TinkerBell,A fairy...,0324,neutral,4,"00:29:46,619","00:29:47,953"
TinkerIII,TinkerBell,Tinker Bell? Are you all right? Tinker Bell?,0400,neutral,4,"00:36:05,164","00:36:09,918"
TinkerIII,TinkerBell,Good bye.,0410,sad,5,"00:37:38,882","00:37:39,883"
TinkerIII,TinkerBell,"Tinker Bell, Father has no time for the field journal.",0425,neutral,4,"00:39:26,865","00:39:30,494"
TinkerIII,TinkerBell,"Good morning, Tinker Bell. How did you sleep last night?",0468,neutral,4,"00:45:48,872","00:45:52,083"
TinkerIII,TinkerBell,"Well, I... Actually, I didn't, but that doesn't matter.",0469,neutral,4,"00:45:52,167","00:45:56,045"
TinkerIII,TinkerBell,That was close.,0483,others,7,"00:46:43,635","00:46:44,803"
TinkerIII,TinkerBell,It doesn't matter what I say. He never believes me.,0534,sad,5,"00:50:12,260","00:50:17,515"
TinkerIII,TinkerBell,Okay. I'll be brave.,0652,neutral,4,"01:00:39,678","01:00:41,430"
TinkerIII,TinkerBell,"All right, fairies. We need all the pixie dust we can get.",0653,neutral,4,"01:00:43,057","01:00:45,976"
TinkerIII,TinkerBell,"So, you ever been to one of these before?",0693,happy,3,"01:07:18,952","01:07:21,496"
TinkerIII,Alejandra,"In the meantime, I need to go find some lost things.",0058,neutral,4,"00:05:42,384","00:05:44,887"
TinkerIII,Alejandra,"Tinker Bell knows that, don't you? Define stay away.",0063,neutral,4,"00:05:58,776","00:06:04,239"
TinkerIII,Alejandra,"The sun is shining, the air is warm. It's a beautiful day. Nothing's gonna...",0067,others,7,"00:06:17,961","00:06:22,883"
TinkerIII,Alejandra,It's a horseless carriage! And do you want to know how it works?,0078,neutral,4,"00:08:15,787","00:08:19,875"
TinkerIII,Alejandra,What if they see us?,0083,others,7,"00:08:33,138","00:08:34,932"
TinkerIII,Alejandra,Rational people consider a belief in fairies to be quite foolish.,0105,neutral,4,"00:09:59,516","00:10:03,520"
TinkerIII,Alejandra,"Come on, Vidia.",0118,neutral,4,"00:10:54,321","00:10:55,822"
TinkerIII,Alejandra,"Are those wet wings still bugging you? Here, Vidia, let me help you.",0130,angry,0,"00:12:26,580","00:12:30,959"
TinkerIII,Alejandra,"Tinker Bell, maybe if you spent less time causing disasters,",0131,neutral,4,"00:12:32,419","00:12:36,256"
TinkerIII,Alejandra,"Vidia, where are your buttons?",0138,surprise,6,"00:13:01,114","00:13:03,325"
TinkerIII,Alejandra,Let's go! Let's go!,0140,others,7,"00:13:16,922","00:13:18,715"
TinkerIII,Alejandra,"You just don't know when to stop, do you?",0154,surprise,6,"00:14:24,781","00:14:27,534"
TinkerIII,Alejandra,Naughty cat! You're going outside.,0194,fear,2,"00:17:57,327","00:18:00,246"
TinkerIII,Alejandra,"What happened, Vidia? Is she hurt?",0198,fear,2,"00:19:25,206","00:19:26,666"
TinkerIII,Alejandra,Tinker Bell went into this little house in the meadow and couldn't get out.,0199,others,7,"00:19:26,749","00:19:30,295"
TinkerIII,Alejandra,The door got jammed.,0200,others,7,"00:19:30,378","00:19:32,172"
TinkerIII,Alejandra,Sorry!,0384,others,7,"00:34:45,626","00:34:46,835"
TinkerIII,Alejandra,I don't know. Here on the ground. Is it yours?,0390,neutral,4,"00:35:06,438","00:35:10,025"
TinkerIII,Alejandra,"Yeah, no. I don't really do mud.",0435,neutral,4,"00:40:06,738","00:40:09,533"
TinkerIII,Alejandra,I can get myself out of here.,0441,others,7,"00:40:36,184","00:40:38,520"
TinkerIII,Alejandra,"All right, all right.",0442,others,7,"00:40:41,398","00:40:42,858"
TinkerIII,Alejandra,She'll tell us what happened.,0512,neutral,4,"00:48:54,015","00:48:56,017"
TinkerIII,Alejandra,"Listen, there's something you all should know.",0513,neutral,4,"00:48:56,100","00:48:59,520"
TinkerIII,Alejandra,Tinker Bell getting trapped is all my fault!,0514,neutral,4,"00:49:01,773","00:49:03,691"
TinkerIII,Alejandra,"I slammed that door on Tinker Bell, to teach her a lesson.",0515,others,7,"00:49:05,151","00:49:08,112"
TinkerIII,Alejandra,"I tried to get her out, but the door was stuck.",0516,sad,5,"00:49:08,196","00:49:10,615"
TinkerIII,Alejandra,"I tried, but I couldn't, and now I've put her and all of us in danger.",0517,sad,5,"00:49:10,698","00:49:16,120"
TinkerIII,Alejandra,And... And...,0524,happy,3,"00:49:39,394","00:49:40,728"
TinkerIII,Alejandra,"Oh, my goodness. Scrumptious.",0709,happy,3,"01:08:15,717","01:08:17,886"
TinkerIII,LizzyGriffiths,My word. Absolutely astonishing.,0095,happy,3,"00:09:23,272","00:09:27,859"
TinkerIII,LizzyGriffiths,"Well, that's nearly impossible.",0099,neutral,4,"00:09:39,663","00:09:41,748"
TinkerIII,LizzyGriffiths,"Lizzy, fairies do not paint butterfly wings",0101,neutral,4,"00:09:45,586","00:09:48,505"
TinkerIII,LizzyGriffiths,Its chrysalis must have been in the meadow.,0107,happy,3,"00:10:06,189","00:10:08,275"
TinkerIII,LizzyGriffiths,"The meadow? Father, wait!",0108,happy,3,"00:10:08,358","00:10:11,069"
TinkerIII,LizzyGriffiths,My interview at the museum is tomorrow night.,0111,neutral,4,"00:10:18,118","00:10:20,746"
TinkerIII,LizzyGriffiths,Hate to see the size of the snail that stuff comes from. And at first...,0125,neutral,4,"00:11:21,306","00:11:24,768"
TinkerIII,LizzyGriffiths,"Here's your house, little fairies. Wherever you are.",0126,neutral,4,"00:12:03,014","00:12:06,309"
TinkerIII,LizzyGriffiths,"Vidia? Okay, not funny anymore.",0164,surprise,6,"00:15:14,164","00:15:17,500"
TinkerIII,LizzyGriffiths,A fairy!,0165,happy,3,"00:15:24,090","00:15:25,675"
TinkerIII,LizzyGriffiths,"I'm very busy with my project. Yes, but Father!",0173,happy,3,"00:16:08,885","00:16:11,805"
TinkerIII,LizzyGriffiths,And here it is.,0176,neutral,4,"00:16:17,310","00:16:18,853"
TinkerIII,LizzyGriffiths,"Now, dear. What did you want me to see?",0186,neutral,4,"00:16:45,755","00:16:47,924"
TinkerIII,LizzyGriffiths,You don't have to be scared. I'm very nice.,0229,happy,3,"00:21:53,730","00:21:57,483"
TinkerIII,LizzyGriffiths,You're so little.,0230,happy,3,"00:22:01,237","00:22:02,864"
TinkerIII,LizzyGriffiths,Your dress is very leafy. Did you make it yourself?,0231,happy,3,"00:22:03,448","00:22:07,410"
TinkerIII,LizzyGriffiths,I like your wings. They're like sparkly lace.,0232,happy,3,"00:22:08,202","00:22:11,289"
TinkerIII,LizzyGriffiths,Your hair must be so soft.,0233,neutral,4,"00:22:11,831","00:22:13,875"
TinkerIII,LizzyGriffiths,Are you hungry? Maybe not. That's okay.,0234,neutral,4,"00:22:16,127","00:22:20,673"
TinkerIII,LizzyGriffiths,"I don't like some kinds of food, either.",0235,neutral,4,"00:22:20,923","00:22:23,426"
TinkerIII,LizzyGriffiths,I'm so sorry. Where are my manners?,0236,neutral,4,"00:22:26,512","00:22:29,515"
TinkerIII,LizzyGriffiths,There you go.,0237,others,7,"00:22:31,059","00:22:32,477"
TinkerIII,LizzyGriffiths,I even started to paint with the watercolors Father gave me.,0244,neutral,4,"00:23:10,890","00:23:14,644"
TinkerIII,LizzyGriffiths,Is it true that some fairies paint butterfly wings?,0245,happy,3,"00:23:16,437","00:23:19,273"
TinkerIII,LizzyGriffiths,I knew it!,0246,neutral,4,"00:23:22,151","00:23:23,486"
TinkerIII,LizzyGriffiths,These are some of my favorite drawings.,0247,neutral,4,"00:23:24,112","00:23:26,739"
TinkerIII,LizzyGriffiths,This is a water fairy.,0248,neutral,4,"00:23:26,948","00:23:28,491"
TinkerIII,LizzyGriffiths,And here is a candy fairy living in a lollipop tree.,0250,neutral,4,"00:23:31,994","00:23:35,248"
TinkerIII,LizzyGriffiths,Do all fairies live in trees made of sweets?,0251,neutral,4,"00:23:35,331","00:23:37,291"
TinkerIII,LizzyGriffiths,"Well, I hear that if a person steps in one,",0253,happy,3,"00:23:45,341","00:23:48,010"
TinkerIII,LizzyGriffiths,... must try and turn them back into... Where are you getting all this?,0257,happy,3,"00:23:57,979","00:24:02,358"
TinkerIII,LizzyGriffiths,"You jingle when you talk, like a little bell!",0258,neutral,4,"00:24:03,025","00:24:06,237"
TinkerIII,LizzyGriffiths,So that's how fairies speak.,0259,happy,3,"00:24:06,529","00:24:08,656"
TinkerIII,LizzyGriffiths,Did you make this? I don't know what you're saying.,0262,neutral,4,"00:24:24,464","00:24:28,009"
TinkerIII,LizzyGriffiths,"Did I make the fairy house? Yes, I did. Do you like it?",0263,neutral,4,"00:24:34,307","00:24:38,478"
TinkerIII,LizzyGriffiths,The door's stuck.,0264,neutral,4,"00:24:42,899","00:24:44,525"
TinkerIII,LizzyGriffiths,"Well, you're quite the little tinker, aren't you?",0265,neutral,4,"00:24:51,491","00:24:54,660"
TinkerIII,LizzyGriffiths,What? Is that your name? Tinker?,0266,neutral,4,"00:24:54,994","00:24:58,498"
TinkerIII,LizzyGriffiths,Bell? Your name is Bell.,0267,neutral,4,"00:25:01,959","00:25:04,921"
TinkerIII,LizzyGriffiths,Tinker? Bell?,0268,neutral,4,"00:25:07,798","00:25:10,301"
TinkerIII,LizzyGriffiths,Tinker Bell? Tinker Bell.,0269,happy,3,"00:25:12,261","00:25:15,806"
TinkerIII,LizzyGriffiths,Lizzy? Lizzy? Who are you talking to?,0273,happy,3,"00:25:33,866","00:25:38,788"
TinkerIII,LizzyGriffiths,This one on rocks and minerals is particularly interesting.,0278,neutral,4,"00:25:57,139","00:26:01,477"
TinkerIII,LizzyGriffiths,and I'm sure you'll be able to fill it with your own scientific research.,0285,neutral,4,"00:26:30,756","00:26:35,052"
TinkerIII,LizzyGriffiths,"Look, Lizzy, thanks for showing me your collection, but I really should be...",0289,others,7,"00:26:51,193","00:26:56,991"
TinkerIII,LizzyGriffiths,"I'm sorry, Lizzy.",0292,sad,5,"00:27:05,416","00:27:06,876"
TinkerIII,LizzyGriffiths,"Okay, I understand.",0293,sad,5,"00:27:08,127","00:27:10,421"
TinkerIII,LizzyGriffiths,What's wrong? Can't you fly in the rain?,0295,neutral,4,"00:27:24,935","00:27:27,188"
TinkerIII,LizzyGriffiths,You can stay with me until the rain stops.,0296,neutral,4,"00:27:30,358","00:27:32,818"
TinkerIII,LizzyGriffiths,I'll show you around my room. We can play with my toys.,0297,neutral,4,"00:27:32,902","00:27:36,322"
TinkerIII,LizzyGriffiths,What are fairies' houses made of?,0312,neutral,4,"00:28:51,981","00:28:54,358"
TinkerIII,LizzyGriffiths,"That's a cooker, but it doesn't actually work.",0313,neutral,4,"00:28:54,942","00:28:57,778"
TinkerIII,LizzyGriffiths,I want to know all about real live fairies.,0315,neutral,4,"00:29:02,700","00:29:05,661"
TinkerIII,LizzyGriffiths,Perfect!,0316,neutral,4,"00:29:12,835","00:29:14,086"
TinkerIII,LizzyGriffiths,Scientific fairy research.,0317,neutral,4,"00:29:16,213","00:29:20,885"
TinkerIII,LizzyGriffiths,Okay. What's your favorite color?,0318,surprise,6,"00:29:21,969","00:29:24,388"
TinkerIII,LizzyGriffiths,"Green is my favorite color, too!",0319,neutral,4,"00:29:27,016","00:29:29,351"
TinkerIII,LizzyGriffiths,Right. One second.,0325,surprise,6,"00:29:51,248","00:29:54,043"
TinkerIII,LizzyGriffiths,A baby?,0327,surprise,6,"00:30:05,262","00:30:06,472"
TinkerIII,LizzyGriffiths,One?,0329,neutral,4,"00:30:13,896","00:30:14,980"
TinkerIII,LizzyGriffiths,"When a baby laughs for the first time, that's when a fairy is born.",0331,surprise,6,"00:30:19,193","00:30:25,741"
TinkerIII,LizzyGriffiths,I know where we are.,0391,neutral,4,"00:35:20,035","00:35:21,829"
TinkerIII,LizzyGriffiths,"Tinker Bell, this is so fascinating. Thank you.",0392,neutral,4,"00:35:25,124","00:35:28,877"
TinkerIII,LizzyGriffiths,I had no idea fairies were responsible for changing the seasons.,0393,neutral,4,"00:35:29,628","00:35:33,590"
TinkerIII,LizzyGriffiths,as it rotated around the sun. That's what we wanted you to think.,0395,neutral,4,"00:35:36,885","00:35:41,223"
TinkerIII,LizzyGriffiths,"Well, I think we've covered everything. I hope Father's impressed.",0396,neutral,4,"00:35:41,932","00:35:47,354"
TinkerIII,LizzyGriffiths,"Sorry. Yeah, let's go show your dad.",0401,neutral,4,"00:36:11,461","00:36:14,590"
TinkerIII,LizzyGriffiths,Looks like the rain has let up some.,0402,neutral,4,"00:36:28,437","00:36:30,939"
TinkerIII,LizzyGriffiths,You might be able to make it home to your friends now.,0403,neutral,4,"00:36:31,398","00:36:34,109"
TinkerIII,LizzyGriffiths,Maybe this could help you.,0404,neutral,4,"00:36:38,780","00:36:40,866"
TinkerIII,LizzyGriffiths,Yes.,0405,neutral,4,"00:36:46,038","00:36:47,122"
TinkerIII,LizzyGriffiths,Such a clever tinker.,0406,sad,5,"00:36:51,919","00:36:53,712"
TinkerIII,LizzyGriffiths,Take care of yourself.,0407,sad,5,"00:36:57,966","00:36:59,843"
TinkerIII,LizzyGriffiths,"I'll never forget you, Tinker Bell.",0408,sad,5,"00:37:09,811","00:37:12,314"
TinkerIII,LizzyGriffiths,When will you be able to look at it? I don't know. Maybe later.,0421,neutral,4,"00:38:18,171","00:38:23,302"
TinkerIII,LizzyGriffiths,You always say that.,0422,surprise,6,"00:38:24,428","00:38:26,221"
TinkerIII,LizzyGriffiths,Tinker Bell!,0423,happy,3,"00:39:15,771","00:39:16,980"
TinkerIII,LizzyGriffiths,You came back! I'm so glad to see you.,0424,neutral,4,"00:39:19,483","00:39:23,278"
TinkerIII,LizzyGriffiths,"Then I say, Why, thank you, Tinker Bell.",0460,neutral,4,"00:42:23,500","00:42:28,046"
TinkerIII,LizzyGriffiths,You are too kind.,0461,neutral,4,"00:42:29,005","00:42:30,757"
TinkerIII,LizzyGriffiths,"You hold your pinkie out, like this,",0462,neutral,4,"00:42:31,758","00:42:34,803"
TinkerIII,LizzyGriffiths,There just aren't enough hours in the day.,0467,neutral,4,"00:43:18,847","00:43:21,641"
TinkerIII,LizzyGriffiths,"Lizzy? Yes, Father?",0471,neutral,4,"00:45:59,424","00:46:01,509"
TinkerIII,LizzyGriffiths,I just wanted to make sure everything is okay in here.,0473,neutral,4,"00:46:05,972","00:46:08,516"
TinkerIII,LizzyGriffiths,"Okay, well, play nicely. Yes, of course. Bye, Father.",0482,neutral,4,"00:46:36,711","00:46:40,590"
TinkerIII,LizzyGriffiths,What are you doing? This is your chance.,0484,neutral,4,"00:46:45,011","00:46:47,680"
TinkerIII,LizzyGriffiths,Is that why you fixed those leaks?,0485,happy,3,"00:46:53,853","00:46:56,606"
TinkerIII,LizzyGriffiths,So he can spend more time with me?,0486,neutral,4,"00:46:58,650","00:47:00,985"
TinkerIII,LizzyGriffiths,I've really been wanting to show him this.,0487,neutral,4,"00:47:03,279","00:47:06,074"
TinkerIII,LizzyGriffiths,I'm going to give you one more chance. Tell me the truth.,0500,others,7,"00:47:50,118","00:47:54,289"
TinkerIII,LizzyGriffiths,"I'm so sorry, Lizzy.",0535,happy,3,"00:50:19,475","00:50:21,269"
TinkerIII,LizzyGriffiths,I'm so glad you're here.,0536,neutral,4,"00:50:24,564","00:50:26,524"
TinkerIII,LizzyGriffiths,You're my best friend.,0537,neutral,4,"00:50:27,775","00:50:29,652"
TinkerIII,LizzyGriffiths,and fly around with the other fairies all the time.,0540,neutral,4,"00:50:45,126","00:50:48,379"
TinkerIII,LizzyGriffiths,Look at this room. It looks like a cyclone hit it.,0588,neutral,4,"00:56:31,972","00:56:35,476"
TinkerIII,LizzyGriffiths,A temper tantrum of this magnitude is unacceptable.,0594,others,7,"00:56:51,325","00:56:54,453"
TinkerIII,LizzyGriffiths,Then how did this happen? And the truth this time.,0596,others,7,"00:56:56,372","00:56:59,583"
TinkerIII,LizzyGriffiths,"Elizabeth, the truth.",0598,others,7,"00:57:05,089","00:57:06,841"
TinkerIII,LizzyGriffiths,You've got to stop this nonsense!,0601,others,7,"00:57:16,100","00:57:18,352"
TinkerIII,LizzyGriffiths,You have a real fairy living in your room?,0603,others,7,"00:57:21,063","00:57:23,149"
TinkerIII,LizzyGriffiths,"Field journals are to be filled with fact, not fairy tales.",0607,others,7,"00:57:39,206","00:57:42,585"
TinkerIII,LizzyGriffiths,"Father, wait!",0613,neutral,4,"00:57:59,268","00:58:00,728"
TinkerIII,LizzyGriffiths,It... It...,0618,neutral,4,"00:58:22,082","00:58:24,919"
TinkerIII,LizzyGriffiths,Don't worry. Mrs. Perkins will be here any second.,0638,others,7,"00:59:29,316","00:59:32,528"
TinkerIII,LizzyGriffiths,"Tinker Bell, I'm so sorry!",0639,others,7,"00:59:37,950","00:59:40,452"
TinkerIII,LizzyGriffiths,Tinker Bell? Tinker Bell!,0642,happy,3,"00:59:48,919","00:59:50,462"
TinkerIII,LizzyGriffiths,"Maybe we can't fly in the rain, but I think I know someone who can.",0648,neutral,4,"01:00:11,025","01:00:15,487"
TinkerIII,LizzyGriffiths,"I'm scared, Tinker Bell.",0649,neutral,4,"01:00:26,624","01:00:28,459"
TinkerIII,LizzyGriffiths,"Floating around my room is one thing, but flying all the way to London...",0650,neutral,4,"01:00:28,542","01:00:32,963"
TinkerIII,LizzyGriffiths,All aboard!,0655,neutral,4,"01:01:00,032","01:01:01,408"
TinkerIII,LizzyGriffiths,Lizzy? You're flying.,0673,happy,3,"01:04:55,267","01:04:58,520"
TinkerIII,LizzyGriffiths,But how? How are you doing that?,0675,neutral,4,"01:05:03,692","01:05:06,862"
TinkerIII,LizzyGriffiths,I... I don't understand.,0677,happy,3,"01:05:18,081","01:05:20,626"
TinkerIII,LizzyGriffiths,Vidia!,0685,happy,3,"01:06:03,043","01:06:04,211"
TinkerIII,LizzyGriffiths,"Let's go home, Father. But how?",0686,happy,3,"01:06:09,925","01:06:12,427"
TinkerIII,LizzyGriffiths,"How about a cup for me, Miss Griffiths?",0701,neutral,4,"01:07:47,647","01:07:49,691"
TinkerIII,LizzyGriffiths,"Why, of course, Doctor.",0702,happy,3,"01:07:49,775","01:07:51,651"
TinkerIII,SweaterVest,It's so beautiful. What kind of butterfly is it?,0096,neutral,4,"00:09:27,943","00:09:31,029"
TinkerIII,SweaterVest,"Well, judging from the epidermal membrane, it's clearly an apatura iris,",0097,neutral,4,"00:09:31,655","00:09:35,659"
TinkerIII,SweaterVest,but the wings have two entirely different patterns.,0098,neutral,4,"00:09:35,742","00:09:39,162"
TinkerIII,SweaterVest,That's where I'm going. Would you like to come?,0109,neutral,4,"00:10:12,863","00:10:15,782"
TinkerIII,SweaterVest,"Not now, Lizzy. I have to update my field journal.",0110,neutral,4,"00:10:15,866","00:10:18,035"
TinkerIII,SweaterVest,You're going back already? We just got here.,0112,neutral,4,"00:10:20,829","00:10:24,207"
TinkerIII,SweaterVest,"I know, sweetheart, and I'm very sorry. But I'll only be gone for the day.",0113,neutral,4,"00:10:25,208","00:10:29,713"
TinkerIII,SweaterVest,"Mrs. Perkins will look after you, and I'll be back in time to tuck you in.",0114,others,7,"00:10:29,880","00:10:34,009"
TinkerIII,SweaterVest,I must add this extraordinary discovery to my field journal.,0175,neutral,4,"00:16:13,473","00:16:17,227"
TinkerIII,SweaterVest,"I know it's unfortunate for the specimen, but really, there is no other way.",0185,neutral,4,"00:16:41,418","00:16:45,672"
TinkerIII,SweaterVest,My fairy!,0274,others,7,"00:25:42,792","00:25:44,085"
TinkerIII,SweaterVest,"Is there a field journal about fairies? Of course not, Lizzy.",0279,neutral,4,"00:26:01,686","00:26:06,148"
TinkerIII,SweaterVest,"Now, Lizzy, seeing is believing, and without proof, it's just a fairy tale.",0283,happy,3,"00:26:18,327","00:26:24,542"
TinkerIII,SweaterVest,"Now, here is a blank field journal. Now, you're very talented, my darling,",0284,happy,3,"00:26:24,875","00:26:30,214"
TinkerIII,SweaterVest,I'm going to bed.,0466,sad,5,"00:43:07,460","00:43:09,087"
TinkerIII,SweaterVest,You should go downstairs to your father.,0470,neutral,4,"00:45:56,129","00:45:58,840"
TinkerIII,SweaterVest,"Good morning, my dear. All the leaks seem to have stopped.",0472,neutral,4,"00:46:01,843","00:46:05,513"
TinkerIII,SweaterVest,"It must have been you. I didn't do it, Father.",0499,others,7,"00:47:46,573","00:47:49,659"
TinkerIII,SweaterVest,"I could tell you, Father, but you wouldn't believe me.",0501,angry,0,"00:47:55,957","00:48:00,837"
TinkerIII,SweaterVest,Where are we going?,0542,neutral,4,"00:51:07,190","00:51:08,941"
TinkerIII,SweaterVest,What is going on up there?,0543,neutral,4,"00:52:11,921","00:52:13,798"
TinkerIII,SweaterVest,Nothing? Sounds like a herd of elephants have been marching up here.,0587,angry,0,"00:56:25,800","00:56:29,970"
TinkerIII,SweaterVest,It's not that bad. Not that bad?,0589,angry,0,"00:56:36,268","00:56:38,979"
TinkerIII,SweaterVest,and you tore your curtains. What?,0591,angry,0,"00:56:42,525","00:56:45,194"
TinkerIII,SweaterVest,This is simply too much.,0593,angry,0,"00:56:49,657","00:56:51,242"
TinkerIII,SweaterVest,But I wasn't having a tantrum!,0595,angry,0,"00:56:54,537","00:56:56,288"
TinkerIII,SweaterVest,For goodness sake. Your make-believe fairy did this?,0600,angry,0,"00:57:11,595","00:57:16,016"
TinkerIII,SweaterVest,Just look at the research we did.,0605,surprise,6,"00:57:28,362","00:57:30,781"
TinkerIII,SweaterVest,"But Father, these are facts!",0608,others,7,"00:57:42,668","00:57:44,795"
TinkerIII,SweaterVest,It's okay. She won't hurt you.,0620,happy,3,"00:58:33,928","00:58:36,764"
TinkerIII,SweaterVest,"Yes. Very similar to Apoidea. Or, no, no, odonata.",0623,neutral,4,"00:58:44,939","00:58:49,068"
TinkerIII,SweaterVest,Look at the limb proportionality to the cranial radius.,0624,neutral,4,"00:58:49,485","00:58:52,947"
TinkerIII,SweaterVest,"Yes, I am.",0674,surprise,6,"01:04:59,980","01:05:01,398"
TinkerIII,SweaterVest,My friends showed me how.,0676,neutral,4,"01:05:09,990","01:05:11,992"
TinkerIII,SweaterVest,You just have to believe.,0679,neutral,4,"01:05:24,713","01:05:27,132"
TinkerIII,SweaterVest,I do believe.,0680,happy,3,"01:05:32,012","01:05:33,597"
TinkerIII,SweaterVest,"Lizzy, I'm so sorry, I'm so sorry.",0683,neutral,4,"01:05:41,688","01:05:44,149"
TinkerIII,SweaterVest,"You're doing it, Father! You're doing it! I could get used to this! Just a second.",0690,happy,3,"01:06:36,326","01:06:42,916"
TinkerIII,SweaterVest,Father!,0705,happy,3,"01:07:59,117","01:08:00,327"
TinkerIII,SweaterVest,"Isn't this pleasant, Father? I can't imagine anything better.",0707,happy,3,"01:08:08,043","01:08:12,005"
TinkerII,TinkerBell,"Hey, Cheese. Special delivery for Tinker Bell.",0065,happy,3,"00:06:24,503","00:06:27,666"
TinkerII,TinkerBell,Who's your best friend that always delivers?,0067,neutral,4,"00:06:29,508","00:06:32,375"
TinkerII,TinkerBell,Fawn? Me!,0070,happy,3,"00:06:37,416","00:06:39,213"
TinkerII,TinkerBell,Just kidding.,0071,happy,3,"00:06:39,318","00:06:41,343"
TinkerII,TinkerBell,and it sure is going to help out on the river-outpost deliveries.,0074,others,7,"00:06:49,194","00:06:51,856"
TinkerII,TinkerBell,"Yeah, I thought you could use it for your motor.",0076,happy,3,"00:06:53,865","00:06:56,925"
TinkerII,TinkerBell,Clip.,0078,neutral,4,"00:07:07,045","00:07:08,103"
TinkerII,TinkerBell,Aah!,0080,happy,3,"00:07:17,422","00:07:18,616"
TinkerII,TinkerBell,Whoa.,0086,neutral,4,"00:07:40,746","00:07:41,838"
TinkerII,TinkerBell,Whoa!,0089,fear,2,"00:07:57,696","00:07:58,754"
TinkerII,TinkerBell,Are you okay? Yeah. Thanks.,0093,sad,5,"00:08:33,999","00:08:36,832"
TinkerII,TinkerBell,I can't believe the boat broke.,0094,sad,5,"00:08:38,403","00:08:40,667"
TinkerII,TinkerBell,"but I must say, you're handling this one pretty well.",0098,neutral,4,"00:08:49,781","00:08:51,874"
TinkerII,TinkerBell,Jingles!,0100,sad,5,"00:08:56,188","00:08:57,382"
TinkerII,TinkerBell,Fairy Mary tells me she knows...,0124,others,7,"00:10:25,510","00:10:27,000"
TinkerII,TinkerBell,"It's not my fault, Your Highness! Those stinkbugs were asking for it.",0125,others,7,"00:10:27,112","00:10:31,310"
TinkerII,TinkerBell,And Fairy Mary has recommended you.,0142,neutral,4,"00:11:34,646","00:11:37,513"
TinkerII,TinkerBell,Why are you counting? It helps to calm me down.,0158,happy,3,"00:12:43,949","00:12:47,885"
TinkerII,TinkerBell,So?,0164,happy,3,"00:13:15,780","00:13:16,747"
TinkerII,TinkerBell,"Terence, you're never gonna believe this.",0165,happy,3,"00:13:16,848","00:13:18,440"
TinkerII,TinkerBell,"Guess what happened! Go on, guess!",0166,neutral,4,"00:13:18,550","00:13:21,383"
TinkerII,TinkerBell,"Well, I...",0167,happy,3,"00:13:22,020","00:13:23,009"
TinkerII,TinkerBell,I have been picked to make the new fall scepter!,0168,happy,3,"00:13:23,121","00:13:26,284"
TinkerII,TinkerBell,"Hey, that means they... They gave you the moonstone?",0170,happy,3,"00:13:29,527","00:13:32,257"
TinkerII,TinkerBell,Yeah! Want to see?,0171,neutral,4,"00:13:32,364","00:13:33,922"
TinkerII,TinkerBell,so the light can transmute into pixie dust.,0177,happy,3,"00:13:54,552","00:13:56,543"
TinkerII,TinkerBell,Fairy Gary loves it.,0184,neutral,4,"00:14:15,473","00:14:17,202"
TinkerII,TinkerBell,"So, what do you say? Can I be your wingman?",0189,happy,3,"00:14:33,858","00:14:36,486"
TinkerII,TinkerBell,Whoa.,0197,happy,3,"00:15:07,792","00:15:08,850"
TinkerII,TinkerBell,I love this thing!,0199,happy,3,"00:15:14,332","00:15:16,197"
TinkerII,TinkerBell,if you maximize the moonstone's exposed surface area.,0203,happy,3,"00:15:23,374","00:15:26,309"
TinkerII,TinkerBell,"All right, now we gotta match the trajectory of the light beam",0222,neutral,4,"00:17:45,216","00:17:47,741"
TinkerII,TinkerBell,with the... Got it. Thanks.,0223,neutral,4,"00:17:47,852","00:17:49,843"
TinkerII,TinkerBell,"With the... Okay. Yeah, I know.",0224,neutral,4,"00:17:49,954","00:17:51,444"
TinkerII,TinkerBell,"Tink, it looks like you need some sort of, you know, sharp thingy.",0227,neutral,4,"00:18:07,505","00:18:11,532"
TinkerII,TinkerBell,That's exactly what I need.,0228,neutral,4,"00:18:12,710","00:18:14,769"
TinkerII,TinkerBell,You got it. I'll be right back.,0230,neutral,4,"00:18:17,815","00:18:20,079"
TinkerII,TinkerBell,What is this? It's your sharp thingy.,0257,angry,0,"00:20:29,180","00:20:31,774"
TinkerII,TinkerBell,My... That's not...,0258,neutral,4,"00:20:31,949","00:20:33,974"
TinkerII,TinkerBell,"One, two, three, four...",0259,neutral,4,"00:20:34,552","00:20:37,180"
TinkerII,TinkerBell,"Terence, this is not sharp. This is round.",0260,others,7,"00:20:38,156","00:20:41,853"
TinkerII,TinkerBell,"Really, look, if you look inside, it's... I need to work, okay?",0262,neutral,4,"00:20:45,663","00:20:49,724"
TinkerII,TinkerBell,"Now, would you please get this thing out of here?",0263,fear,2,"00:20:50,168","00:20:53,296"
TinkerII,TinkerBell,"Tink, I'm so sorry. I...",0265,angry,0,"00:21:07,218","00:21:09,982"
TinkerII,TinkerBell,You brought this stupid thing here. You broke the scepter.,0267,angry,0,"00:21:14,158","00:21:17,719"
TinkerII,TinkerBell,Fine! Last time I try to help you.,0270,others,7,"00:21:26,537","00:21:29,734"
TinkerII,TinkerBell,Ow! Ow! Ouch! Ouch! Ouch!,0271,fear,2,"00:21:48,893","00:21:50,417"
TinkerII,TinkerBell,We figure you could use a real break.,0295,others,7,"00:23:59,890","00:24:01,949"
TinkerII,TinkerBell,Break? Nothing's broken! What do you mean?,0296,others,7,"00:24:02,059","00:24:04,755"
TinkerII,TinkerBell,What do you know?,0297,others,7,"00:24:04,862","00:24:06,454"
TinkerII,TinkerBell,"Sorry, fellas. Busy.",0298,neutral,4,"00:24:06,731","00:24:08,323"
TinkerII,TinkerBell,Try. Is it as beautiful as I imagine?,0301,others,7,"00:24:14,639","00:24:17,904"
TinkerII,TinkerBell,We're so proud of you.,0304,neutral,4,"00:24:23,014","00:24:25,107"
TinkerII,TinkerBell,Have you finished the scepter?,0313,others,7,"00:25:01,052","00:25:03,247"
TinkerII,TinkerBell,"Well, not exactly.",0314,neutral,4,"00:25:03,454","00:25:05,888"
TinkerII,TinkerBell,Yes?,0316,neutral,4,"00:25:09,994","00:25:11,552"
TinkerII,TinkerBell,What happened to it? You didn't lose it. Tell me you didn't lose it!,0318,others,7,"00:25:13,698","00:25:17,691"
TinkerII,TinkerBell,I didn't lose it. Good.,0319,neutral,4,"00:25:17,802","00:25:20,430"
TinkerII,TinkerBell,using two would create even more.,0321,neutral,4,"00:25:24,542","00:25:26,908"
TinkerII,TinkerBell,"Knowing you, you'd probably redo the whole scepter if you could.",0330,neutral,4,"00:25:57,508","00:26:01,444"
TinkerII,TinkerBell,You will find help And an arch of stone,0362,sad,5,"00:28:52,116","00:28:58,385"
TinkerII,TinkerBell,But a price must be paid at the old troll bridge,0365,neutral,4,"00:29:06,931","00:29:10,594"
TinkerII,TinkerBell,Bravo! Bravo!,0379,neutral,4,"00:30:18,535","00:30:21,834"
TinkerII,TinkerBell,Due north past Neverland,0381,neutral,4,"00:30:31,548","00:30:33,982"
TinkerII,TinkerBell,Let's see. Mouse cheese.,0382,neutral,4,"00:30:39,590","00:30:41,558"
TinkerII,TinkerBell,Um...,0383,neutral,4,"00:30:44,228","00:30:45,217"
TinkerII,TinkerBell,Pan. Chart.,0384,neutral,4,"00:30:45,329","00:30:46,796"
TinkerII,TinkerBell,Extra clothes.,0385,neutral,4,"00:30:48,866","00:30:50,333"
TinkerII,TinkerBell,This one's not for traveling.,0386,neutral,4,"00:30:53,737","00:30:55,898"
TinkerII,TinkerBell,How am I gonna carry all this?,0387,neutral,4,"00:30:56,740","00:30:58,935"
TinkerII,TinkerBell,"There you go. One cup, dear. Thank you.",0389,happy,3,"00:31:04,214","00:31:07,012"
TinkerII,TinkerBell,"Hello, Tink. What brings you here?",0391,neutral,4,"00:31:10,020","00:31:12,648"
TinkerII,TinkerBell,I see that bucket-and-pulley system I rigged for you is working out.,0392,neutral,4,"00:31:12,956","00:31:16,289"
TinkerII,TinkerBell,Pardon?,0397,others,7,"00:31:32,376","00:31:33,468"
TinkerII,TinkerBell,and it says here you already got your ration.,0400,others,7,"00:31:41,218","00:31:45,382"
TinkerII,TinkerBell,"Rina, Rhoda, Rosetta... Terence.",0410,others,7,"00:32:23,494","00:32:26,258"
TinkerII,TinkerBell,Surprised to see you. How's the scepter?,0412,sad,5,"00:32:30,801","00:32:33,929"
TinkerII,TinkerBell,I'm working on it.,0413,others,7,"00:32:34,671","00:32:36,605"
TinkerII,TinkerBell,and now there's something I need to talk to you about.,0415,neutral,4,"00:32:41,011","00:32:44,412"
TinkerII,TinkerBell,It's not exactly what I was expecting. Why do you need more dust?,0419,others,7,"00:32:54,324","00:32:58,090"
TinkerII,TinkerBell,"You need more pixie dust, and you can't tell me why?",0422,angry,0,"00:33:03,100","00:33:06,331"
TinkerII,TinkerBell,A true friend wouldn't ask me to break the rules!,0424,angry,0,"00:33:09,373","00:33:12,308"
TinkerII,TinkerBell,Huh?,0432,neutral,4,"00:36:36,346","00:36:37,438"
TinkerII,TinkerBell,My boysenberry rolls!,0434,surprise,6,"00:37:22,292","00:37:24,055"
TinkerII,TinkerBell,My mouse cheese! My pumpernickel muffin!,0435,angry,0,"00:37:44,448","00:37:47,417"
TinkerII,TinkerBell,Out. Out. Shoo. Go find your friends.,0436,disgust,1,"00:37:49,352","00:37:52,116"
TinkerII,TinkerBell,Stop following me.,0437,neutral,4,"00:38:01,965","00:38:03,592"
TinkerII,TinkerBell,I'm on a very important mission.,0438,neutral,4,"00:38:04,034","00:38:05,797"
TinkerII,TinkerBell,I have two days to find the magic mirror and wish the moonstone back.,0439,disgust,1,"00:38:05,902","00:38:09,167"
TinkerII,TinkerBell,"No, I don't need any help.",0440,neutral,4,"00:38:10,340","00:38:11,830"
TinkerII,TinkerBell,"Yes, I am sure. Okay. Now, let's see.",0441,happy,3,"00:38:13,009","00:38:15,671"
TinkerII,TinkerBell,Will you please get out of here?,0443,angry,0,"00:38:25,622","00:38:28,284"
TinkerII,TinkerBell,That does it. Out!,0444,happy,3,"00:38:42,072","00:38:43,699"
TinkerII,TinkerBell,All right. You can stay.,0445,neutral,4,"00:39:31,121","00:39:33,646"
TinkerII,TinkerBell,"For now. Just do me a favor, if you could stay right here.",0446,neutral,4,"00:39:35,058","00:39:40,587"
TinkerII,TinkerBell,"If my bearings are accurate, we should see land soon.",0447,neutral,4,"00:39:42,499","00:39:45,764"
TinkerII,TinkerBell,if you keep...,0452,neutral,4,"00:40:01,585","00:40:02,552"
TinkerII,TinkerBell,"Oh, Blaze.",0454,neutral,4,"00:40:07,090","00:40:08,250"
TinkerII,TinkerBell,"I don't understand, Blaze. We should've seen land by now.",0482,neutral,4,"00:42:01,171","00:42:04,698"
TinkerII,TinkerBell,You go ahead and get some rest. I'll take first watch.,0483,others,7,"00:42:06,843","00:42:10,176"
TinkerII,TinkerBell,"Whoa! I'm awake, I'm awake, I'm... In a tree?",0484,happy,3,"00:42:39,743","00:42:43,941"
TinkerII,TinkerBell,This must be the lost island.,0485,happy,3,"00:42:45,115","00:42:47,276"
TinkerII,TinkerBell,There it is. The stone arch from the story!,0486,neutral,4,"00:42:48,651","00:42:51,449"
TinkerII,TinkerBell,You stay here and guard the balloon.,0487,neutral,4,"00:42:51,921","00:42:54,412"
TinkerII,TinkerBell,I'll be right back.,0488,neutral,4,"00:42:56,126","00:42:57,821"
TinkerII,TinkerBell,"This is supposed to be a rock arch, not a twisty, branchy, tree arch.",0491,neutral,4,"00:43:18,448","00:43:22,646"
TinkerII,TinkerBell,"Blaze, where's the balloon?",0494,others,7,"00:43:49,012","00:43:51,071"
TinkerII,TinkerBell,It's gone?,0495,others,7,"00:43:52,882","00:43:54,179"
TinkerII,TinkerBell,"My compass, my supplies, my pixie dust.",0496,angry,0,"00:43:54,417","00:43:57,250"
TinkerII,TinkerBell,"Well, I... You...",0498,others,7,"00:44:02,826","00:44:04,418"
TinkerII,TinkerBell,I was just trying to be a good friend. I...,0505,surprise,6,"00:44:54,143","00:44:56,338"
TinkerII,TinkerBell,Blaze!,0511,sad,5,"00:45:27,810","00:45:28,936"
TinkerII,TinkerBell,I lost my balloon. I lost my pixie dust. I'm starving.,0512,sad,5,"00:45:36,486","00:45:41,981"
TinkerII,TinkerBell,What have I done?,0513,happy,3,"00:45:43,393","00:45:44,985"
TinkerII,TinkerBell,"Wow, that hit the spot. Thank you so much.",0514,sad,5,"00:46:51,527","00:46:55,429"
TinkerII,TinkerBell,"Hey, we're lost.",0515,neutral,4,"00:46:59,769","00:47:01,327"
TinkerII,TinkerBell,"By any chance, have you seen a stone arch around here?",0516,sad,5,"00:47:01,971","00:47:05,839"
TinkerII,TinkerBell,My compass!,0518,neutral,4,"00:47:39,575","00:47:40,906"
TinkerII,TinkerBell,Ouch!,0519,neutral,4,"00:47:44,747","00:47:45,839"
TinkerII,TinkerBell,That is a sharp thingy.,0520,neutral,4,"00:47:46,482","00:47:48,347"
TinkerII,TinkerBell,"The stone arch. Blaze, hey, we made it! We're here!",0522,neutral,4,"00:48:01,964","00:48:06,333"
TinkerII,TinkerBell,Thank you so much.,0523,happy,3,"00:48:10,239","00:48:11,866"
TinkerII,TinkerBell,"Thank you all so much. Bye, now. Bye!",0524,happy,3,"00:48:12,975","00:48:16,604"
TinkerII,TinkerBell,None shall pass the secret troll bridge.,0551,neutral,4,"00:50:41,090","00:50:44,287"
TinkerII,TinkerBell,None shall pass!,0576,neutral,4,"00:51:57,933","00:52:00,333"
TinkerII,TinkerBell,Do you have any idea what I've been through to get here?,0577,neutral,4,"00:52:00,603","00:52:03,265"
TinkerII,TinkerBell,I almost got attacked by bugs and bats,0578,neutral,4,"00:52:03,372","00:52:04,771"
TinkerII,TinkerBell,"and got blown all over the place by the wind,",0579,neutral,4,"00:52:04,874","00:52:06,307"
TinkerII,TinkerBell,"and almost starved to death to find a mirror that grants one last wish,",0580,neutral,4,"00:52:06,409","00:52:09,037"
TinkerII,TinkerBell,which I wouldn't have even needed,0581,neutral,4,"00:52:09,145","00:52:10,169"
TinkerII,TinkerBell,if Terence had taken his time finding me a sharp thingy,0582,others,7,"00:52:10,279","00:52:12,110"
TinkerII,TinkerBell,instead of making me break the moonstone.,0583,neutral,4,"00:52:12,214","00:52:13,909"
TinkerII,TinkerBell,And then he didn't even share his pixie dust because he cares more,0584,neutral,4,"00:52:14,016","00:52:16,041"
TinkerII,TinkerBell,Who's Terence? Is he a friend of yours?,0587,neutral,4,"00:52:20,256","00:52:22,952"
TinkerII,TinkerBell,"Well, yeah.",0588,neutral,4,"00:52:23,559","00:52:24,890"
TinkerII,TinkerBell,"You're not very nice. Hey, don't you judge me!",0590,angry,0,"00:52:29,365","00:52:32,425"
TinkerII,TinkerBell,"Blaze, listen, it's the ocean.",0613,happy,3,"00:53:55,451","00:53:57,646"
TinkerII,TinkerBell,"The ship that sunk but never sank. Okay, Blaze, this is it.",0614,neutral,4,"00:54:32,154","00:54:36,853"
TinkerII,TinkerBell,"Look, Blaze.",0619,happy,3,"00:57:03,934","00:57:05,299"
TinkerII,TinkerBell,Ah!,0620,neutral,4,"00:57:20,117","00:57:21,106"
TinkerII,TinkerBell,What do you think? Too big?,0621,neutral,4,"00:57:36,400","00:57:38,459"
TinkerII,TinkerBell,"It's gotta be in here somewhere, Blaze. Come on. Help me look.",0622,happy,3,"00:57:39,636","00:57:43,436"
TinkerII,TinkerBell,It's real.,0623,neutral,4,"00:58:09,399","00:58:10,696"
TinkerII,TinkerBell,Okay. Deep breath.,0624,neutral,4,"00:58:22,779","00:58:24,406"
TinkerII,TinkerBell,Clear your mind. Only get one shot at this. Here it goes.,0625,neutral,4,"00:58:25,582","00:58:29,541"
TinkerII,TinkerBell,I wish... I wish...,0626,neutral,4,"00:58:30,687","00:58:33,679"
TinkerII,TinkerBell,I wish...,0627,angry,0,"00:58:35,259","00:58:36,590"
TinkerII,TinkerBell,"Blaze, I wish you'd be quiet for one minute!",0628,fear,2,"00:58:38,996","00:58:41,863"
TinkerII,TinkerBell,"No, no, no, no! No! That one didn't count!",0629,others,7,"00:58:47,671","00:58:50,435"
TinkerII,TinkerBell,"I take it back. Please, please. I take it back!",0630,others,7,"00:58:50,908","00:58:53,843"
TinkerII,TinkerBell,That wasn't my wish. Please!,0631,angry,0,"00:58:53,944","00:58:56,037"
TinkerII,TinkerBell,"Blaze, look what you've done!",0632,angry,0,"00:58:57,948","00:59:00,109"
TinkerII,TinkerBell,This mirror was my last chance. This is all your fault!,0633,sad,5,"00:59:00,551","00:59:04,487"
TinkerII,TinkerBell,"I'm sorry, Blaze. It's not your fault.",0634,sad,5,"00:59:22,239","00:59:26,232"
TinkerII,TinkerBell,It's mine.,0635,sad,5,"00:59:28,011","00:59:29,308"
TinkerII,TinkerBell,I wish Terence were here.,0637,sad,5,"00:59:41,925","00:59:43,893"
TinkerII,TinkerBell,Terence.,0640,sad,5,"00:59:54,705","00:59:55,899"
TinkerII,TinkerBell,I am so sorry. I forgive you.,0641,sad,5,"00:59:57,107","01:00:00,736"
TinkerII,TinkerBell,Why didn't you tell me about the moonstone?,0644,sad,5,"01:00:09,886","01:00:12,684"
TinkerII,TinkerBell,I didn't want anyone to know.,0645,neutral,4,"01:00:13,423","01:00:15,584"
TinkerII,TinkerBell,"I didn't think I needed any help, Terence.",0646,neutral,4,"01:00:15,926","01:00:18,690"
TinkerII,TinkerBell,I am here. I know you are.,0648,neutral,4,"01:00:22,799","01:00:25,700"
TinkerII,TinkerBell,I am with you.,0650,neutral,4,"01:00:31,341","01:00:32,808"
TinkerII,TinkerBell,Terence!,0653,others,7,"01:00:40,851","01:00:42,045"
TinkerII,TinkerBell,Who's this? This is Blaze.,0657,happy,3,"01:00:54,965","01:00:56,592"
TinkerII,TinkerBell,You found my balloon?,0665,happy,3,"01:01:12,582","01:01:14,072"
TinkerII,TinkerBell,"I, you know, borrowed a little extra.",0667,happy,3,"01:01:16,853","01:01:19,515"
TinkerII,TinkerBell,Let's go.,0677,happy,3,"01:03:41,031","01:03:42,259"
TinkerII,TinkerBell,"Hey, are you okay?",0691,sad,5,"01:04:34,084","01:04:36,052"
TinkerII,TinkerBell,What's gonna happen when we get back?,0692,neutral,4,"01:04:37,320","01:04:39,811"
TinkerII,TinkerBell,My scepter.,0695,neutral,4,"01:04:55,539","01:04:56,870"
TinkerII,TinkerBell,"No, I know. You need your space.",0698,neutral,4,"01:05:17,994","01:05:19,791"
TinkerII,TinkerBell,I almost got it. I just need... Like a sharp thingy?,0708,happy,3,"01:05:42,485","01:05:46,581"
TinkerII,TinkerBell,"Come on, come on.",0743,others,7,"01:08:27,517","01:08:29,109"
TinkerII,Fairy,"Is a hothead? Flies off the handle? Well, yes.",0119,happy,3,"00:10:02,921","00:10:06,152"
TinkerII,Fairy,"I believe she deserves a chance, Minister.",0120,happy,3,"00:10:06,258","00:10:08,818"
TinkerII,Fairy,"This isn't about the stinkbugs, is it? No.",0126,neutral,4,"00:10:36,421","00:10:39,879"
TinkerII,Fairy,"Thank you! Careful, Tinker Bell! Fragile!",0156,neutral,4,"00:12:35,674","00:12:38,370"
TinkerII,Fairy,Clank! Bobble! Wait for me!,0310,neutral,4,"00:24:45,536","00:24:47,595"
TinkerII,Fairy,"Fairy Mary, I...",0311,neutral,4,"00:24:56,080","00:24:57,411"
TinkerII,Fairy,Tinker Bell! I wasn't expecting to see you tonight.,0312,neutral,4,"00:24:57,515","00:25:00,746"
TinkerII,Fairy,"I... I was wondering... I mean, I have to ask you...",0315,neutral,4,"00:25:06,257","00:25:09,693"
TinkerII,Fairy,It's about the moonstone.,0317,others,7,"00:25:12,329","00:25:13,591"
TinkerII,Fairy,And thank goodness we found it.,0324,neutral,4,"00:25:33,718","00:25:35,481"
TinkerII,Fairy,"Without the blue dust, the pixie dust tree would grow weak,",0325,neutral,4,"00:25:35,586","00:25:39,044"
TinkerII,Fairy,"and things would be pretty tough around here, believe you me.",0326,others,7,"00:25:39,156","00:25:42,353"
TinkerII,Fairy,Wait. I know what's going on. You do?,0328,neutral,4,"00:25:48,499","00:25:51,991"
TinkerII,Fairy,You've been working too hard. What you need is a little theater.,0329,neutral,4,"00:25:52,303","00:25:57,036"
TinkerII,Fairy,Is that an option? Tinker Bell!,0331,happy,3,"00:26:01,612","00:26:04,445"
TinkerII,Fairy,One down and 20 to go.,0469,neutral,4,"00:41:03,013","00:41:04,844"
TinkerII,Fairy,Next.,0474,neutral,4,"00:41:23,199","00:41:24,257"
TinkerII,Fairy,Still okay.,0479,neutral,4,"00:41:40,450","00:41:41,781"
TinkerII,Fairy,That's a bit heavier than I remember.,0711,neutral,4,"01:06:22,759","01:06:25,057"
TinkerII,Fairy,It's all right. Tink will be here any second now.,0714,others,7,"01:06:34,371","01:06:37,431"
TinkerII,Fairy,The blue harvest moon is high.,0715,sad,5,"01:06:37,540","01:06:39,735"
TinkerII,Fairy,The moonbeams are almost at their mark.,0716,sad,5,"01:06:40,377","01:06:42,971"
TinkerII,Fairy,"Fairy Mary, where is Tinker Bell?",0718,neutral,4,"01:06:45,715","01:06:48,479"
TinkerII,Fairy,"Where is Tinker Bell? Well, we've been...",0724,neutral,4,"01:06:57,193","01:06:59,684"
TinkerII,Fairy,"Fairies of Pixie Hollow, I present the autumn scepter.",0739,fear,2,"01:08:03,860","01:08:08,661"
TinkerII,Fairy,"Yes, of course. Blaze. We owe them all our thanks.",0758,happy,3,"01:09:46,896","01:09:51,333"
TinkerII,Fairy,"I'm so proud of you. Thank you, Fairy Mary.",0759,neutral,4,"01:09:56,739","01:10:00,072"
TinkerII,Fairy,What made you think of breaking the moonstone,0760,neutral,4,"01:10:00,877","01:10:02,902"
TinkerII,Fairy,into all those tiny little pieces?,0761,happy,3,"01:10:03,012","01:10:05,446"
TinkerII,Gary,Yep. Finished today's and half of tomorrow's.,0047,neutral,4,"00:04:50,709","00:04:53,177"
TinkerII,Gary,"Well, that's my cue. I'll catch you guys later.",0050,happy,3,"00:05:16,168","00:05:19,228"
TinkerII,Gary,No reason.,0055,neutral,4,"00:05:32,050","00:05:34,314"
TinkerII,Gary,Fairy Gary. Hi.,0390,neutral,4,"00:31:07,951","00:31:09,612"
TinkerII,Gary,"I know it sounds like I'm just saying it, but you really do. Really.",0394,neutral,4,"00:31:19,563","00:31:23,693"
TinkerII,Gary,"Anyway, I was wondering, can I have some extra pixie dust?",0396,others,7,"00:31:25,369","00:31:29,829"
TinkerII,Gary,"Come on, Fairy Gary. Please? Just a smidge?",0398,neutral,4,"00:31:33,577","00:31:36,876"
TinkerII,Gary,"Now, Tinker Bell, you know the rules,",0399,neutral,4,"00:31:37,514","00:31:41,041"
TinkerII,Gary,"Thank you so much, Mr. Owl.",0539,neutral,4,"00:49:09,031","00:49:10,396"
TinkerII,Gary,The fellows are making fun of my kilt again.,0541,neutral,4,"00:49:18,741","00:49:21,904"
TinkerII,Gary,Who? The guys at the depot!,0542,neutral,4,"00:49:23,079","00:49:25,445"
TinkerII,Gary,"Excuse me, Blaze.",0710,neutral,4,"01:05:50,360","01:05:51,952"
TinkerII,Gary,Indeed.,0746,happy,3,"01:08:59,048","01:09:00,208"
TinkerII,Queen,Very well.,0122,neutral,4,"00:10:14,266","00:10:15,563"
TinkerII,Queen,Agreed. Tinker Bell!,0123,neutral,4,"00:10:16,034","00:10:18,025"
TinkerII,Queen,But we can certainly come back to that later.,0127,neutral,4,"00:10:39,991","00:10:42,516"
TinkerII,Queen,Mary.,0128,neutral,4,"00:10:42,627","00:10:43,685"
TinkerII,Queen,"This year, it is the turn of the tinker fairies.",0141,happy,3,"00:11:30,408","00:11:34,003"
TinkerII,Queen,"Yes, Your Highness?",0721,neutral,4,"01:06:51,921","01:06:53,616"
TinkerII,Queen,"Yes... No, Your Highness.",0723,neutral,4,"01:06:54,924","01:06:56,915"
TinkerII,Queen,Your Highness.,0732,neutral,4,"01:07:36,032","01:07:37,499"
TinkerII,Queen,"Tinker Bell, at the beginning of the season,",0733,happy,3,"01:07:38,635","01:07:41,263"
TinkerII,Queen,"but it's ready now, Your Highness.",0737,happy,3,"01:07:51,848","01:07:54,248"
TinkerII,Queen,"Your Majesty, I've never seen this much blue pixie dust before.",0745,happy,3,"01:08:54,511","01:08:58,880"
TinkerII,Queen,"Tonight, I believe, is our finest revelry ever,",0754,neutral,4,"01:09:29,279","01:09:32,840"
TinkerII,Queen,"thanks to one very special fairy, Tinker Bell.",0755,happy,3,"01:09:33,917","01:09:37,614"
TinkerII,Terence,"Remember, one cup each. No more, no less.",0048,neutral,4,"00:04:53,278","00:04:58,045"
TinkerII,Terence,And where are you off to?,0051,neutral,4,"00:05:19,571","00:05:21,539"
TinkerII,Terence,Errands! And stuff!,0053,neutral,4,"00:05:25,711","00:05:29,647"
TinkerII,Terence,What?,0057,neutral,4,"00:05:39,525","00:05:40,583"
TinkerII,Terence,Very funny.,0058,neutral,4,"00:05:43,262","00:05:44,627"
TinkerII,Terence,Is it okay if I take this? Sure.,0060,neutral,4,"00:05:50,035","00:05:52,128"
TinkerII,Terence,"Hi, Terence.",0066,neutral,4,"00:06:28,206","00:06:29,400"
TinkerII,Terence,"So, what do you think of the Pixie Dust Express?",0072,neutral,4,"00:06:41,453","00:06:44,513"
TinkerII,Terence,"Wow. The guys are gonna love this back at the depot,",0073,neutral,4,"00:06:44,790","00:06:48,521"
TinkerII,Terence,"Hey, is that a stretchy thingy?",0075,neutral,4,"00:06:51,964","00:06:53,761"
TinkerII,Terence,Okay. Are you ready for the official test run?,0082,neutral,4,"00:07:25,330","00:07:28,299"
TinkerII,Terence,Let her rip.,0085,happy,3,"00:07:33,005","00:07:34,370"
TinkerII,Terence,I guess your guys are gonna have to wait a little longer.,0095,neutral,4,"00:08:40,806","00:08:44,333"
TinkerII,Terence,I'm impressed.,0096,happy,3,"00:08:44,943","00:08:45,932"
TinkerII,Terence,"Usually when one of your inventions doesn't work out, you overreact,",0097,happy,3,"00:08:46,044","00:08:49,673"
TinkerII,Terence,"I made it to help you, Terence. It should've worked.",0101,neutral,4,"00:08:57,522","00:09:01,481"
TinkerII,Terence,"Come on. Look, it just needs a little tinkering.",0102,neutral,4,"00:09:03,795","00:09:07,060"
TinkerII,Terence,Let's see. Who do I know who's a good tinker?,0103,neutral,4,"00:09:07,165","00:09:10,191"
TinkerII,Terence,"Or Fairy Mary, she's got a lot of experience.",0105,happy,3,"00:09:13,171","00:09:16,072"
TinkerII,Terence,"Someone's in trouble. Hey, I haven't done anything, lately.",0108,neutral,4,"00:09:22,881","00:09:26,942"
TinkerII,Terence,Tink?,0162,others,7,"00:13:06,404","00:13:07,462"
TinkerII,Terence,Hey!,0163,happy,3,"00:13:09,607","00:13:10,631"
TinkerII,Terence,Me! Me!,0169,happy,3,"00:13:26,791","00:13:28,452"
TinkerII,Terence,Not so close. Don't breathe on it. It's fragile.,0172,neutral,4,"00:13:39,637","00:13:43,164"
TinkerII,Terence,"Yeah, I know. I know all about it.",0173,neutral,4,"00:13:43,708","00:13:46,108"
TinkerII,Terence,The blue moon only rises in Pixie Hollow every eight years.,0174,neutral,4,"00:13:46,277","00:13:49,804"
TinkerII,Terence,The trajectory of the light beam's gotta match the curvature of the moonstone,0175,neutral,4,"00:13:49,914","00:13:52,940"
TinkerII,Terence,at a 90-degree angle,0176,neutral,4,"00:13:53,051","00:13:54,450"
TinkerII,Terence,"Wow, Terence! Now, how'd you know all that?",0178,happy,3,"00:13:56,654","00:13:59,782"
TinkerII,Terence,"Well, you know, every dust-keeper's gotta study dustology.",0179,neutral,4,"00:14:00,592","00:14:04,084"
TinkerII,Terence,"Hey, by the way, that new bucket-and-pulley system you made?",0183,happy,3,"00:14:11,970","00:14:15,371"
TinkerII,Terence,He's so cute. Lf you say so.,0185,neutral,4,"00:14:17,409","00:14:19,969"
TinkerII,Terence,"You know what? Maybe I can help you. You know, I'm kind of an expert on this.",0186,neutral,4,"00:14:20,845","00:14:25,111"
TinkerII,Terence,"You will? That's... That's so sweet. Hey, what are friends for?",0188,neutral,4,"00:14:28,787","00:14:33,281"
TinkerII,Terence,The best dust-keeper fairy. And the best tinker!,0191,happy,3,"00:14:38,063","00:14:40,623"
TinkerII,Terence,"Wow, Terence, how did you...",0198,happy,3,"00:15:09,561","00:15:11,654"
TinkerII,Terence,Looks good.,0201,neutral,4,"00:15:20,038","00:15:21,096"
TinkerII,Terence,"Now, remember, you get the most blue pixie dust",0202,neutral,4,"00:15:21,206","00:15:23,265"
TinkerII,Terence,Knock-knickity-knock!,0205,happy,3,"00:15:35,453","00:15:37,216"
TinkerII,Terence,"Out of bed, sleepyhead.",0206,neutral,4,"00:15:39,257","00:15:40,690"
TinkerII,Terence,You gotta keep the fire nice and hot.,0207,neutral,4,"00:15:43,595","00:15:45,620"
TinkerII,Terence,"Excuse me, Tink.",0208,neutral,4,"00:16:04,516","00:16:05,949"
TinkerII,Terence,"Yeah, you know, you should really keep that workspace clean.",0209,neutral,4,"00:16:06,050","00:16:09,747"
TinkerII,Terence,Just one more. Thank you.,0211,neutral,4,"00:16:17,529","00:16:19,224"
TinkerII,Terence,I know.,0221,neutral,4,"00:17:42,080","00:17:43,240"
TinkerII,Terence,The curvature of the moonstone. Will you please...,0226,neutral,4,"00:17:55,393","00:17:58,658"
TinkerII,Terence,Could you go out and find me something sharp?,0229,neutral,4,"00:18:14,946","00:18:17,710"
TinkerII,Terence,A sharp thingy? How about a stick?,0242,neutral,4,"00:19:07,198","00:19:09,666"
TinkerII,Terence,"Clank, don't sneak up on me like that. Did you try the cove?",0246,happy,3,"00:19:21,646","00:19:25,673"
TinkerII,Terence,"And now for the finishing touch, a spattering of silver shavings.",0252,neutral,4,"00:19:51,442","00:19:55,970"
TinkerII,Terence,Oh!,0254,neutral,4,"00:20:06,224","00:20:07,248"
TinkerII,Terence,"It is, in fact, the exact opposite of sharp.",0261,others,7,"00:20:42,260","00:20:45,161"
TinkerII,Terence,My scepter!,0264,neutral,4,"00:21:02,413","00:21:03,744"
TinkerII,Terence,"Out, Terence! Just go! What?",0266,fear,2,"00:21:10,354","00:21:13,585"
TinkerII,Terence,I was just trying to be a good friend. I... Go away! Just leave me alone!,0269,angry,0,"00:21:20,398","00:21:24,926"
TinkerII,Terence,"Find a sharp thingy. Searched high and low,",0274,angry,0,"00:22:20,758","00:22:23,659"
TinkerII,Terence,I know some rock fairies that are gonna be pretty upset.,0277,angry,0,"00:22:41,345","00:22:44,837"
TinkerII,Terence,Are you okay?,0280,angry,0,"00:22:52,790","00:22:54,223"
TinkerII,Terence,"Yeah, I'm great! Why do you ask?",0281,others,7,"00:22:54,692","00:22:57,217"
TinkerII,Terence,What happened?,0283,others,7,"00:23:04,235","00:23:05,702"
TinkerII,Terence,She exploded?,0285,others,7,"00:23:10,975","00:23:12,408"
TinkerII,Terence,"No, no, I don't mean like that.",0286,others,7,"00:23:12,877","00:23:14,572"
TinkerII,Terence,Did she turn red?,0289,others,7,"00:23:19,884","00:23:21,511"
TinkerII,Terence,Tink? Hi.,0411,neutral,4,"00:32:27,598","00:32:29,429"
TinkerII,Terence,I need some extra pixie dust.,0416,neutral,4,"00:32:45,782","00:32:47,943"
TinkerII,Terence,Yeah.,0418,neutral,4,"00:32:53,123","00:32:54,215"
TinkerII,Terence,I... I can't tell you.,0420,neutral,4,"00:32:58,195","00:33:00,891"
TinkerII,Terence,You can't tell me?,0421,angry,0,"00:33:01,598","00:33:02,997"
TinkerII,Terence,A true friend wouldn't need to know why.,0423,angry,0,"00:33:06,436","00:33:09,132"
TinkerII,Terence,"No, I...",0426,sad,5,"00:33:18,549","00:33:19,743"
TinkerII,Terence,"Great to have friends that will help you out, huh?",0525,neutral,4,"00:48:18,748","00:48:21,911"
TinkerII,Terence,I know Tink is my best friend.,0526,neutral,4,"00:48:28,591","00:48:30,786"
TinkerII,Terence,We should just forgive each other.,0527,neutral,4,"00:48:31,461","00:48:33,861"
TinkerII,Terence,Someone just needs to take the first step.,0528,neutral,4,"00:48:33,963","00:48:37,421"
TinkerII,Terence,Who?,0529,others,7,"00:48:38,034","00:48:39,058"
TinkerII,Terence,"Yeah, well, I think it should be Tink.",0530,others,7,"00:48:39,735","00:48:42,329"
TinkerII,Terence,Who? Tink.,0531,others,7,"00:48:42,605","00:48:44,835"
TinkerII,Terence,She blamed me for breaking the scepter.,0532,neutral,4,"00:48:45,374","00:48:47,968"
TinkerII,Terence,Who? Tink!,0533,neutral,4,"00:48:48,978","00:48:51,469"
TinkerII,Terence,"I know she's under a lot of pressure,",0534,others,7,"00:48:52,048","00:48:53,538"
TinkerII,Terence,but she shouldn't have treated me that way.,0535,neutral,4,"00:48:53,649","00:48:56,447"
TinkerII,Terence,She should apologize.,0536,neutral,4,"00:48:56,986","00:48:58,749"
TinkerII,Terence,Me.,0538,happy,3,"00:49:06,262","00:49:07,251"
TinkerII,Terence,"Thank you so much, Mr. Owl.",0539,neutral,4,"00:49:09,031","00:49:10,396"
TinkerII,Terence,They keep calling it a skirt.,0543,neutral,4,"00:49:25,715","00:49:27,876"
TinkerII,Terence,"Hey, Tink, it's me.",0544,neutral,4,"00:49:35,625","00:49:38,116"
TinkerII,Terence,"Look, I know you're mad at me, okay, but there's something I need to tell you.",0545,neutral,4,"00:49:39,095","00:49:43,862"
TinkerII,Terence,Tink?,0546,others,7,"00:49:45,368","00:49:46,426"
TinkerII,Terence,Anyone home?,0547,others,7,"00:49:52,742","00:49:54,107"
TinkerII,Terence,I wish we were still friends.,0638,neutral,4,"00:59:45,095","00:59:47,256"
TinkerII,Terence,I miss you so much.,0642,neutral,4,"01:00:02,546","01:00:04,241"
TinkerII,Terence,"I miss you, too. But, Tink, why...",0643,neutral,4,"01:00:05,882","01:00:08,874"
TinkerII,Terence,I was wrong. I wish you were here.,0647,happy,3,"01:00:19,062","01:00:21,860"
TinkerII,Terence,"But, I mean, really here, with me.",0649,neutral,4,"01:00:26,403","01:00:29,736"
TinkerII,Terence,"No. I mean here, Terence, right next to me.",0651,neutral,4,"01:00:33,043","01:00:36,911"
TinkerII,Terence,"I'm so sorry, Terence. I know, I was so wrong...",0654,neutral,4,"01:00:43,954","01:00:47,856"
TinkerII,Terence,"Hey, hey. I'm sorry, too.",0655,happy,3,"01:00:47,958","01:00:49,926"
TinkerII,Terence,He's been a big help in some tough spots.,0658,happy,3,"01:00:56,700","01:00:58,600"
TinkerII,Terence,"Well, it's a pleasure to meet you. How did you...",0659,neutral,4,"01:00:58,702","01:01:01,637"
TinkerII,Terence,"I flew all night and all day over the sea,",0660,neutral,4,"01:01:01,738","01:01:04,138"
TinkerII,Terence,"Terence, buy me some time. Come on, Blaze.",0674,others,7,"01:02:49,045","01:02:51,513"
TinkerII,Terence,"Yeah, it's enough. Anchors up. Aye-aye, Captain.",0684,neutral,4,"01:04:08,492","01:04:11,893"
TinkerII,Terence,Just a little bit of pixie dust up front will get this baby going.,0685,neutral,4,"01:04:13,897","01:04:17,924"
TinkerII,Terence,I guess it pays to have a dust-keeper fairy around.,0689,happy,3,"01:04:27,077","01:04:29,671"
TinkerII,Terence,"I'm telling you, we just might make it.",0690,others,7,"01:04:29,779","01:04:32,441"
TinkerII,Terence,Would you happen to have an extra moonstone?,0693,neutral,4,"01:04:40,457","01:04:43,324"
TinkerII,Terence,Terence? Right. Right.,0697,happy,3,"01:05:15,625","01:05:17,616"
TinkerII,Terence,"Wait, wait.",0742,others,7,"01:08:24,714","01:08:27,114"
Toy,Sheriff,"See you later, Woody.",0063,neutral,4,"00:04:01,366","00:04:03,823"
Toy,Sheriff,"Hey, sarge, have you seen slinky? Sir! No, sir!",0071,happy,3,"00:04:57,964","00:05:00,751"
Toy,Sheriff,"Hey, etch. Draw!",0085,others,7,"00:05:31,540","00:05:33,576"
Toy,Sheriff,Oh! Got me again.,0086,happy,3,"00:05:35,293","00:05:37,750"
Toy,Sheriff,"Got a staff meeting, you guys. Come on, let's go.",0088,neutral,4,"00:05:41,591","00:05:44,583"
Toy,Sheriff,I think I'm just coming off as annoying.,0094,neutral,4,"00:06:01,278","00:06:03,610"
Toy,Sheriff,"Oh, hey, it was, uh, nothing.",0097,happy,3,"00:06:10,036","00:06:12,778"
Toy,Sheriff,What do you say I get someone else to watch the sheep tonight?,0098,happy,3,"00:06:12,873","00:06:17,116"
Toy,Sheriff,For crying out loud. Thank you.,0106,neutral,4,"00:06:41,693","00:06:44,230"
Toy,Sheriff,"Everybody hear me? Up on the shelf, can you hear me? Great.",0108,neutral,4,"00:06:48,742","00:06:51,779"
Toy,Sheriff,Okay. First item today...,0109,neutral,4,"00:06:51,828","00:06:54,945"
Toy,Sheriff,Do we have to hold hands?,0113,neutral,4,"00:07:03,381","00:07:05,747"
Toy,Sheriff,You guys think this is a big joke.,0114,neutral,4,"00:07:05,842","00:07:08,128"
Toy,Sheriff,"All right, next. Uh, oh, yes.",0118,neutral,4,"00:07:16,394","00:07:19,352"
Toy,Sheriff,Tuesday night's plastic corrosion awareness meeting,0119,neutral,4,"00:07:19,439","00:07:22,727"
Toy,Sheriff,"was, I think, a big success.",0120,neutral,4,"00:07:22,817","00:07:25,183"
Toy,Sheriff,You're welcome.,0123,neutral,4,"00:07:29,616","00:07:30,936"
Toy,Sheriff,"Okay. Uh, oh, yes. One, uh, minor note here.",0124,neutral,4,"00:07:31,242","00:07:34,700"
Toy,Sheriff,"Well, obviously she wanted to have the party before the move.",0129,others,7,"00:07:45,215","00:07:48,958"
Toy,Sheriff,Woody has never steered us wrong before.,0134,others,7,"00:08:00,563","00:08:02,849"
Toy,Sheriff,I just don't think I could take that kind of rejection!,0137,neutral,4,"00:08:09,739","00:08:12,697"
Toy,Sheriff,"Hey, listen, no one's getting replaced.",0138,neutral,4,"00:08:12,742","00:08:15,108"
Toy,Sheriff,This is Andy we're talking about.,0139,neutral,4,"00:08:15,203","00:08:18,070"
Toy,Sheriff,It doesn't matter how much we're played with.,0140,neutral,4,"00:08:18,164","00:08:21,247"
Toy,Sheriff,"That's what we're made for, right?",0142,neutral,4,"00:08:27,674","00:08:29,665"
Toy,Sheriff,"Very good, Woody. That's using the old noodle.",0159,neutral,4,"00:09:17,807","00:09:19,798"
Toy,Sheriff,Everyone in the living room. It's almost time for the presents.,0167,neutral,4,"00:10:01,893","00:10:04,851"
Toy,Sheriff,Shouldn't they be there by now? What's taking them so long?,0175,neutral,4,"00:10:51,317","00:10:53,774"
Toy,Sheriff,"Mission accomplished. Well done, men. Pack it up. We're goin' home.",0202,neutral,4,"00:12:40,260","00:12:44,048"
Toy,Sheriff,"Now, let's all be polite and give whatever it is up there",0242,neutral,4,"00:14:53,434","00:14:57,143"
Toy,Sheriff,Sorry. Howdy. My name is Woody.,0260,neutral,4,"00:16:12,263","00:16:14,720"
Toy,Sheriff,And this is Andy's room. That's all I wanted to say.,0261,neutral,4,"00:16:14,807","00:16:18,675"
Toy,Sheriff,I'm actually from a smaller company that was purchased in a leveraged buyout.,0294,neutral,4,"00:17:45,648","00:17:48,765"
Toy,Sheriff,"All right, that's enough!",0303,neutral,4,"00:18:08,879","00:18:10,164"
Toy,Sheriff,He's not a space ranger!,0311,angry,0,"00:18:32,194","00:18:34,230"
Toy,Sheriff,"He doesn't fight evil or, or shoot lasers or fly!",0312,surprise,6,"00:18:34,322","00:18:37,940"
Toy,Sheriff,"Ooh! Oh, impressive wingspan! Very good!",0314,others,7,"00:18:40,077","00:18:44,036"
Toy,Sheriff,You can't. Can.,0318,others,7,"00:18:55,843","00:18:56,878"
Toy,Sheriff,"Golly Bob howdy! Oh, shut up!",0330,neutral,4,"00:20:01,659","00:20:05,618"
Toy,Sheriff,"You know, in a couple of days,",0331,neutral,4,"00:20:05,705","00:20:06,765"
Toy,Sheriff,things j,0369,others,7,"00:22:15,876","00:22:17,707"
Toy,Sheriff,finally!,0370,neutral,4,"00:22:19,088","00:22:21,374"
Toy,Sheriff,"Look, I'm Woody! Howdy, howdy, howdy!",0372,angry,0,"00:22:24,552","00:22:27,339"
Toy,Sheriff,"Don't let it get to you, Woody.",0380,neutral,4,"00:22:48,742","00:22:50,949"
Toy,Sheriff,"Listen, light snack, you stay away from Andy.",0388,angry,0,"00:23:11,849","00:23:15,307"
Toy,Sheriff,Where's that bonding strip?,0391,angry,0,"00:23:20,816","00:23:23,353"
Toy,Sheriff,"And another thing,",0392,angry,0,"00:23:24,820","00:23:25,980"
Toy,Sheriff,"Oh-ho, okay! Ooh, well, so you wanna do it the hard way, huh?",0395,angry,0,"00:23:32,703","00:23:36,696"
Toy,Sheriff,My eyeballs could've been sucked from their sockets!,0399,others,7,"00:23:57,853","00:24:01,220"
Toy,Sheriff,You actually think you're the buzz lightyear?,0400,others,7,"00:24:02,107","00:24:06,350"
Toy,Sheriff,"You're mocking me, aren't you?",0403,fear,2,"00:24:13,369","00:24:14,700"
Toy,Sheriff,What's going on?,0418,neutral,4,"00:24:57,121","00:24:58,156"
Toy,Sheriff,Whoo! I could've stopped him.,0436,neutral,4,"00:25:53,010","00:25:55,877"
Toy,Sheriff,Just one? One toy?,0447,sad,5,"00:26:30,964","00:26:33,922"
Toy,Sheriff,Hmm.,0448,neutral,4,"00:26:35,677","00:26:37,338"
Toy,Sheriff,"Buzz! Oh, buzz! Buzz lightyear.",0452,others,7,"00:27:08,127","00:27:10,743"
Toy,Sheriff,What? Wait a minute.,0469,neutral,4,"00:28:13,775","00:28:15,606"
Toy,Sheriff,"Now, it was an accident, guys.",0472,neutral,4,"00:28:22,868","00:28:25,280"
Toy,Sheriff,"Yuk, yuk, yuk! Funny, mom.",0505,others,7,"00:30:26,825","00:30:28,861"
Toy,Sheriff,"Aw, great. How am I gonna convince those guys it was an accident?",0506,surprise,6,"00:30:28,910","00:30:33,370"
Toy,Sheriff,Buzz! Ha! You're alive!,0508,happy,3,"00:30:40,589","00:30:43,331"
Toy,Sheriff,"This is great! Oh, I'm saved! I'm saved.",0509,happy,3,"00:30:43,425","00:30:46,713"
Toy,Sheriff,and then you can tell everyone that this was all just a big mistake.,0511,neutral,4,"00:30:49,389","00:30:54,600"
Toy,Sheriff,You want a piece of me?,0518,neutral,4,"00:31:18,251","00:31:19,957"
Toy,Sheriff,Andy!,0523,neutral,4,"00:31:33,517","00:31:35,974"
Toy,Sheriff,Wh... doesn't he realize that I'm not there?,0524,surprise,6,"00:31:45,153","00:31:47,644"
Toy,Sheriff,I'm lost!,0525,sad,5,"00:31:47,989","00:31:51,322"
Toy,Sheriff,This is the perfect time to panic. I'm lost. Andy is gone.,0532,neutral,4,"00:32:32,826","00:32:36,318"
Toy,Sheriff,Because of you the security of this entire universe is in jeopardy!,0539,surprise,6,"00:32:49,968","00:32:52,960"
Toy,Sheriff,for delaying my rendezvous with star command!,0546,angry,0,"00:33:10,071","00:33:13,438"
Toy,Sheriff,You... are... a... toy!,0547,angry,0,"00:33:13,533","00:33:17,071"
Toy,Sheriff,You aren't the real buzz lightyear! You're a...,0548,angry,0,"00:33:17,162","00:33:19,369"
Toy,Sheriff,Do you know where cutting boulevard is?,0556,fear,2,"00:33:41,978","00:33:43,934"
Toy,Sheriff,I can't show my face in that room without buzz.,0558,others,7,"00:33:45,440","00:33:48,352"
Toy,Sheriff,once it jettisons its food supply? Uh-huh.,0566,happy,3,"00:34:14,678","00:34:17,090"
Toy,Sheriff,can I have some alien slime?,0610,angry,0,"00:37:12,188","00:37:13,678"
Toy,Sheriff,What's gotten into you? I was...,0627,angry,0,"00:38:14,209","00:38:15,540"
Toy,Sheriff,"Whatever she says, it's not true!",0672,fear,2,"00:41:02,168","00:41:04,784"
Toy,Sheriff,Locked.,0674,neutral,4,"00:41:24,065","00:41:26,272"
Toy,Sheriff,There's gotta be another way outta here.,0675,fear,2,"00:41:26,359","00:41:28,566"
Toy,Sheriff,"Hey, hi there, little fella.",0677,neutral,4,"00:41:52,635","00:41:55,092"
Toy,Sheriff,I've set my laser from stun to kill.,0684,others,7,"00:42:53,321","00:42:55,778"
Toy,Sheriff,It's not working. I recharged it before I left. It should be good for...,0715,others,7,"00:44:59,447","00:45:02,287"
Toy,Sheriff,"What is it, mom? Mom, where are you?",0784,others,7,"00:50:00,289","00:50:04,328"
Toy,Sheriff,All of it's gone. Bye-bye. Whoo-whoo. See ya.,0787,others,7,"00:50:10,257","00:50:13,124"
Toy,Sheriff,Marie antoinette and her little sister.,0791,happy,3,"00:50:21,143","00:50:24,306"
Toy,Sheriff,I think you've had enough tea for today.,0792,neutral,4,"00:50:26,190","00:50:28,522"
Toy,Sheriff,The apron is a bit much. Out the window!,0803,others,7,"00:50:59,223","00:51:02,056"
Toy,Sheriff,"Buzz, you're a genius!",0804,neutral,4,"00:51:02,142","00:51:03,427"
Toy,Sheriff,"Woody? Ha! We're gonna get outta here, buzz.",0816,neutral,4,"00:51:33,757","00:51:36,840"
Toy,Sheriff,"I knew you'd come back, Woody. What are you doin' over there?",0820,happy,3,"00:51:47,354","00:51:50,016"
Toy,Sheriff,"It's a long story, Bo. I'll explain later.",0821,happy,3,"00:51:50,107","00:51:52,564"
Toy,Sheriff,And now you wanna let him back over here?,0830,happy,3,"00:52:09,376","00:52:10,937"
Toy,Sheriff,"No! No, no, no, no, no! You got it... You got it all wrong, potato head.",0831,happy,3,"00:52:10,961","00:52:15,375"
Toy,Sheriff,He's lying. Buzz ain't there.,0839,neutral,4,"00:52:38,947","00:52:41,029"
Toy,Sheriff,"Oh! Hi, buzz!",0840,neutral,4,"00:52:41,617","00:52:43,824"
Toy,Sheriff,"Hey, look! It's buzz!",0843,happy,3,"00:52:50,834","00:52:52,699"
Toy,Sheriff,Something's screwy here.,0846,neutral,4,"00:52:59,176","00:53:00,382"
Toy,Sheriff,"So you see we're friends now, guys. Aren't we, buzz?",0847,neutral,4,"00:53:00,427","00:53:03,294"
Toy,Sheriff,You bet. Give me a hug.,0848,happy,3,"00:53:03,389","00:53:05,254"
Toy,Sheriff,What are you doin'?,0868,neutral,4,"00:54:15,794","00:54:17,580"
Toy,Sheriff,"Hey. Hey, they fixed you.",0869,neutral,4,"00:54:20,507","00:54:22,589"
Toy,Sheriff,We saw them eat those other toys.,0871,neutral,4,"00:54:27,765","00:54:30,347"
Toy,Sheriff,"Hey, no, no, wait, hey!",0874,surprise,6,"00:54:44,198","00:54:46,063"
Toy,Sheriff,Hey. Get over here and see if you can get this toolbox off me.,0908,sad,5,"00:57:35,160","00:57:39,028"
Toy,Sheriff,"Oh, come on, buzz, I...",0909,sad,5,"00:57:41,708","00:57:44,575"
Toy,Sheriff,"Why, sure you can, buzz. You can get me outta here.",0912,others,7,"00:57:53,762","00:57:56,629"
Toy,Sheriff,"I'm just a toy, a stupid, little, insignificant toy.",0918,neutral,4,"00:58:14,199","00:58:18,408"
Toy,Sheriff,"Whoa, hey, wait a minute.",0919,neutral,4,"00:58:18,453","00:58:19,738"
Toy,Sheriff,You've got wings. You glow in the dark. You talk!,0928,others,7,"00:58:45,439","00:58:48,977"
Toy,Sheriff,"As a matter of fact, you're too cool.",0931,sad,5,"00:58:59,077","00:59:01,944"
Toy,Sheriff,"I mean, I mean, what chance does a toy like me have",0932,sad,5,"00:59:02,539","00:59:05,781"
Toy,Sheriff,against a buzz lightyear action figure?,0933,sad,5,"00:59:05,834","00:59:09,167"
Toy,Sheriff,when he's got you?,0937,neutral,4,"00:59:18,805","00:59:21,512"
Toy,Sheriff,You should get outta here while you can.,0940,neutral,4,"00:59:51,922","00:59:54,834"
Toy,Sheriff,Now let's get you out of this thing.,0943,neutral,4,"01:00:11,358","01:00:13,314"
Toy,Sheriff,"Down, down!",0959,neutral,4,"01:01:32,731","01:01:34,437"
Toy,Sheriff,"Okay, what do I do? Come on, Woody. Think.",0960,others,7,"01:01:35,108","01:01:37,224"
Toy,Sheriff,Guys!,0961,others,7,"01:01:40,614","01:01:41,614"
Toy,Sheriff,"No, no, no, no! Wait! Wait. Listen, please.",0962,others,7,"01:01:43,283","01:01:45,899"
Toy,Sheriff,"There's a good toy down there, and he's gonna be blown to bits in a few minutes.",0963,neutral,4,"01:01:45,952","01:01:50,491"
Toy,Sheriff,All because of me. We gotta save him.,0964,neutral,4,"01:01:50,582","01:01:54,120"
Toy,Sheriff,"And, uh... but I need your help.",0965,neutral,4,"01:01:54,211","01:01:56,918"
Toy,Sheriff,Please. He's my friend.,0966,sad,5,"01:02:04,179","01:02:07,012"
Toy,Sheriff,"Thank you. Okay, I think I know what to do.",0968,neutral,4,"01:02:23,657","01:02:27,320"
Toy,Sheriff,We're gonna have to break a few rules.,0969,neutral,4,"01:02:27,410","01:02:29,492"
Toy,Sheriff,Okay. Let's move!,0977,neutral,4,"01:03:01,903","01:03:05,395"
Toy,Sheriff,Wind the frog.,0978,neutral,4,"01:03:26,261","01:03:27,421"
Toy,Sheriff,Countdown will commence momentarily.,0991,neutral,4,"01:05:01,147","01:05:02,853"
Toy,Sheriff,Shh! What?,0995,neutral,4,"01:05:11,658","01:05:13,398"
Toy,Sheriff,Aaah! Ouch!,1101,neutral,4,"01:12:56,330","01:12:58,946"
Toy,Sheriff,Woody! The rocket!,1103,neutral,4,"01:13:15,600","01:13:17,465"
Toy,Sheriff,"Thank you, sid!",1105,fear,2,"01:13:20,104","01:13:22,015"
Toy,Sheriff,"No! No, no! No!",1106,sad,5,"01:13:29,155","01:13:31,271"
Toy,Sheriff,no!,1109,sad,5,"01:13:38,789","01:13:40,575"
Toy,Sheriff,Aaah!,1121,happy,3,"01:14:50,861","01:14:52,476"
Toy,Sheriff,Ha-ha-hal,1124,happy,3,"01:15:03,165","01:15:04,450"
Toy,Sheriff,"Ohh! Oh, Bo.",1137,neutral,4,"01:16:01,724","01:16:04,056"
Toy,Sheriff,"Merry Christmas, sheriff.",1139,neutral,4,"01:16:06,604","01:16:08,686"
Toy,Buzz,"a nice, big Andy's-room welcome.",0243,neutral,4,"00:14:57,188","00:15:00,931"
Toy,Buzz,Buzz lightyear to star command.,0244,neutral,4,"00:15:25,925","00:15:27,665"
Toy,Buzz,"Come in, star command.",0245,neutral,4,"00:15:27,718","00:15:29,674"
Toy,Buzz,"Star command, come in.",0246,neutral,4,"00:15:30,263","00:15:31,490"
Toy,Buzz,Do you read me?,0247,fear,2,"00:15:31,514","00:15:32,594"
Toy,Buzz,Why don't they answer? My ship!,0248,neutral,4,"00:15:32,682","00:15:35,970"
Toy,Buzz,Blast! This'll take weeks to repair.,0249,neutral,4,"00:15:39,105","00:15:42,017"
Toy,Buzz,"Buzz lightyear mission log, stardate 4-0-7-2.",0250,neutral,4,"00:15:42,608","00:15:45,691"
Toy,Buzz,My ship has run off course en route to sector 12.,0251,neutral,4,"00:15:45,778","00:15:49,066"
Toy,Buzz,I've crash-landed on a strange planet.,0252,neutral,4,"00:15:49,157","00:15:51,614"
Toy,Buzz,The impact must've awoken me from hypersleep.,0253,neutral,4,"00:15:51,701","00:15:54,192"
Toy,Buzz,No readout yet if the air is breathable.,0255,neutral,4,"00:15:59,792","00:16:02,249"
Toy,Buzz,"This is my spot, see, the bed here.",0263,neutral,4,"00:16:21,564","00:16:23,771"
Toy,Buzz,Local law enforcement. It's about time you got here.,0264,neutral,4,"00:16:23,858","00:16:26,349"
Toy,Buzz,"I'm buzz lightyear, space ranger, universe protection unit.",0265,neutral,4,"00:16:26,402","00:16:29,360"
Toy,Buzz,"Yes, it is a mistake because, you see, the bed here is my spot.",0267,neutral,4,"00:16:31,741","00:16:35,575"
Toy,Buzz,I need to repair my turbo boosters.,0268,neutral,4,"00:16:35,620","00:16:37,235"
Toy,Buzz,I am buzz lightyear. I come in peace.,0275,surprise,6,"00:16:53,721","00:16:56,337"
Toy,Buzz,"So, uh, where you from? Singapore? Hong Kong?",0286,others,7,"00:17:21,457","00:17:24,745"
Toy,Buzz,"Ah, ah, ah, ah! Please be careful.",0298,neutral,4,"00:17:56,033","00:17:58,820"
Toy,Buzz,"Excuse me, I think the word you're searching for is space ranger.",0306,neutral,4,"00:18:16,137","00:18:20,130"
Toy,Buzz,Excuse me.,0313,neutral,4,"00:18:38,034","00:18:39,444"
Toy,Buzz,"Oh, what? What? These are plastic. He can't fly!",0315,neutral,4,"00:18:44,123","00:18:48,867"
Toy,Buzz,"I tell you, I could fly around this room with my eyes closed!",0320,neutral,4,"00:18:58,721","00:19:01,178"
Toy,Buzz,"Stand back, everyone!",0322,neutral,4,"00:19:05,519","00:19:07,430"
Toy,Buzz,I found my movin' buddy.,0326,happy,3,"00:19:50,272","00:19:51,933"
Toy,Buzz,"He's mine, and no one is taking him away from me.",0389,neutral,4,"00:23:15,352","00:23:19,140"
Toy,Buzz,What are you talking about?,0390,neutral,4,"00:23:19,189","00:23:20,725"
Toy,Buzz,stop with this spaceman thing! It's getting on my nerves!,0393,angry,0,"00:23:26,030","00:23:30,194"
Toy,Buzz,The air isn't... toxic.,0397,angry,0,"00:23:50,012","00:23:53,721"
Toy,Buzz,How dare you open a spaceman's helmet on an uncharted planet!,0398,others,7,"00:23:54,183","00:23:57,801"
Toy,Buzz,Huh? Right? Buddy?,0512,neutral,4,"00:30:54,686","00:30:57,268"
Toy,Buzz,"I just want you to know that even though you tried to terminate me,",0513,neutral,4,"00:30:57,481","00:31:00,939"
Toy,Buzz,"Oh, I'm a lost toy!",0526,neutral,4,"00:31:51,410","00:31:54,698"
Toy,Buzz,and taken away everything that was important to me...,0537,angry,0,"00:32:46,298","00:32:48,359"
Toy,Buzz,Don't talk to me about importance!,0538,angry,0,"00:32:48,383","00:32:49,873"
Toy,Buzz,with the destructive capacity to annihilate an entire planet!,0543,neutral,4,"00:33:00,061","00:33:03,394"
Toy,Buzz,I alone have information that reveals this weapon's only weakness.,0544,angry,0,"00:33:03,482","00:33:07,725"
Toy,Buzz,You're an action figure! You are a child's plaything!,0549,neutral,4,"00:33:19,414","00:33:24,249"
Toy,Buzz,Negative. There are no restraining harnesses in the cargo area.,0570,neutral,4,"00:34:27,440","00:34:30,648"
Toy,Buzz,There you are.,0583,neutral,4,"00:35:41,389","00:35:42,799"
Toy,Buzz,I need to commandeer your vessel to sector 12.,0618,neutral,4,"00:37:47,348","00:37:49,839"
Toy,Buzz,They're cannibals.,0680,neutral,4,"00:42:41,809","00:42:43,800"
Toy,Buzz,"Mayday, mayday.",0681,neutral,4,"00:42:46,939","00:42:48,145"
Toy,Buzz,"Come in, star command. Send reinforcements.",0682,neutral,4,"00:42:48,191","00:42:50,477"
Toy,Buzz,"Star command, do you copy?",0683,neutral,4,"00:42:50,568","00:42:52,900"
Toy,Buzz,All right!,0705,neutral,4,"00:44:20,908","00:44:22,489"
Toy,Buzz,"Are you all right? I'm proud of you, sheriff.",0706,neutral,4,"00:44:34,297","00:44:36,834"
Toy,Buzz,"They're gonna eat us, buzz! Do something quick!",0713,neutral,4,"00:44:53,357","00:44:55,598"
Toy,Buzz,There's no place like home.,0721,others,7,"00:45:19,258","00:45:22,796"
Toy,Buzz,"Buzz. Hey. Buzz, are you okay?",0785,neutral,4,"00:50:04,418","00:50:06,909"
Toy,Buzz,Gone! It's all gone.,0786,neutral,4,"00:50:06,962","00:50:10,204"
Toy,Buzz,What happened to you?,0788,neutral,4,"00:50:13,219","00:50:14,254"
Toy,Buzz,One minute you're defending the whole galaxy.,0789,neutral,4,"00:50:14,345","00:50:17,007"
Toy,Buzz,"Let's get you outta here, buzz.",0793,angry,0,"00:50:28,609","00:50:30,349"
Toy,Buzz,"I am Mrs. nesbitt! Ha-ha-ha-ha! Snap out of it, buzz!",0795,neutral,4,"00:50:33,489","00:50:38,404"
Toy,Buzz,I-I-i-I'm sorry. I... You're right.,0796,neutral,4,"00:50:42,331","00:50:44,572"
Toy,Buzz,"Buzz, I can't do this without you. I need your help.",0910,sad,5,"00:57:44,670","00:57:48,788"
Toy,Buzz,"Then I'll get that rocket off you, and we'll make a break for Andy's house.",0913,sad,5,"00:57:56,723","00:58:00,056"
Toy,Buzz,It's because you're a toy. You are his toy.,0924,sad,5,"00:58:31,633","00:58:35,501"
Toy,Buzz,"Come on, sheriff. There's a kid over in that house who needs us.",0942,neutral,4,"01:00:08,188","01:00:11,271"
Toy,Buzz,Woody! Great! Help me outta this thing.,0994,surprise,6,"01:05:09,614","01:05:11,570"
Toy,Buzz,It's okay. Everything's under control.,0996,others,7,"01:05:13,493","01:05:16,075"
Toy,Buzz,Woody.,1036,neutral,4,"01:07:44,143","01:07:45,849"
Toy,Buzz,Great!,1102,others,7,"01:13:11,470","01:13:12,755"
Toy,Buzz,"Hey, buzz! You're flyin'l",1122,happy,3,"01:14:56,117","01:14:58,324"
Toy,Buzz,"Uh, buzz, we missed the truck.",1126,neutral,4,"01:15:13,968","01:15:16,926"
Toy,Buzz,"you are not worried, are you? I can't quite...",1152,neutral,4,"01:16:44,183","01:16:46,203"
Toy,Buzz,"Me? No, no. Pfft. Make out...",1153,neutral,4,"01:16:46,227","01:16:47,662"
ToyII,Stinky,"Hey, how do you know my name? Everyone knows your name, wood-y.",0265,neutral,4,"00:22:32,560","00:22:37,304"
ToyII,Stinky,"That was a great show! I mean, why cancel it?",0341,neutral,4,"00:27:25,477","00:27:28,264"
ToyII,Stinky,"Two words, sput-Nik.",0342,neutral,4,"00:27:28,355","00:27:30,767"
ToyII,Stinky,What museum? The museum.,0369,neutral,4,"00:28:56,777","00:28:58,733"
ToyII,Stinky,What's the matter? What's wrong with her?,0379,sad,5,"00:29:26,139","00:29:27,659"
ToyII,Stinky,"Well, we've been in storage for a long time",0380,sad,5,"00:29:27,683","00:29:30,550"
ToyII,Stinky,Why me? The museum's,0382,neutral,4,"00:29:32,187","00:29:34,052"
ToyII,Stinky,"You see, I was in this yard sale... Yard sale?",0388,neutral,4,"00:29:48,287","00:29:51,404"
ToyII,Stinky,"Oh... Jessie, look at me.",0398,others,7,"00:30:18,734","00:30:20,190"
ToyII,Stinky,My arm is completely gone! All right. Come here. Let me see that.,0414,neutral,4,"00:31:19,169","00:31:21,689"
ToyII,Stinky,"Oh, it's just a popped seam,",0415,neutral,4,"00:31:21,713","00:31:24,045"
ToyII,Stinky,is dying to play with a one-armed cowboy doll.,0421,neutral,4,"00:31:37,479","00:31:40,812"
ToyII,Stinky,"Why, Jessie, you know he wouldn't last an hour on the streets in his condition.",0422,neutral,4,"00:31:41,233","00:31:45,101"
ToyII,Stinky,"I don't know how that television turned on,",0467,neutral,4,"00:36:14,839","00:36:17,581"
ToyII,Stinky,"If I had both my arms... The fact is, you don't, Woody,",0469,neutral,4,"00:36:19,886","00:36:23,253"
ToyII,Stinky,"Woody, don't be mad at Jessie.",0591,sad,5,"00:47:51,160","00:47:53,446"
ToyII,Stinky,She's been through more than you know.,0592,sad,5,"00:47:53,913","00:47:56,154"
ToyII,Stinky,"It's your choice, Woody.",0649,sad,5,"00:52:38,072","00:52:39,733"
ToyII,Stinky,We're finally going. Can you believe it?,0728,happy,3,"00:59:18,722","00:59:21,759"
ToyII,Stinky,That's custom-fitted,0729,happy,3,"00:59:21,850","00:59:24,011"
ToyII,Stinky,"for the times I'm not around. Good going, Woody!",0860,neutral,4,"01:06:45,210","01:06:48,247"
ToyII,Stinky,Prospector? You're outta your box!,0891,neutral,4,"01:08:30,023","01:08:32,389"
ToyII,Stinky,"Look, we have an eternity to spend together in the museum.",0895,neutral,4,"01:08:44,746","01:08:48,364"
ToyII,Stinky,"Prospector, this isn't fair.",0898,angry,0,"01:08:53,671","01:08:54,956"
ToyII,Stinky,Fair? I'll tell you what's not fair.,0899,angry,0,"01:08:55,381","01:08:58,418"
ToyII,Stinky,"Well, finally my waiting has paid off,",0901,angry,0,"01:09:04,390","01:09:06,301"
ToyII,Stinky,His name is buzz lightyear.,0905,others,7,"01:09:20,156","01:09:22,021"
ToyII,Stinky,"Your choice, Woody.",0998,angry,0,"01:16:21,952","01:16:23,738"
ToyII,Stinky,You can go to Japan together or in pieces.,0999,angry,0,"01:16:23,829","01:16:26,195"
ToyII,Stinky,No! Aaah! Gotchal,1002,angry,0,"01:16:38,511","01:16:40,502"
ToyII,Stinky,idiots! Children destroy toys!,1003,angry,0,"01:16:40,596","01:16:43,133"
ToyII,Stinky,"You'll all be ruined, forgotten!",1004,angry,0,"01:16:43,224","01:16:45,431"
ToyII,AIMcW,I promise you'll come out of the box. Now go! Go!,0399,happy,3,"00:30:20,485","00:30:24,148"
ToyII,AIMcW,the main attraction.,0403,others,7,"00:30:40,088","00:30:41,703"
ToyII,AIMcW,Hello? It's me. It's al.,0408,others,7,"00:31:06,323","00:31:07,779"
ToyII,AIMcW,I got an emergency.,0409,neutral,4,"00:31:07,866","00:31:09,026"
ToyII,AIMcW,Yeah? What?,0582,neutral,4,"00:47:10,202","00:47:11,513"
ToyII,AIMcW,"Oh, oh. Mr. konishi. Yes, I have the pictures right here.",0583,neutral,4,"00:47:11,537","00:47:15,746"
ToyII,AIMcW,"It's Woody! Now that I have your attention,",0674,neutral,4,"00:54:29,057","00:54:31,139"
ToyII,AIMcW,"imagine we added another zero to the price, huh?",0675,happy,3,"00:54:31,226","00:54:34,093"
ToyII,AIMcW,I'll pay anything you want. Yes! Yes!,0676,happy,3,"00:54:35,439","00:54:39,023"
ToyII,AIMcW,"That's in yen, right?",0721,angry,0,"00:58:59,244","00:59:01,405"
ToyII,AIMcW,"Bark, bark, bark, bark, bark.",0980,neutral,4,"01:14:45,189","01:14:46,520"
ToyII,AIMcW,"Listen, flyboy.",0981,angry,0,"01:14:47,775","01:14:48,775"
ToyII,Buzz,,0001,neutral,4,,
ToyII,Buzz,"All signs point to this planet as the location of zurg's fortress,",0002,neutral,4,"00:02:21,016","00:02:23,974"
ToyII,Buzz,"I'm never gonna defeat zurg! Sure, you will, Rex.",0009,neutral,4,"00:04:51,708","00:04:54,745"
ToyII,Buzz,Ooh.,0015,neutral,4,"00:05:08,016","00:05:10,803"
ToyII,Buzz,and I can't find it anywhere!,0026,neutral,4,"00:05:38,088","00:05:39,328"
ToyII,Buzz,"Don't worry, Woody. In just a few hours,",0027,happy,3,"00:05:39,422","00:05:41,413"
ToyII,Buzz,"Lousy try, Brian. What are you doing, buzz?",0220,neutral,4,"00:19:11,233","00:19:15,442"
ToyII,Buzz,"Oh, this can't help. Let's leave buzz to play with his toys.",0226,neutral,4,"00:19:29,543","00:19:33,377"
ToyII,Buzz,Al's toy bam. Al's toy barn!,0228,neutral,4,"00:19:39,762","00:19:43,550"
ToyII,Buzz,"You can't go, buzz. You'll never make it there.",0295,neutral,4,"00:24:44,149","00:24:46,606"
ToyII,Buzz,Woody once risked his life to save me.,0296,neutral,4,"00:24:46,694","00:24:48,980"
ToyII,Buzz,I couldn't call myself his friend if I weren't willing to do the same.,0297,neutral,4,"00:24:49,071","00:24:53,405"
ToyII,Buzz,This is for Woody when you find him.,0300,neutral,4,"00:25:02,751","00:25:05,618"
ToyII,Buzz,"All right,",0301,neutral,4,"00:25:08,590","00:25:09,630"
ToyII,Buzz,The idea is to let go.,0309,neutral,4,"00:25:39,663","00:25:42,245"
ToyII,Buzz,All right. Nobody look till I get my cork back in.,0424,neutral,4,"00:32:11,596","00:32:14,212"
ToyII,Buzz,Are we gonna do this all night? My parts are killing me.,0427,neutral,4,"00:32:19,062","00:32:21,553"
ToyII,Buzz,"Come on, fellas.",0428,neutral,4,"00:32:21,648","00:32:22,728"
ToyII,Buzz,And did he give up when you threw him out of the back of that moving Van?,0431,neutral,4,"00:32:27,988","00:32:30,900"
ToyII,Buzz,"Oh, you had to bring that up. No, he didn't!",0432,others,7,"00:32:30,991","00:32:33,323"
ToyII,Buzz,Losing health units. Must rest.,0477,neutral,4,"00:36:55,380","00:36:58,338"
ToyII,Buzz,"I may not be a smart dog, but I know what roadkill is.",0488,neutral,4,"00:37:32,167","00:37:36,536"
ToyII,Buzz,It's amazing. You're a genius. He's just like new.,0517,surprise,6,"00:42:23,916","00:42:26,999"
ToyII,Buzz,Wow.,0518,neutral,4,"00:42:49,233","00:42:50,598"
ToyII,Buzz,I thought we could search in style.,0523,neutral,4,"00:43:29,148","00:43:30,748"
ToyII,Buzz,"Rich, rich, rich, rich!",0681,neutral,4,"00:54:55,542","00:54:57,783"
ToyII,Buzz,No!,0802,neutral,4,"01:03:37,105","01:03:39,141"
ToyII,Buzz,"Hold on. I am buzz lightyear, and I'm in charge of this detachment.",0806,neutral,4,"01:03:45,572","01:03:49,156"
ToyII,Buzz,Will somebody please explain what's going on?,0815,neutral,4,"01:04:13,808","01:04:16,220"
ToyII,Buzz,"Without me, they'll go back into storage. Maybe forever!",0838,neutral,4,"01:05:16,788","01:05:20,451"
ToyII,Buzz,"Woody, you're not a collector's item. You're a child's plaything.",0839,angry,0,"01:05:20,917","01:05:24,535"
ToyII,Buzz,"And what do I do then, buzz? Huh? You tell me.",0842,neutral,4,"01:05:30,844","01:05:33,130"
ToyII,Buzz,Somewhere in that pad of stuffing is a toy who taught me,0843,neutral,4,"01:05:34,139","01:05:36,551"
ToyII,Buzz,that life's only worth living if you're bein' loved by a kid.,0844,neutral,4,"01:05:36,641","01:05:39,804"
ToyII,Buzz,And I traveled all this way to rescue that toy,0845,neutral,4,"01:05:40,437","01:05:43,395"
ToyII,Buzz,"Let's go, everyone. What about Woody?",0848,sad,5,"01:05:54,284","01:05:56,991"
ToyII,Buzz,"I don't have a choice, buzz. This is my only chance.",0852,angry,0,"01:06:17,348","01:06:21,091"
ToyII,Buzz,"To do what, Woody?",0853,neutral,4,"01:06:21,186","01:06:22,801"
ToyII,Buzz,Watch kids from behind glass and never be loved again?,0854,others,7,"01:06:22,896","01:06:26,229"
ToyII,Buzz,"Wait, wait, wait. I'll be back in just a second.",0881,neutral,4,"01:07:56,114","01:07:59,277"
ToyII,Buzz,I just gotta get outta here now!,0915,neutral,4,"01:09:48,476","01:09:52,389"
ToyII,Buzz,Quick! To the elevator!,0916,neutral,4,"01:09:53,398","01:09:54,888"
ToyII,Buzz,Hmm?,1069,neutral,4,"01:23:04,897","01:23:05,897"
ToyII,Buzz,"Uh, ma'am, I, uh...",1070,neutral,4,"01:23:07,566","01:23:09,978"
ToyII,Buzz,I wanted to say you're a bright young woman,1071,neutral,4,"01:23:10,068","01:23:12,104"
ToyII,Buzz,with a beautiful yarnful” of hair.,1072,others,7,"01:23:12,196","01:23:14,061"
ToyII,Buzz,"Hairful” of yarn. It's, uh... Whoo... uh...",1073,others,7,"01:23:14,156","01:23:16,898"
ToyII,Jessie,Prospector said someday you'd come.,0251,fear,2,"00:21:42,301","00:21:44,838"
ToyII,Jessie,It... it's a box. He's mint in the box.,0255,neutral,4,"00:22:01,195","00:22:04,437"
ToyII,Jessie,"Why, the prodigal son has returned.",0258,happy,3,"00:22:12,790","00:22:16,157"
ToyII,Jessie,Yee-haw!,0259,happy,3,"00:22:16,460","00:22:18,200"
ToyII,Jessie,"I mean, look at all this stuff! Didn't you know?",0345,happy,3,"00:27:39,408","00:27:41,899"
ToyII,Jessie,"No, no, no, no, no. I can't go to Japan.",0372,happy,3,"00:29:05,202","00:29:07,784"
ToyII,Jessie,"He still has an owner. Oh, my goodness.",0375,fear,2,"00:29:14,127","00:29:17,085"
ToyII,Jessie,No. Can't go.,0376,others,7,"00:29:17,172","00:29:20,505"
ToyII,Jessie,It's that simple. It's not fair!,0385,angry,0,"00:29:41,238","00:29:43,820"
ToyII,Jessie,"It's not like that, okay? And I'm not going to any museum!",0394,angry,0,"00:30:07,180","00:30:11,048"
ToyII,Jessie,Let him go. I'm sure his precious Andy,0420,angry,0,"00:31:34,601","00:31:37,388"
ToyII,Jessie,"You calling me a liar? Well, if the boot fits...",0459,angry,0,"00:35:45,977","00:35:48,969"
ToyII,Jessie,If the boot fits.,0461,angry,0,"00:35:51,524","00:35:54,516"
ToyII,Jessie,Hi! Hello!,0588,angry,0,"00:47:31,682","00:47:33,718"
ToyII,Jessie,How did you know that?,0606,sad,5,"00:48:55,266","00:48:56,381"
ToyII,Jessie,Because Emily was just the same.,0607,sad,5,"00:48:56,475","00:48:59,433"
ToyII,Jessie,> when she loved me jl,0642,sad,5,"00:51:26,959","00:51:33,956"
ToyII,Jessie,You forgot rootin'-tootin'-est!,0757,happy,3,"01:01:17,340","01:01:19,296"
ToyII,Jessie,"The high-ridin'-est, rootin'-tootin'-est cowboy hero of all time,",0758,happy,3,"01:01:19,384","01:01:23,297"
ToyII,Jessie,"Say, little missy, you notice any trouble around these parts?",0760,happy,3,"01:01:34,524","01:01:38,108"
ToyII,Jessie,Woody saves the day again!,0766,happy,3,"01:01:50,165","01:01:52,497"
ToyII,Jessie,"Watch it. Wait. I'm ticklish, okay?",0771,neutral,4,"01:02:06,765","01:02:08,881"
ToyII,Jessie,Andy will play with all of us. I know it!,0884,others,7,"01:08:05,039","01:08:07,371"
ToyII,Jessie,"You really are stinky Pete, aren't you?",0897,angry,0,"01:08:51,544","01:08:53,580"
ToyII,Jessie,"Jessie, let go of the plane!",1044,others,7,"01:21:08,572","01:21:10,858"
ToyII,Jessie,Yee-haw!,1066,happy,3,"01:22:56,597","01:22:58,804"
ToyII,Jessie,"Oh, bullseye,",1067,happy,3,"01:22:58,891","01:23:00,256"
ToyII,Jessie,I must go.,1074,happy,3,"01:23:16,992","01:23:18,482"
ToyII,Jessie,This fella says he needs to go out back for a little private time.,1077,others,7,"01:23:26,752","01:23:30,336"
ToyII,Sheriff,"Woody, are you all right? Oh. Yeah.",0017,neutral,4,"00:05:17,651","00:05:19,642"
ToyII,Sheriff,"Yeah, I'm fine, buzz. Okay. Here's your list of things to do while I'm gone.",0018,neutral,4,"00:05:19,736","00:05:23,479"
ToyII,Sheriff,Batteries need to be changed.,0019,neutral,4,"00:05:23,573","00:05:24,858"
ToyII,Sheriff,Toys in the bottom of the chest need to be rotated.,0020,neutral,4,"00:05:24,950","00:05:26,928"
ToyII,Sheriff,"Oh, and make sure everyone attends Mr. spell's seminar",0021,neutral,4,"00:05:26,952","00:05:29,318"
ToyII,Sheriff,on what to do if you or a part of you is swallowed.,0022,neutral,4,"00:05:29,412","00:05:31,412"
ToyII,Sheriff,"Woody, you haven't found your hat yet, have you?",0024,others,7,"00:05:33,208","00:05:35,290"
ToyII,Sheriff,"This'll be the first year I miss cowboy camp, all because of my stupid hat!",0040,neutral,4,"00:06:21,965","00:06:25,082"
ToyII,Sheriff,My hat is not under my boot. Would you just look?,0042,neutral,4,"00:06:27,512","00:06:30,549"
ToyII,Sheriff,would take you to camp with or without your hat.,0045,neutral,4,"00:06:36,271","00:06:39,638"
ToyII,Sheriff,"I'm sorry, Bo.",0046,neutral,4,"00:06:40,984","00:06:42,394"
ToyII,Sheriff,It's just that I've been lookin' forward to this all year.,0047,neutral,4,"00:06:42,485","00:06:45,272"
ToyII,Sheriff,Who's gonna miss me?,0078,neutral,4,"00:08:28,383","00:08:29,383"
ToyII,Sheriff,Who's gonna miss me?,0079,neutral,4,"00:08:29,467","00:08:31,549"
ToyII,Sheriff,"Andy, you got all your stuff?",0080,neutral,4,"00:08:31,636","00:08:33,172"
ToyII,Sheriff,"Hey, Woody. What are you doing up here?",0123,neutral,4,"00:12:11,231","00:12:13,563"
ToyII,Sheriff,We're all just one stitch away from here to there.,0132,others,7,"00:12:43,638","00:12:47,677"
ToyII,Sheriff,"Bye, Woody.",0144,fear,2,"00:13:37,108","00:13:38,108"
ToyII,Sheriff,"Wheezy! Think, think, Woody. Think, think, think.",0145,neutral,4,"00:13:44,699","00:13:47,941"
ToyII,Sheriff,"Up here! No, no, no, no, no, no!",0148,others,7,"00:13:53,541","00:13:57,375"
ToyII,Sheriff,"are gonna make me big buck, buck, bucks.",0237,surprise,6,"00:20:08,749","00:20:12,412"
ToyII,Sheriff,You're here! It's you! It's you! It's you!,0261,neutral,4,"00:22:19,588","00:22:22,295"
ToyII,Sheriff,"Why, you don't know who you are, do you? Bullseye?",0266,happy,3,"00:22:38,858","00:22:43,522"
ToyII,Sheriff,That's me.,0267,neutral,4,"00:22:59,295","00:23:00,751"
ToyII,Sheriff,Wow.,0268,neutral,4,"00:23:24,028","00:23:25,438"
ToyII,Sheriff,What? The show was canceled after that.,0338,others,7,"00:27:16,760","00:27:19,877"
ToyII,Sheriff,Wait. What about the gold mine,0339,others,7,"00:27:20,764","00:27:22,925"
ToyII,Sheriff,and the cute little critters and the dynamite?,0340,others,7,"00:27:23,016","00:27:25,382"
ToyII,Sheriff,"Once the astronauts went up, children only wanted to play with space toys.",0343,neutral,4,"00:27:30,858","00:27:35,727"
ToyII,Sheriff,I wish the guys could see this. Hey-howdy-hey. That's me.,0347,neutral,4,"00:27:44,538","00:27:47,621"
ToyII,Sheriff,"Oh, wow. Hey, what's this thing do?",0353,happy,3,"00:28:07,227","00:28:09,718"
ToyII,Sheriff,I get it.,0354,neutral,4,"00:28:11,064","00:28:13,476"
ToyII,Sheriff,That's in Japan! Japan?,0371,neutral,4,"00:29:02,908","00:29:05,115"
ToyII,Sheriff,What do you mean?,0373,neutral,4,"00:29:07,871","00:29:10,203"
ToyII,Sheriff,Jessie. Jessie. I won't go back in the dark!,0378,neutral,4,"00:29:23,428","00:29:25,589"
ToyII,Sheriff,How can you do this to us?,0386,others,7,"00:29:43,907","00:29:45,272"
ToyII,Sheriff,Why were you in a yard sale if you have an owner?,0389,others,7,"00:29:51,498","00:29:53,705"
ToyII,Sheriff,Was it because you're damaged? Hmm? Did this Andy break you?,0391,others,7,"00:29:56,795","00:30:00,458"
ToyII,Sheriff,I mean... Sounds like he really loves you.,0393,angry,0,"00:30:04,511","00:30:07,093"
ToyII,Sheriff,All right. All right. But first thing in the morning.,0412,neutral,4,"00:31:13,830","00:31:16,071"
ToyII,Sheriff,Are you shrink-wrapped? I am missing my arm!,0418,neutral,4,"00:31:27,469","00:31:30,586"
ToyII,Sheriff,And that concludes our broadcast day.,0435,fear,2,"00:32:46,506","00:32:49,418"
ToyII,Sheriff,"Bullseye. Bullseye, go, go, go, go.",0436,neutral,4,"00:33:34,012","00:33:36,970"
ToyII,Sheriff,Come on. You don't wanna help me. I'm the bad guy.,0437,neutral,4,"00:33:37,724","00:33:39,577"
ToyII,Sheriff,"You're gonna go back in storage because of me, remember? Just go.",0438,neutral,4,"00:33:39,601","00:33:43,185"
ToyII,Sheriff,Bullseye... All right. All right.,0439,neutral,4,"00:33:43,271","00:33:46,308"
ToyII,Sheriff,What? You think I did that?,0456,others,7,"00:35:39,095","00:35:40,926"
ToyII,Sheriff,"Oh, right, right. The TV just happened to turn on,",0457,neutral,4,"00:35:41,014","00:35:43,426"
ToyII,Sheriff,Say that again.,0460,neutral,4,"00:35:49,272","00:35:51,103"
ToyII,Sheriff,I'm going through a tunnel! I'm breakin' up!,0585,happy,3,"00:47:20,546","00:47:23,504"
ToyII,Sheriff,"Oh, wow! Will you look at me? It's like I'm fresh out of the box!",0586,happy,3,"00:47:24,467","00:47:27,334"
ToyII,Sheriff,Great. Now you can go.,0589,neutral,4,"00:47:33,809","00:47:35,891"
ToyII,Sheriff,It's the least you can do.,0594,neutral,4,"00:47:58,834","00:48:00,699"
ToyII,Sheriff,Thought I'd get one last look at the sun before I get packed away again.,0597,neutral,4,"00:48:21,607","00:48:26,226"
ToyII,Sheriff,"Look, Jessie. I know you hate me for leaving,",0598,neutral,4,"00:48:27,696","00:48:29,903"
ToyII,Sheriff,but I have to go back.,0599,neutral,4,"00:48:29,990","00:48:32,322"
ToyII,Sheriff,I'm still Andy's toy.,0600,neutral,4,"00:48:32,410","00:48:34,401"
ToyII,Sheriff,You'll be adored by children for generations.,0651,neutral,4,"00:52:44,787","00:52:49,451"
ToyII,Sheriff,First class all the way!,0731,happy,3,"00:59:26,104","00:59:27,594"
ToyII,Sheriff,You know what? I'm actually excited about this.,0732,happy,3,"00:59:28,356","00:59:31,894"
ToyII,Sheriff,sheriff Woody!,0759,neutral,4,"01:01:23,388","01:01:24,719"
ToyII,Sheriff,"I've got ya, critters. No need to worry.",0765,happy,3,"01:01:47,829","01:01:50,070"
ToyII,Sheriff,I have to ride off into the sunset... Oh!,0769,happy,3,"01:01:55,879","01:01:58,416"
ToyII,Sheriff,"Ride like the wind, bullseye!",0770,happy,3,"01:01:58,506","01:02:01,919"
ToyII,Sheriff,"No, no, no. Cut it out. Stop it. Stop it.",0773,fear,2,"01:02:10,644","01:02:12,851"
ToyII,Sheriff,What's going on here?,0788,happy,3,"01:03:03,947","01:03:06,233"
ToyII,Sheriff,"Look, the thing is, I'm a rare sheriff Woody doll,",0825,happy,3,"01:04:39,376","01:04:42,459"
ToyII,Sheriff,What are you talking about? Woody's roundup!,0827,happy,3,"01:04:44,756","01:04:48,248"
ToyII,Sheriff,Was? Stop this nonsense and let's go.,0834,others,7,"01:05:04,442","01:05:07,479"
ToyII,Sheriff,"Nah, buzz.",0835,sad,5,"01:05:07,570","01:05:10,858"
ToyII,Sheriff,I can't go. I can't abandon these guys.,0836,others,7,"01:05:10,949","01:05:14,316"
ToyII,Sheriff,They need me to get into this museum.,0837,others,7,"01:05:14,411","01:05:16,697"
ToyII,Sheriff,You are a toy!,0840,angry,0,"01:05:24,629","01:05:27,086"
ToyII,Sheriff,"For how much longer? One more rip, and Andy's done with me.",0841,angry,0,"01:05:27,173","01:05:30,757"
ToyII,Sheriff,because I believed him.,0846,angry,0,"01:05:43,481","01:05:45,437"
ToyII,Sheriff,Then we'd better make sure we're there waiting for him.,0851,others,7,"01:06:04,752","01:06:07,835"
ToyII,Sheriff,"buzz! Wait! Wait! Woody, where are you going?",0876,neutral,4,"01:07:41,975","01:07:44,933"
ToyII,Sheriff,"You're right, prospector. I can't stop Andy from growing up.",0877,neutral,4,"01:07:45,019","01:07:48,227"
ToyII,Sheriff,Yes? Yes?,0879,happy,3,"01:07:53,444","01:07:54,479"
ToyII,Sheriff,I'm coming with you!,0880,neutral,4,"01:07:54,571","01:07:56,027"
ToyII,Sheriff,"Woody, I don't know. I...",0885,happy,3,"01:08:07,458","01:08:09,323"
ToyII,Sheriff,"Come on, Jessie. This is what it's all about, to make a child happy.",0887,neutral,4,"01:08:13,256","01:08:17,465"
ToyII,Sheriff,"It's too late, Woody. That silly buzz lightweight can't help you.",0904,others,7,"01:09:15,943","01:09:20,061"
ToyII,Sheriff,Whatever. I've always hated those upstart space toys.,0906,others,7,"01:09:22,241","01:09:26,029"
ToyII,Sheriff,Spending eternity rotting in some landfill!,1005,disgust,1,"01:16:45,518","01:16:48,510"
ToyII,Sheriff,"Oh, no. Jessie! Come on! Oh, Woody!",1018,neutral,4,"01:17:31,021","01:17:34,434"
ToyII,Sheriff,Jessie!,1019,neutral,4,"01:17:43,534","01:17:45,616"
ToyII,Sheriff,"Come on, bullseye! Yah!",1023,others,7,"01:18:03,387","01:18:04,843"
ToyII,Sheriff,Here's the rest!,1026,neutral,4,"01:18:53,771","01:18:56,433"
ToyII,Sheriff,"Andy'll love you! Besides,",1031,neutral,4,"01:19:25,970","01:19:28,006"
ToyII,Sheriff,Okay. On three.,1035,neutral,4,"01:19:40,150","01:19:42,015"
ToyII,Sheriff,"Buzz! Buzz, get behind the tires!",1043,others,7,"01:21:00,522","01:21:03,059"
ToyII,Sheriff,Hoo-hoo!,1054,neutral,4,"01:21:45,192","01:21:47,604"
ToyII,Sheriff,Glad I decided not to take him to camp. His whole arm might have come off.,1064,happy,3,"01:22:44,751","01:22:49,040"
ToyII,Sheriff,"Well, I guess crime doesn't pay.",1087,happy,3,"01:24:01,370","01:24:04,658"
ToyII,Sheriff,"Oh, no.",1094,happy,3,"01:24:24,935","01:24:26,926"
ToyII,Sheriff,"Nah. It'll be fun while it lasts. I'm proud of you, cowboy.",1108,happy,3,"01:25:12,232","01:25:16,601"
ToyII,Sheriff,"Besides, when it all ends, I'll have old buzz lightyear to keep me company",1109,happy,3,"01:25:16,695","01:25:21,314"
ToyIII,Sheriff,,0001,neutral,4,,
ToyIII,Sheriff,We ain't ever gettin' played with.,0077,neutral,4,"00:08:04,233","00:08:06,068"
ToyIII,Sheriff,Not again!,0080,neutral,4,"00:08:14,326","00:08:15,493"
ToyIII,Sheriff,"Okay. First off,",0083,neutral,4,"00:08:21,083","00:08:22,667"
ToyIII,Sheriff,More like a misfire.,0085,neutral,4,"00:08:27,047","00:08:28,339"
ToyIII,Sheriff,But we can try again! Right?,0088,others,7,"00:08:34,638","00:08:36,181"
ToyIII,Sheriff,What?,0090,neutral,4,"00:08:40,686","00:08:41,895"
ToyIII,Sheriff,"Hey, hey, hey, now. Come on, guys. We all knew this day was coming.",0097,neutral,4,"00:08:56,577","00:08:59,288"
ToyIII,Sheriff,"I thought we were goin' to the attic. Oh, I hate all this uncertainty!",0114,angry,0,"00:09:38,410","00:09:41,663"
ToyIII,Sheriff,"Whoa, whoa, whoa, whoa. Hold on now. Wait a minute. Quiet!",0115,others,7,"00:09:41,705","00:09:43,767"
ToyIII,Sheriff,"No one's getting thrown out, okay? We're all still here.",0116,neutral,4,"00:09:43,791","00:09:47,669"
ToyIII,Sheriff,Wheezy and etch and... Bo peep?,0118,sad,5,"00:09:51,840","00:09:54,676"
ToyIII,Sheriff,Yeah. Even Bo.,0119,neutral,4,"00:09:56,678","00:09:59,097"
ToyIII,Sheriff,All good toys who've gone on to new owners.,0120,happy,3,"00:09:59,765","00:10:02,434"
ToyIII,Sheriff,"And those guys from the Christmas decorations box. They're fun, right?",0128,neutral,4,"00:10:25,541","00:10:29,711"
ToyIII,Sheriff,"And someday, if we're lucky, Andy may have kids of his own.",0130,neutral,4,"00:10:31,296","00:10:34,966"
ToyIII,Sheriff,"And he'll play with us then, right?",0131,neutral,4,"00:10:35,050","00:10:37,594"
ToyIII,Sheriff,Andy!,0186,fear,2,"00:14:42,089","00:14:44,007"
ToyIII,Sheriff,That's not trash. That's not trash!,0187,others,7,"00:14:45,842","00:14:48,261"
ToyIII,Sheriff,"Okay, boy. To the curb! Hee-yah!",0190,others,7,"00:15:00,107","00:15:02,109"
ToyIII,Sheriff,"Yee-haw! Fellas, I know what to do.",0213,surprise,6,"00:17:11,404","00:17:15,904"
ToyIII,Sheriff,Buzz? Woody!,0219,others,7,"00:17:36,805","00:17:38,097"
ToyIII,Sheriff,"Daycare? What, have you all lost your marbles?",0223,sad,5,"00:17:44,980","00:17:47,357"
ToyIII,Sheriff,That was a mistake. Andy's mom thought you were trash.,0227,neutral,4,"00:17:54,781","00:17:57,408"
ToyIII,Sheriff,And called us junk!,0229,neutral,4,"00:17:59,953","00:18:01,329"
ToyIII,Sheriff,"Okay. Out of the box. Everyone, right now!",0233,neutral,4,"00:18:11,590","00:18:13,842"
ToyIII,Sheriff,"Woody, wait. We need to figure out what's best for everyone.",0235,neutral,4,"00:18:16,928","00:18:20,181"
ToyIII,Sheriff,"Okay, everyone, listen up. We can get back to Andy's, but we gotta move fast.",0241,neutral,4,"00:18:51,838","00:18:55,132"
ToyIII,Sheriff,"All right, calm down! Both of you! Okay, fine. Fine.",0247,neutral,4,"00:19:04,434","00:19:07,228"
ToyIII,Sheriff,"Why? What's it like? Daycare is a sad, lonely place",0249,neutral,4,"00:19:08,980","00:19:12,608"
ToyIII,Sheriff,"Quite the charmer, aren't ya? Oh, you'll see.",0251,neutral,4,"00:19:19,032","00:19:20,676"
ToyIII,Sheriff,"Okay. Calm down, guys. Let's just keep this in perspective.",0258,neutral,4,"00:19:47,268","00:19:49,580"
ToyIII,Sheriff,It's a miracle. And you wanted us to stay at Andy's.,0311,angry,0,"00:22:48,366","00:22:51,786"
ToyIII,Sheriff,I have a kid. You have a kid. Andy!,0392,neutral,4,"00:26:55,696","00:26:59,074"
ToyIII,Sheriff,"And if he wants us at college, or in the attic,",0393,others,7,"00:26:59,700","00:27:03,161"
ToyIII,Sheriff,"well, then, our job is to be there for him.",0394,neutral,4,"00:27:03,204","00:27:04,914"
ToyIII,Sheriff,"Now, I'm going home.",0395,neutral,4,"00:27:05,873","00:27:07,499"
ToyIII,Sheriff,And what's important now is we stay together.,0399,others,7,"00:27:23,641","00:27:25,726"
ToyIII,Sheriff,Maybe Andy doesn't care about us anymore.,0403,others,7,"00:27:34,068","00:27:37,071"
ToyIII,Sheriff,Of course he does. He cares about all of you!,0404,others,7,"00:27:37,405","00:27:39,907"
ToyIII,Sheriff,He was putting you in the attic. I saw.,0405,others,7,"00:27:39,991","00:27:41,701"
ToyIII,Sheriff,"Woody, wake up! It's over! Andy is all grown up!",0407,angry,0,"00:27:43,744","00:27:47,873"
ToyIII,Sheriff,"Okay, fine. Perfect.",0408,angry,0,"00:27:50,793","00:27:52,753"
ToyIII,Sheriff,I can't believe how selfish you all are.,0409,angry,0,"00:27:53,629","00:27:56,381"
ToyIII,Sheriff,So this is it? After all we've been through.,0410,neutral,4,"00:28:02,430","00:28:06,600"
ToyIII,Sheriff,"Bullseye, no. You need to stay.",0411,angry,0,"00:28:23,326","00:28:25,911"
ToyIII,Sheriff,"Bullseye. No, I said, stay!",0412,sad,5,"00:28:28,956","00:28:31,166"
ToyIII,Sheriff,"I don't want you left alone in the attic, okay? Now, stay.",0414,others,7,"00:28:35,087","00:28:39,299"
ToyIII,Sheriff,"Hello, I'm Trixie.",0452,others,7,"00:34:00,955","00:34:02,164"
ToyIII,Sheriff,You're doing great! Are you classically-trained?,0468,others,7,"00:34:56,552","00:34:59,346"
ToyIII,Sheriff,"Psst. Woody, what are you doing?",0561,others,7,"00:40:44,274","00:40:46,693"
ToyIII,Sheriff,You're leaving? But didn't you have fun today?,0563,others,7,"00:40:49,196","00:40:51,781"
ToyIII,Sheriff,"Well, of course I did, more than I've had in years,",0564,neutral,4,"00:40:51,865","00:40:53,676"
ToyIII,Sheriff,"Guys, it says Andy.",0567,neutral,4,"00:40:59,206","00:41:01,124"
ToyIII,Sheriff,"Sycamore. Okay, enter!",0718,others,7,"00:48:35,412","00:48:38,164"
ToyIII,Sheriff,You came from sunnyside? But how'd you escape?,0726,neutral,4,"00:48:59,018","00:49:02,229"
ToyIII,Sheriff,"Well, it wasn't easy.",0727,neutral,4,"00:49:02,313","00:49:04,148"
ToyIII,Sheriff,"but inside, he's a monster.",0733,neutral,4,"00:49:19,873","00:49:21,583"
ToyIII,Sheriff,He took over sunnyside and rigged the whole system.,0763,neutral,4,"00:51:57,030","00:52:00,116"
ToyIII,Sheriff,You all get ready. You got a play-date with destiny!,0786,neutral,4,"00:53:48,558","00:53:52,311"
ToyIII,Sheriff,I made it out once.,0791,neutral,4,"00:55:24,237","00:55:25,529"
ToyIII,Sheriff,"Look, I appreciate your concern, old-timer.",0800,neutral,4,"00:55:45,675","00:55:48,010"
ToyIII,Sheriff,You go over or under.,0812,neutral,4,"00:56:16,038","00:56:17,289"
ToyIII,Sheriff,"Jessie's right, Woody. She was wrong.",0837,others,7,"00:57:48,589","00:57:51,008"
ToyIII,Sheriff,"No, no, it's my fault for leaving you guys.",0838,happy,3,"00:57:51,050","00:57:54,344"
ToyIII,Sheriff,Tomorrow? But that means...,0843,neutral,4,"00:58:03,229","00:58:04,772"
ToyIII,Sheriff,"Where is it, where is it?",0899,neutral,4,"01:02:14,480","01:02:15,647"
ToyIII,Sheriff,Uh... Amigos! We're all amigos.,0962,others,7,"01:07:47,813","01:07:50,190"
ToyIII,Sheriff,What took you so long?,0969,neutral,4,"01:08:23,640","01:08:25,099"
ToyIII,Sheriff,Come on. We're almost there.,0988,neutral,4,"01:10:55,667","01:10:57,335"
ToyIII,Sheriff,"Buzz, come here. Give me a lift.",0989,happy,3,"01:11:06,261","01:11:08,596"
ToyIII,Sheriff,Woody? You okay? Yeah.,0992,neutral,4,"01:11:36,208","01:11:38,126"
ToyIII,Sheriff,"I think he said, all at once.",0995,others,7,"01:11:42,047","01:11:43,149"
ToyIII,Sheriff,"Almost there, guys.",0999,neutral,4,"01:11:52,557","01:11:53,558"
ToyIII,Sheriff,She lost you. She replaced us!,1040,angry,0,"01:14:17,452","01:14:19,829"
ToyIII,Sheriff,And if you couldn't have her then no one could.,1042,angry,0,"01:14:21,790","01:14:23,630"
ToyIII,Sheriff,"Yes, I'm back. Where have I been?",1076,happy,3,"01:17:24,722","01:17:27,307"
ToyIII,Sheriff,Woody! What do we do?,1086,others,7,"01:18:36,461","01:18:37,879"
ToyIII,Sheriff,We're all in this together.,1102,others,7,"01:19:46,823","01:19:48,032"
ToyIII,Sheriff,We're gonna be okay!,1108,others,7,"01:20:03,464","01:20:05,215"
ToyIII,Sheriff,Hey!,1109,others,7,"01:20:06,092","01:20:07,176"
ToyIII,Sheriff,Yeah. I'd like to loosen his stitchin'.,1129,disgust,1,"01:23:49,982","01:23:52,025"
ToyIII,Sheriff,"What about you guys? I mean,",1138,neutral,4,"01:24:29,939","01:24:31,148"
ToyIII,Babies,Bad baby! Bad baby!,0684,neutral,4,"00:46:47,387","00:46:48,805"
ToyIII,Babies,Barbie! I told you to wait in the dream house.,0686,others,7,"00:46:50,765","00:46:53,851"
ToyIII,Babies,"I wanna be with you, Ken, I do. In your dream house.",0881,sad,5,"00:59:56,342","00:59:59,511"
ToyIII,Babies,"Campus hero with matching sports pennant, huh?",0893,happy,3,"01:01:23,470","01:01:26,097"
ToyIII,Babies,"No one appreciates clothes here, Barbie. No one.",0895,happy,3,"01:01:30,769","01:01:34,189"
ToyIII,Babies,"Ken, would you model a few outfits for me?",0896,neutral,4,"01:01:34,940","01:01:39,235"
ToyIII,Babies,"Uh, Barbie?",0913,angry,0,"01:03:47,197","01:03:48,656"
ToyIII,Babies,"No more games, Ken! What did lotso do to buzz?",0914,angry,0,"01:03:50,868","01:03:53,579"
ToyIII,Babies,They're a dime a dozen.,0921,neutral,4,"01:04:59,603","01:05:00,645"
ToyIII,Babies,Who cares? Who cares? Sequins are tacky. Who cares?,0923,happy,3,"01:05:04,108","01:05:07,402"
ToyIII,Babies,Barbie! Not the nehru.,0925,neutral,4,"01:05:09,822","01:05:11,281"
ToyIII,Babies,Lotso switched buzz to demo mode!,0930,angry,0,"01:05:22,584","01:05:25,044"
ToyIII,Babies,And I'd rather rot in this dumpster than join any family of yours!,1020,angry,0,"01:13:11,344","01:13:15,306"
ToyIII,Babies,"Jessie's right! Authority should derive from the consent of the governed,",1021,angry,0,"01:13:15,390","01:13:19,143"
ToyIII,Babies,Fine. Then why don't you join her!,1027,happy,3,"01:13:36,786","01:13:39,330"
ToyIII,Buzz,"I mean, why would I mind squeezing next to you?",0055,others,7,"00:06:35,102","00:06:38,021"
ToyIII,Buzz,"Look, every toy goes through this. No one wants to see...",0099,neutral,4,"00:09:01,540","00:09:03,875"
ToyIII,Buzz,We'll always be there for him.,0132,happy,3,"00:10:37,678","00:10:39,388"
ToyIII,Buzz,"Come on, guys. Let's get our parts together, get ready,",0133,happy,3,"00:10:39,596","00:10:42,724"
ToyIII,Buzz,Don't worry. Andy's gonna take care of us. I guarantee it!,0139,neutral,4,"00:10:55,904","00:10:59,532"
ToyIII,Buzz,"Sarge was right. Yeah, and Woody was wrong.",0208,others,7,"00:17:00,602","00:17:03,062"
ToyIII,Buzz,Now we need to go!,0217,neutral,4,"00:17:31,174","00:17:32,800"
ToyIII,Buzz,What's going on? Don't you know this box is being donated?,0220,neutral,4,"00:17:38,139","00:17:41,267"
ToyIII,Buzz,Buzz?,0397,neutral,4,"00:27:15,716","00:27:16,800"
ToyIII,Buzz,"oh, it's gonna be okay, bullseye.",0429,neutral,4,"00:31:51,826","00:31:53,744"
ToyIII,Buzz,"Honey, the mustache?",0492,neutral,4,"00:36:14,296","00:36:15,422"
ToyIII,Buzz,"Yeah, you said it. We'ii get this straightened out.",0501,neutral,4,"00:36:31,605","00:36:33,416"
ToyIII,Buzz,We're trapped! Wait.,0508,others,7,"00:36:50,749","00:36:52,792"
ToyIII,Buzz,I'ii fire up the computer.,0572,angry,0,"00:41:11,593","00:41:13,261"
ToyIII,Buzz,The children in the caterpillar room are not age-appropriate,0581,neutral,4,"00:41:47,796","00:41:50,066"
ToyIII,Buzz,for me and my friends.,0582,neutral,4,"00:41:50,090","00:41:51,382"
ToyIII,Buzz,to take on the hardships the rest of us can't bear anymore.,0598,neutral,4,"00:42:33,842","00:42:37,554"
ToyIII,Buzz,"Well, I guess that makes sense.",0599,neutral,4,"00:42:38,555","00:42:41,057"
ToyIII,Buzz,"Buzz, what are you doing? Silence, minions of zurg!",0665,angry,0,"00:46:00,382","00:46:02,634"
ToyIII,Buzz,"Good work, lightyear. Now, lock 'em up!",0669,neutral,4,"00:46:07,514","00:46:10,266"
ToyIII,Buzz,Buzz! We're your friends!,0674,angry,0,"00:46:24,948","00:46:26,658"
ToyIII,Buzz,"Spare me your lies, temptress.",0675,angry,0,"00:46:26,700","00:46:28,702"
ToyIII,Buzz,"Your emperor's defeated,",0676,angry,0,"00:46:28,743","00:46:30,202"
ToyIII,Buzz,Lightyear! Explain our overnight accommodations.,0692,neutral,4,"00:47:08,700","00:47:11,577"
ToyIII,Buzz,"Sir, yes, sir! Prisoners sleep in their cells.",0693,neutral,4,"00:47:11,995","00:47:14,872"
ToyIII,Buzz,"Any prisoner misses roll call, spends the night in the box.",0696,neutral,4,"00:47:21,296","00:47:25,091"
ToyIII,Buzz,Prisoners do not speak unless spoken to.,0697,neutral,4,"00:47:25,425","00:47:28,219"
ToyIII,Buzz,"But remember, they'll say anything to make you doubt yourself.",0701,neutral,4,"00:47:36,394","00:47:39,897"
ToyIII,Buzz,"Don't worry, commander.",0702,neutral,4,"00:47:39,939","00:47:41,273"
ToyIII,Buzz,"Good work, lightyear. All right, resume your, uh, space-guy-thingy.",0875,neutral,4,"00:59:36,322","00:59:40,284"
ToyIII,Buzz,Yoo-hoo!,0909,fear,2,"01:02:47,346","01:02:48,347"
ToyIII,Buzz,"Well, that's just great.",0941,angry,0,"01:06:27,733","01:06:29,735"
ToyIII,Buzz,"All right. Go. Go, go!",1151,neutral,4,"01:25:19,614","01:25:21,532"
ToyIII,Buzz,I'll get something on the way.,1164,neutral,4,"01:26:19,799","01:26:21,217"
ToyIII,Jessie,But we've always said this job isn't about getting played with. It's about...,0086,neutral,4,"00:08:28,424","00:08:32,386"
ToyIII,Jessie,I can't breathe!,0184,others,7,"00:14:27,282","00:14:28,616"
ToyIII,Jessie,"Oh, we should've done this years ago. Jessie, wait. What about Woody?",0215,others,7,"00:17:24,459","00:17:28,045"
ToyIII,Jessie,"He's fine, buzz. Andy's taking him to college.",0216,neutral,4,"00:17:28,129","00:17:31,132"
ToyIII,Jessie,"Sure thing, college boy!",0231,others,7,"00:18:04,666","00:18:06,459"
ToyIII,Jessie,He was putting you in the attic!,0245,angry,0,"00:19:00,180","00:19:02,265"
ToyIII,Jessie,All day long. Five days a week.,0303,neutral,4,"00:22:26,135","00:22:28,470"
ToyIII,Jessie,A chance to make kids happy again.,0387,happy,3,"00:26:44,727","00:26:47,312"
ToyIII,Jessie,You can't just turn your back on him now!,0406,angry,0,"00:27:41,742","00:27:43,660"
ToyIII,Jessie,Impenng,0428,neutral,4,"00:31:50,199","00:31:51,783"
ToyIII,Jessie,Blast. Try that one.,0503,surprise,6,"00:36:40,114","00:36:41,532"
ToyIII,Jessie,"Give it back, you furry air freshener!",0653,angry,0,"00:45:31,978","00:45:34,021"
ToyIII,Jessie,You're not goin' anywhere.,0656,angry,0,"00:45:37,317","00:45:38,985"
ToyIII,Jessie,Where do you think you're going?,0673,sad,5,"00:46:21,319","00:46:23,612"
ToyIII,Jessie,Impenng,0774,sad,5,"00:52:48,748","00:52:50,040"
ToyIII,Jessie,"oh, bullseye. I miss Woody, too.",0775,sad,5,"00:52:50,083","00:52:53,127"
ToyIII,Jessie,Return of the astro-nut.,0835,others,7,"00:57:41,832","00:57:43,416"
ToyIII,Jessie,But Andy's leavin' for college.,0840,others,7,"00:57:56,722","00:57:58,515"
ToyIII,Jessie,Help! Prison riot!,0910,neutral,4,"01:02:51,475","01:02:52,851"
ToyIII,Jessie,Things got complicated. Where's potato head?,0970,neutral,4,"01:08:25,183","01:08:27,435"
ToyIII,Jessie,Buzz.,0972,others,7,"01:08:31,356","01:08:32,440"
ToyIII,Jessie,"Why don't you come on back, join our family again?",1018,angry,0,"01:13:03,420","01:13:07,298"
ToyIII,Jessie,"Buzz, you okay?",1072,fear,2,"01:17:04,244","01:17:05,828"
ToyIII,Jessie,"'Course I will. Besides, I know about",1161,neutral,4,"01:26:12,124","01:26:15,252"
ToyIII,Ken,"Far out! Down in a jiff, lotso.",0317,neutral,4,"00:23:06,050","00:23:08,469"
ToyIII,Ken,Uh-uh.,0323,neutral,4,"00:23:34,162","00:23:35,288"
ToyIII,Ken,"Ken, let's get a move on.",0372,others,7,"00:25:53,468","00:25:55,219"
ToyIII,Ken,"Barbie, come with me. Live in my dream house.",0373,others,7,"00:25:55,803","00:25:57,721"
ToyIII,Ken,Two Greens here. Changing two double a's.,0542,neutral,4,"00:39:23,026","00:39:24,587"
ToyIII,Ken,What do you expect from a girl's toy?,0552,angry,0,"00:39:47,593","00:39:49,636"
ToyIII,Ken,"Zip it, buck Rogers.",0574,angry,0,"00:41:21,937","00:41:23,563"
ToyIII,Ken,Ken? What's goin' on here? Why is this toy tied up?,0576,others,7,"00:41:27,943","00:41:32,155"
ToyIII,Ken,"Good work, lightyear. All right, resume your, uh, space-guy-thingy.",0875,neutral,4,"00:59:36,322","00:59:40,284"
ToyIII,Ken,"Darn it, Barbie!",0883,neutral,4,"01:00:04,391","01:00:05,392"
ToyIII,Ken,"Flower power! Oh, Ken!",0894,others,7,"01:01:26,140","01:01:29,351"
ToyIII,Ken,Ready? Ready.,0912,neutral,4,"01:03:38,105","01:03:39,606"
ToyIII,Ken,And how do we switch him back?,0915,angry,0,"01:03:53,620","01:03:54,871"
ToyIII,Ken,You can't make me talk. You can't!,0916,fear,2,"01:03:54,955","01:03:56,873"
ToyIII,Ken,Oh! Barbie! Those were vintage!,0919,fear,2,"01:04:55,182","01:04:57,601"
ToyIII,Ken,"Ooh, glitter tux.",0922,others,7,"01:05:00,729","01:05:02,480"
ToyIII,Ken,Oh! A nehru jacket.,0924,fear,2,"01:05:07,486","01:05:09,654"
ToyIII,Ken,"This is from what, 1967?",0926,fear,2,"01:05:11,323","01:05:14,075"
ToyIII,Ken,"What a shame. Oh, no, no, no! No!",0928,fear,2,"01:05:16,036","01:05:19,497"
ToyIII,Ken,"She's a Barbie doll, Ken. There's a hundred million just like her.",1025,neutral,4,"01:13:28,820","01:13:32,990"
ToyIII,Ken,"Oh, Ken!",1028,others,7,"01:13:41,958","01:13:43,751"
ToyIII,Ken,"Everyone, listen!",1029,others,7,"01:13:43,835","01:13:45,002"
Up,Russell,I like you!,0098,happy,3,"00:07:08,762","00:07:10,047"
Up,Russell,"Schneider lens, photo printer, sd card.",0124,neutral,4,"00:15:17,875","00:15:20,366"
Up,Russell,"And I am a wilderness explorer in tribe 54, sweat lodge 12.",0126,happy,3,"00:15:28,636","00:15:33,676"
Up,Russell,I could help you cross your porch. =no.,0131,neutral,4,"00:15:45,361","00:15:48,979"
Up,Russell,No. I'm doing fine.,0133,neutral,4,"00:15:51,534","00:15:53,525"
Up,Russell,Good afternoon... But skip to the end!,0141,neutral,4,"00:16:22,440","00:16:25,102"
Up,Russell,See these? These are my wilderness explorer badges.,0142,neutral,4,"00:16:26,444","00:16:30,028"
Up,Russell,You may notice one is missing. It's my assisting the elderly badge.,0143,happy,3,"00:16:30,531","00:16:35,241"
Up,Russell,"If I get it, I will become a senior wilderness explorer.",0144,neutral,4,"00:16:35,620","00:16:40,034"
Up,Russell,The wilderness must be explored!,0145,neutral,4,"00:16:40,458","00:16:42,744"
Up,Russell,"So, you want to assist an old person?",0149,happy,3,"00:16:52,470","00:16:54,426"
Up,Russell,You'd have to clap your hands three times to lure it in.,0156,neutral,4,"00:17:18,079","00:17:20,786"
Up,Russell,Huh?,0189,neutral,4,"00:24:13,786","00:24:14,821"
Up,Russell,"What are you doing out here, kid?",0191,neutral,4,"00:24:40,145","00:24:42,136"
Up,Russell,"I found the snipe and I followed it under your porch,",0192,neutral,4,"00:24:42,231","00:24:45,974"
Up,Russell,but this snipe had a long tail and looked more like a large mouse.,0193,others,7,"00:24:46,068","00:24:50,903"
Up,Russell,Huh.,0197,neutral,4,"00:25:15,014","00:25:16,049"
Up,Russell,Goggles. Look at this stuff. Wow! You're going on a trip?,0199,neutral,4,"00:25:22,771","00:25:26,889"
Up,Russell,"Paradise falls, a land lost in time.",0200,happy,3,"00:25:27,234","00:25:30,692"
Up,Russell,Don't touch that! You'll soil it.,0202,neutral,4,"00:25:32,614","00:25:34,445"
Up,Russell,but you're smart because you will have all your TV and clocks and stuff.,0204,happy,3,"00:25:36,702","00:25:40,035"
Up,Russell,Whoa. Is this how you steer your house?,0205,neutral,4,"00:25:40,122","00:25:43,080"
Up,Russell,"Hey, look! Buildings.",0210,happy,3,"00:25:51,467","00:25:53,423"
Up,Russell,"Well, that's not gonna work.",0217,neutral,4,"00:26:16,450","00:26:17,986"
Up,Russell,I know that cloud. It's a cumulonimbus.,0218,neutral,4,"00:26:18,160","00:26:21,323"
Up,Russell,Did you know that,0219,neutral,4,"00:26:21,413","00:26:22,493"
Up,Russell,Got ya!,0230,neutral,4,"00:27:38,574","00:27:39,905"
Up,Russell,What happened?,0232,happy,3,"00:28:21,909","00:28:23,069"
Up,Russell,Steered us?,0234,neutral,4,"00:28:26,622","00:28:27,737"
Up,Russell,"After you tied your stuff down, you took a nap.",0235,neutral,4,"00:28:27,789","00:28:30,576"
Up,Russell,"Oh, we're in south America, all right.",0239,neutral,4,"00:28:49,603","00:28:51,594"
Up,Russell,Gp... what? My dad gave it to me.,0241,neutral,4,"00:28:55,609","00:28:58,100"
Up,Russell,It shows exactly where we are on the planet.,0242,neutral,4,"00:28:58,153","00:29:00,485"
Up,Russell,you just tell the man you wanna go back to your mother.,0246,neutral,4,"00:29:15,003","00:29:18,086"
Up,Russell,to get back to my house.,0252,neutral,4,"00:29:35,691","00:29:37,352"
Up,Russell,That thing was... building or something.,0255,fear,2,"00:29:52,666","00:29:55,157"
Up,Russell,Great.,0278,neutral,4,"00:32:55,724","00:32:56,839"
Up,Russell,"Walk it? Yeah! After all, we weigh it down.",0281,neutral,4,"00:33:10,906","00:33:14,524"
Up,Russell,Sand. We're not getting to the falls.,0287,happy,3,"00:33:35,764","00:33:38,096"
Up,Russell,"Come on, Russell. Would you hurry it up?",0300,others,7,"00:35:21,703","00:35:23,534"
Up,Russell,Which knee?,0302,others,7,"00:35:28,126","00:35:29,491"
Up,Russell,I asked you about that five minutes ago.,0304,others,7,"00:35:34,674","00:35:37,381"
Up,Russell,"Oh, for the love of Pete! Go on into the bushes and do your business.",0309,happy,3,"00:35:56,404","00:36:00,147"
Up,Russell,Okay! Here! Hold my stuff.,0310,happy,3,"00:36:00,241","00:36:02,402"
Up,Russell,Bah! La la la la lal,0316,neutral,4,"00:36:21,680","00:36:23,261"
Up,Russell,Tracks?,0318,neutral,4,"00:36:29,354","00:36:31,015"
Up,Russell,Huh?,0322,happy,3,"00:36:42,784","00:36:43,864"
Up,Russell,"Ha! Gotcha! Don't be afraid, little snipe.",0323,neutral,4,"00:37:00,552","00:37:04,215"
Up,Russell,"I am a wilderness explorer, so I'm a friend to all of nature.",0324,neutral,4,"00:37:04,305","00:37:08,969"
Up,Russell,Want some more?,0325,neutral,4,"00:37:09,561","00:37:11,267"
Up,Russell,"Hi, boy. Don't eat it all. Come on out.",0326,neutral,4,"00:37:13,732","00:37:17,941"
Up,Russell,"Can you believe this, Ellie?",0358,neutral,4,"00:39:33,246","00:39:35,282"
Up,Russell,Ellie?,0359,happy,3,"00:39:35,415","00:39:36,450"
Up,Russell,Uh-huh. Uh-huh.,0361,neutral,4,"00:39:41,296","00:39:43,127"
Up,Russell,Hey.,0375,neutral,4,"00:40:43,942","00:40:45,022"
Up,Russell,You were talking to a rock.,0376,neutral,4,"00:40:45,109","00:40:47,521"
Up,Russell,"Hey, that one looks like a turtle.",0377,happy,3,"00:40:49,030","00:40:50,691"
Up,Russell,It is a dog! What?,0379,neutral,4,"00:40:55,203","00:40:57,194"
Up,Russell,We're not allowed to have dogs in my apartment.,0380,happy,3,"00:40:58,122","00:41:01,205"
Up,Russell,Whoa! Wonder who he belongs to.,0383,neutral,4,"00:41:07,048","00:41:09,039"
Up,Russell,"Can we keep him? Please, please, please!",0410,others,7,"00:42:21,622","00:42:24,204"
Up,Russell,"Well, thanks for keeping us dry anyway, Ellie.",0482,neutral,4,"00:46:37,336","00:46:40,578"
Up,Russell,There.,0486,neutral,4,"00:46:51,517","00:46:52,757"
Up,Russell,All done! That's for you.,0487,others,7,"00:46:56,731","00:46:59,063"
Up,Russell,Oh...,0488,others,7,"00:47:05,406","00:47:06,486"
Up,Russell,"Wait. Aren't you super wilderness guy, with the gpms and the badges?",0490,neutral,4,"00:47:08,909","00:47:13,869"
Up,Russell,No. All right. Here it goes.,0492,others,7,"00:47:19,253","00:47:22,086"
Up,Russell,"You've been camping before, haven't you?",0494,sad,5,"00:47:26,719","00:47:28,835"
Up,Russell,"Well, why didn't you ask your dad how to build a tent?",0496,sad,5,"00:47:31,891","00:47:35,304"
Up,Russell,"well, why don't you try him sometime. Maybe he'll surprise you.",0498,others,7,"00:47:38,689","00:47:41,305"
Up,Russell,He's gotta be home sometime.,0500,others,7,"00:47:43,819","00:47:45,434"
Up,Russell,Phyllis? You call your own mother by her first name?,0502,neutral,4,"00:47:49,867","00:47:53,280"
Up,Russell,Oh.,0504,neutral,4,"00:47:57,792","00:47:58,827"
Up,Russell,But he promised he'd come to my explorer ceremony,0505,neutral,4,"00:48:06,008","00:48:10,092"
Up,Russell,to pin on my assisting the elderly badge.,0506,neutral,4,"00:48:10,179","00:48:12,966"
Up,Russell,Mr. fredricksen?,0510,neutral,4,"00:48:32,326","00:48:33,816"
Up,Russell,Dug says he wants to take Kevin prisoner.,0511,neutral,4,"00:48:33,911","00:48:36,778"
Up,Russell,We have to protect him.,0512,neutral,4,"00:48:37,665","00:48:39,621"
Up,Russell,"Maybe Russell won't notice. All right, everybody up!",0522,others,7,"00:49:43,814","00:49:47,398"
Up,Russell,"Find the bird, find the bird! Hi, hi. Point!",0524,happy,3,"00:49:52,781","00:49:56,615"
Up,Russell,The bird is calling to her babies.,0530,happy,3,"00:50:14,303","00:50:16,715"
Up,Russell,Her babies.,0531,neutral,4,"00:50:17,848","00:50:19,304"
Up,Russell,She has been gathering food for her babies and must get back to them.,0534,neutral,4,"00:50:28,442","00:50:32,026"
Up,Russell,Yeah.,0539,sad,5,"00:50:48,003","00:50:49,118"
Up,Russell,This was her favorite chocolate.,0540,sad,5,"00:50:56,804","00:50:59,511"
Up,Russell,Huh?,0542,sad,5,"00:51:05,854","00:51:06,889"
Up,Russell,it's really him! That's Charles muntz!,0571,happy,3,"00:54:03,073","00:54:06,611"
Up,Russell,"Thank you, master.",0617,neutral,4,"00:56:26,383","00:56:27,819"
Up,Russell,"Oh, epsilon, you've done it again!",0625,happy,3,"00:56:57,289","00:57:00,281"
Up,Russell,Yes!,0626,others,7,"00:57:00,375","00:57:01,410"
Up,Russell,We have so much more to talk about.,0672,others,7,"01:00:12,609","01:00:14,941"
Up,Russell,"Oh, no, no, no. Kevin. Stay down.",0692,sad,5,"01:03:37,647","01:03:41,560"
Up,Russell,"Careful, Russell.",0708,neutral,4,"01:04:48,802","01:04:50,542"
Up,Russell,"You okay, Kevin?",0709,neutral,4,"01:04:50,637","01:04:52,218"
Up,Russell,"You know what, Mr. fredricksen?",0710,neutral,4,"01:04:57,310","01:04:59,551"
Up,Russell,Yeah? How so?,0712,neutral,4,"01:05:02,649","01:05:04,230"
Up,Russell,It's kind of wild.,0713,neutral,4,"01:05:04,567","01:05:06,808"
Up,Russell,"Get used to that, kid.",0715,neutral,4,"01:05:10,657","01:05:12,568"
Up,Russell,My dad made it sound so easy.,0716,neutral,4,"01:05:12,659","01:05:15,071"
Up,Russell,He's really good at camping,0717,neutral,4,"01:05:15,161","01:05:17,243"
Up,Russell,and how to make fire from rocks and stuff,0718,neutral,4,"01:05:17,330","01:05:20,413"
Up,Russell,he used to come to all my sweat lodge meetings.,0719,neutral,4,"01:05:20,500","01:05:23,207"
Up,Russell,"And afterwards, we'd go get ice cream at fentons.",0720,neutral,4,"01:05:23,878","01:05:27,166"
Up,Russell,I always get chocolate and he gets butter brickle.,0721,neutral,4,"01:05:27,674","01:05:30,416"
Up,Russell,"and I'll count all the blue cars and he counts all the red ones,",0723,neutral,4,"01:05:33,555","01:05:37,389"
Up,Russell,and whoever gets the most wins.,0724,neutral,4,"01:05:37,517","01:05:41,055"
Up,Russell,I like that curb.,0725,neutral,4,"01:05:43,773","01:05:45,559"
Up,Russell,"That might sound boring,",0726,neutral,4,"01:05:48,778","01:05:50,564"
Up,Russell,Let her go! Stop!,0739,fear,2,"01:07:35,969","01:07:38,881"
Up,Russell,You gave away Kevin.,0741,sad,5,"01:07:58,366","01:08:00,152"
Up,Russell,Russell!,0752,neutral,4,"01:13:44,837","01:13:45,872"
Up,Russell,"Good boy, dug! You're a good boy!",0762,happy,3,"01:15:21,934","01:15:24,676"
Up,Russell,Yes!,0763,neutral,4,"01:15:50,504","01:15:51,619"
Up,Russell,Where's your elderly friend? Y,0769,neutral,4,"01:16:18,324","01:16:20,280"
Up,Russell,I'm getting Kevin. You stay here.,0786,others,7,"01:17:43,909","01:17:46,070"
Up,Russell,L... want... to... help!,0810,fear,2,"01:19:12,122","01:19:14,864"
Up,Russell,Ohl,0833,fear,2,"01:22:31,196","01:22:32,231"
Up,Russell,"Caw, caw! Raar! Caw, caw! Raar!",0836,angry,0,"01:22:39,329","01:22:42,742"
Up,Russell,You leave Mr. fredricksen alone!,0837,happy,3,"01:22:43,667","01:22:46,158"
Up,Russell,Russell! Over here! Let's go!,0843,others,7,"01:23:38,305","01:23:41,638"
Up,Russell,"Oh, I am ready to not be up high.",0853,others,7,"01:25:24,411","01:25:26,902"
Up,Russell,"You know, it's just a house.",0855,happy,3,"01:25:55,567","01:25:58,354"
Up,Russell,"Bye, Kevin!",0861,happy,3,"01:26:33,522","01:26:35,058"
Up,Russell,The Ellie badge.,0876,happy,3,"01:27:51,558","01:27:53,298"
Up,Carl,Wow.,0099,neutral,4,"00:07:12,682","00:07:13,888"
Up,Carl,"Uh, I take that as a no, then?",0112,neutral,4,"00:14:37,794","00:14:39,605"
Up,Carl,You poured prune juice in his gas tank.,0114,neutral,4,"00:14:43,174","00:14:45,631"
Up,Carl,"Well, I gotta help you cross something.",0132,neutral,4,"00:15:49,365","00:15:51,401"
Up,Carl,Ow.,0139,neutral,4,"00:16:15,016","00:16:16,051"
Up,Carl,"and all the dads come, and they pin on our badges.",0148,neutral,4,"00:16:48,925","00:16:52,417"
Up,Carl,You ever heard of a snipe? Snipe?,0151,neutral,4,"00:16:59,435","00:17:02,268"
Up,Carl,Bird. Beady eyes.,0152,neutral,4,"00:17:02,605","00:17:04,391"
Up,Carl,"I'll find him, Mr. fredricksen!",0157,neutral,4,"00:17:20,915","00:17:22,655"
Up,Carl,"Here, snipey, snipey.",0160,neutral,4,"00:17:29,257","00:17:31,248"
Up,Carl,"No, no, no. Let me take care of that for you.",0168,others,7,"00:17:49,443","00:17:51,004"
Up,Carl,"The guys from shady oaks will be by to pick you up in the morning, okay?",0175,sad,5,"00:18:49,754","00:18:53,372"
Up,Carl,"Good morning, Mr. fredricksen. You ready to go?",0178,neutral,4,"00:20:41,198","00:20:44,156"
Up,Carl,Ready as I'll ever be.,0179,neutral,4,"00:20:45,703","00:20:47,364"
Up,Carl,Would you do me a favor and take this?,0180,neutral,4,"00:20:47,496","00:20:49,828"
Up,Carl,I'll meet you at the Van in just a minute.,0181,neutral,4,"00:20:49,874","00:20:52,206"
Up,Carl,Heh!,0187,happy,3,"00:22:44,446","00:22:45,446"
Up,Carl,"We're on our way, Ellie.",0188,neutral,4,"00:23:24,820","00:23:26,902"
Up,Carl,"Hi, Mr. fredricksen. It's me, Russell.",0190,angry,0,"00:24:36,642","00:24:40,055"
Up,Carl,Please let me in.,0194,fear,2,"00:24:56,704","00:24:58,410"
Up,Carl,"You're going to south America, Mr. fredricksen?",0201,angry,0,"00:25:30,779","00:25:32,590"
Up,Carl,Hey! I can see your house from here.,0215,neutral,4,"00:26:08,901","00:26:11,438"
Up,Carl,"Don't jerk around so much, kid. Whoa!",0216,neutral,4,"00:26:12,112","00:26:14,319"
Up,Carl,And that's how we get lightning.,0223,neutral,4,"00:26:29,338","00:26:30,482"
Up,Carl,I thought you were dead.,0231,neutral,4,"00:28:17,279","00:28:18,894"
Up,Carl,I steered us. I did. I steered the house.,0233,neutral,4,"00:28:23,118","00:28:26,576"
Up,Carl,Yeah. Sure.,0237,neutral,4,"00:28:33,212","00:28:34,497"
Up,Carl,"Sure, but I don't think they have buses in paradise falls.",0247,neutral,4,"00:29:18,173","00:29:21,836"
Up,Carl,"Mr. fredricksen, how much longer?",0253,neutral,4,"00:29:43,865","00:29:46,823"
Up,Carl,"Well, we're up pretty high. Could take hours to get down.",0254,neutral,4,"00:29:46,868","00:29:50,702"
Up,Carl,We can't be close to the ground yet.,0257,others,7,"00:29:58,714","00:30:01,046"
Up,Carl,"Wait! Wait, no, don't! Don't, don't!",0258,others,7,"00:30:10,183","00:30:12,890"
Up,Carl,"Wait, wait. Wait!",0259,others,7,"00:30:13,729","00:30:15,685"
Up,Carl,"Don't worry, Ellie. I got it.",0265,happy,3,"00:31:00,233","00:31:02,599"
Up,Carl,There it is.,0266,happy,3,"00:31:27,886","00:31:29,422"
Up,Carl,"Ellie, it's so beautiful.",0267,happy,3,"00:31:57,457","00:31:59,994"
Up,Carl,We made it.,0268,happy,3,"00:32:02,295","00:32:03,956"
Up,Carl,Sorry.,0272,neutral,4,"00:32:18,478","00:32:20,343"
Up,Carl,"Now, when you get up there, go ahead and hoist me up!",0273,neutral,4,"00:32:27,654","00:32:31,818"
Up,Carl,Got it?,0274,neutral,4,"00:32:32,826","00:32:34,157"
Up,Carl,You on the porch yet?,0275,neutral,4,"00:32:38,165","00:32:39,951"
Up,Carl,I came all this way just to get stuck at the wrong end of this rock pile?,0277,neutral,4,"00:32:48,842","00:32:54,053"
Up,Carl,with no rap music or flashdancing. Uh-huh.,0284,neutral,4,"00:33:25,587","00:33:28,203"
Up,Carl,"We have three days, at best, before the helium leaks out of those balloons.",0285,neutral,4,"00:33:28,507","00:33:33,092"
Up,Carl,And if we're not at the falls when that happens...,0286,neutral,4,"00:33:33,220","00:33:35,677"
Up,Carl,I found sand!,0288,neutral,4,"00:33:38,183","00:33:40,048"
Up,Carl,Cool! My mom loves that game!,0298,neutral,4,"00:34:13,134","00:34:15,967"
Up,Carl,Darn thing!,0299,neutral,4,"00:35:18,366","00:35:19,822"
Up,Carl,I'm tired. And my knee hurts.,0301,neutral,4,"00:35:23,622","00:35:27,865"
Up,Carl,"My elbow hurts, and I have to go to the bathroom.",0303,neutral,4,"00:35:30,128","00:35:34,542"
Up,Carl,I don't wanna walk anymore. Can we stop?,0306,neutral,4,"00:35:41,389","00:35:47,134"
Up,Carl,There are no tigers in south America. Zoology.,0308,others,7,"00:35:50,398","00:35:54,858"
Up,Carl,am I supposed to dig the hole before or after?,0313,neutral,4,"00:36:12,337","00:36:15,374"
Up,Carl,Gah! What is that thing? It's a snipe!,0334,neutral,4,"00:37:52,687","00:37:55,349"
Up,Carl,Whoa!,0339,others,7,"00:38:11,873","00:38:13,283"
Up,Carl,Beat itl vamoose! Scram! Hey! That's mine!,0346,neutral,4,"00:38:43,988","00:38:47,731"
Up,Carl,Shoo! Shoo! Get out of here!,0347,disgust,1,"00:38:52,747","00:38:54,237"
Up,Carl,But I told him no. I told you no!,0363,disgust,1,"00:39:45,633","00:39:47,464"
Up,Carl,N-0.,0364,neutral,4,"00:39:47,802","00:39:48,962"
Up,Carl,I see you back there.,0365,disgust,1,"00:40:01,482","00:40:03,143"
Up,Carl,"Hey, are you okay over there?",0367,neutral,4,"00:40:09,073","00:40:10,654"
Up,Carl,Oh!,0369,happy,3,"00:40:21,252","00:40:22,287"
Up,Carl,"Hello, sir! Thank goodness.",0370,happy,3,"00:40:22,503","00:40:25,119"
Up,Carl,I can smell you.,0372,others,7,"00:40:27,675","00:40:29,461"
Up,Carl,"Hey, I like dogs.",0381,neutral,4,"00:41:02,835","00:41:04,871"
Up,Carl,We have your dog!,0382,neutral,4,"00:41:05,004","00:41:06,619"
Up,Carl,"Speak. Hi, there.",0386,others,7,"00:41:14,222","00:41:15,222"
Up,Carl,"Hey! Quit it! I am jumping on you now, bird.",0459,angry,0,"00:44:54,192","00:44:56,253"
Up,Carl,"Here, bird.",0461,angry,0,"00:44:58,654","00:44:59,985"
Up,Carl,"Ball? Yeah, yeah? You want it, boy?",0467,happy,3,"00:45:19,508","00:45:22,671"
Up,Carl,I will get it and then bring it back!,0471,happy,3,"00:45:28,392","00:45:30,223"
Up,Carl,Why? Just give it to me!,0473,happy,3,"00:45:31,938","00:45:33,974"
Up,Carl,"Hey, we're pretty far now. Kevin's gonna miss me.",0478,happy,3,"00:45:54,418","00:45:58,832"
Up,Carl,"Hi, master.",0480,neutral,4,"00:46:08,349","00:46:09,714"
Up,Carl,Afternoon.,0481,neutral,4,"00:46:10,559","00:46:11,890"
Up,Carl,Which one's the front?,0483,neutral,4,"00:46:40,673","00:46:42,538"
Up,Carl,Tents are hard.,0489,neutral,4,"00:47:06,574","00:47:08,064"
Up,Carl,"I never actually built a tent before. There, I said it.",0493,neutral,4,"00:47:22,673","00:47:26,131"
Up,Carl,"Well, never outside.",0495,neutral,4,"00:47:28,929","00:47:31,386"
Up,Carl,I don't think he wants to talk about this stuff,0497,neutral,4,"00:47:35,770","00:47:38,603"
Up,Carl,"Well, he's away a lot. I don't see him much.",0499,neutral,4,"00:47:41,400","00:47:43,732"
Up,Carl,"Well, I call, but Phyllis told me I bug him too much.",0501,neutral,4,"00:47:45,529","00:47:49,772"
Up,Carl,Phyllis isn't my mom.,0503,neutral,4,"00:47:53,746","00:47:55,532"
Up,Carl,"So, he can show me about tents then, right?",0507,neutral,4,"00:48:14,266","00:48:17,178"
Up,Carl,"Hey, why don't you get some sleep?",0508,neutral,4,"00:48:23,734","00:48:26,350"
Up,Carl,Can Kevin go with us?,0513,neutral,4,"00:48:41,836","00:48:43,872"
Up,Carl,Yeah. Cross your heart?,0516,neutral,4,"00:48:50,719","00:48:52,835"
Up,Carl,"Morning, sweetheart.",0519,neutral,4,"00:49:34,180","00:49:35,920"
Up,Carl,We better get moving.,0520,neutral,4,"00:49:38,100","00:49:39,681"
Up,Carl,Bird's gone.,0521,neutral,4,"00:49:42,396","00:49:43,727"
Up,Carl,Point!,0526,angry,0,"00:50:00,998","00:50:02,158"
Up,Carl,"Yeah, get off of his...",0528,neutral,4,"00:50:06,295","00:50:07,535"
Up,Carl,My dogs made a mistake.,0566,happy,3,"00:53:50,936","00:53:52,767"
Up,Carl,Adventure is out there!,0570,happy,3,"00:54:01,071","00:54:02,982"
Up,Carl,It is? Who's Charles muntz? Him!,0572,happy,3,"00:54:06,910","00:54:10,277"
Up,Carl,Yes! Yes! That's him! =I'm Carl fredricksen.,0573,happy,3,"00:54:10,372","00:54:12,267"
Up,Carl,You do smell like prunes.,0581,surprise,6,"00:54:32,728","00:54:34,434"
Up,Carl,Go ahead and moor your airship right next to mine.,0587,happy,3,"00:54:47,451","00:54:50,909"
Up,Carl,Would you like to?,0590,happy,3,"00:55:01,507","00:55:03,088"
Up,Carl,"Wait up, Mr. muntz.",0592,happy,3,"00:55:06,553","00:55:08,418"
Up,Carl,"New York, Munich, London. Of course, I kept the best for myself.",0598,happy,3,"00:55:30,035","00:55:33,778"
Up,Carl,"Oh, my Ellie would've loved all this.",0628,happy,3,"00:57:05,380","00:57:08,417"
Up,Carl,I'm honored. And now you've made it.,0631,neutral,4,"00:57:13,805","00:57:16,342"
Up,Carl,"I mean, that's the best one yet. I can't wait to hear how it ends.",0664,fear,2,"00:59:34,112","00:59:38,230"
Up,Carl,"Oh, you're not leaving.",0666,fear,2,"00:59:51,588","00:59:52,919"
Up,Carl,She's hurt real bad. Can't we help her get home?,0693,neutral,4,"01:03:42,485","01:03:46,854"
Up,Carl,Wait a minute. Dug.,0699,neutral,4,"01:04:15,977","01:04:18,559"
Up,Carl,"No. My pack is not following us. Boy, they are dumb.",0701,neutral,4,"01:04:26,363","01:04:29,821"
Up,Carl,This is crazy.,0702,neutral,4,"01:04:30,116","01:04:31,356"
Up,Carl,"I mean, it's not how they made it sound in my book.",0714,neutral,4,"01:05:07,237","01:05:10,570"
Up,Carl,Get away from my bird!,0735,others,7,"01:06:47,587","01:06:49,578"
Up,Carl,"Master, it's alright.",0744,angry,0,"01:08:15,925","01:08:18,667"
Up,Carl,I am not your master!,0745,angry,0,"01:08:19,512","01:08:21,377"
Up,Carl,"And if you hadn't have shown up, none of this would've happened!",0746,angry,0,"01:08:22,098","01:08:25,215"
Up,Carl,Bad dog! Bad dog!,0747,angry,0,"01:08:25,351","01:08:27,592"
Up,Carl,"Now, whether you assist me or not,",0748,angry,0,"01:08:35,945","01:08:38,027"
Up,Carl,Here. I don't want this anymore.,0750,fear,2,"01:09:54,273","01:09:58,107"
Up,Carl,Russell?,0751,others,7,"01:13:38,664","01:13:39,824"
Up,Carl,"No, Russell! No!",0754,neutral,4,"01:13:50,843","01:13:52,834"
Up,Carl,Huh?,0755,neutral,4,"01:15:04,458","01:15:05,538"
Up,Carl,I was hiding under your porch because I love you. Can I stay?,0757,happy,3,"01:15:10,256","01:15:14,920"
Up,Carl,"Can you stay? Well, you're my dog, aren't you?",0758,others,7,"01:15:14,969","01:15:17,426"
Up,Carl,"Where are you, fredricksen?",0782,others,7,"01:17:02,201","01:17:04,362"
Up,Carl,But I wanna help.,0787,angry,0,"01:17:46,203","01:17:47,409"
Up,Carl,I don't want your help.,0788,angry,0,"01:17:47,454","01:17:48,739"
Up,Carl,I want you safe.,0789,neutral,4,"01:17:48,873","01:17:50,579"
Up,Carl,Point!,0791,happy,3,"01:18:00,467","01:18:01,798"
Up,Carl,Ke vin.,0792,fear,2,"01:18:12,271","01:18:13,431"
Up,Carl,"Guard well that bird, my minions.",0795,neutral,4,"01:18:21,280","01:18:23,817"
Up,Carl,"What do we do now, dug?",0796,neutral,4,"01:18:24,742","01:18:26,152"
Up,Carl,I want the ball! Give it to me!,0799,neutral,4,"01:18:44,637","01:18:46,114"
Up,Carl,Master!,0842,neutral,4,"01:23:36,053","01:23:37,259"
Up,Carl,"Go on, Kevin!",0845,others,7,"01:23:48,899","01:23:50,514"
Up,Carl,No! Leave them alone!,0848,others,7,"01:24:25,769","01:24:27,885"
Up,Carl,"Sorry about your house, Mr. fredricksen.",0854,happy,3,"01:25:50,270","01:25:52,932"
Up,Carl,Where's my cane? I just had it here.,0859,happy,3,"01:26:19,007","01:26:21,043"
Up,Carl,Excuse me. Pardon me. Old man coming through.,0870,happy,3,"01:27:23,113","01:27:26,196"
Up,Carl,"Congratulations, Russell. Sir.",0872,neutral,4,"01:27:30,746","01:27:32,987"
Up,Carl,"Russell, for assisting the elderly",0873,neutral,4,"01:27:36,168","01:27:39,251"
Up,Carl,"and for performing above and beyond the call of duty,",0874,neutral,4,"01:27:39,713","01:27:43,922"
Up,Charles,"Well, this is all a misunderstanding.",0565,neutral,4,"00:53:47,891","00:53:50,473"
Up,Charles,Wait. Are you Charles muntz?,0567,others,7,"00:53:53,355","00:53:55,767"
Up,Charles,The Charles muntz?,0569,happy,3,"00:53:58,569","00:54:00,685"
Up,Charles,"Oh, well. You're a man of good taste.",0575,happy,3,"00:54:15,210","00:54:16,950"
Up,Charles,Uh-huh.,0577,neutral,4,"00:54:21,550","00:54:22,585"
Up,Charles,"Now, attention, everyone!",0578,neutral,4,"00:54:22,801","00:54:24,132"
Up,Charles,We're not actually going inside the spirit of adventure itself?,0588,neutral,4,"00:54:56,543","00:55:00,127"
Up,Charles,Oh...,0589,neutral,4,"00:55:00,214","00:55:01,249"
Up,Charles,"Oh, yes, the arsinoitherium.",0600,neutral,4,"00:55:37,084","00:55:39,575"
Up,Charles,Beast charged while I was brushing my teeth.,0601,neutral,4,"00:55:39,670","00:55:42,377"
Up,Charles,Used my shaving kit to bring him down.,0602,neutral,4,"00:55:42,464","00:55:45,206"
Up,Charles,"Oh, you recognize it. I'm impressed.",0607,happy,3,"00:55:56,436","00:55:59,303"
Up,Charles,That's an interesting story there.,0608,disgust,1,"00:55:59,648","00:56:01,684"
Up,Charles,Excellent choice.,0609,happy,3,"00:56:02,109","00:56:03,815"
Up,Charles,I found it on safari with Roosevelt.,0610,neutral,4,"00:56:03,902","00:56:07,690"
Up,Charles,"He and I fell into a habit of playing gin rummy in the evenings,",0611,others,7,"00:56:07,781","00:56:11,649"
Up,Charles,and did he cheat!,0612,others,7,"00:56:11,743","00:56:13,574"
Up,Charles,"Master, dinner is ready.",0614,others,7,"00:56:16,540","00:56:19,156"
Up,Charles,"Oh, dear. Broken translator.",0615,neutral,4,"00:56:19,501","00:56:21,617"
Up,Charles,I liked his other voice.,0618,neutral,4,"00:56:27,843","00:56:30,050"
Up,Charles,"Well, dinner is served. Right this way.",0619,neutral,4,"00:56:31,263","00:56:34,551"
Up,Charles,"Almost tempted to go back a few times,",0621,neutral,4,"00:56:38,937","00:56:41,349"
Up,Charles,but I have unfinished work here.,0622,neutral,4,"00:56:42,399","00:56:45,015"
Up,Charles,to come down here and live by paradise falls.,0630,happy,3,"00:57:11,053","00:57:13,715"
Up,Charles,You're sure we're not a bother? I'd hate to impose.,0632,happy,3,"00:57:16,433","00:57:18,890"
Up,Charles,I want a treat! I want a treat! Hey!,0636,others,7,"00:57:27,736","00:57:29,213"
Up,Charles,I shouldn't have used that word.,0637,angry,0,"00:57:29,237","00:57:30,818"
Up,Charles,Having guests is a delight.,0638,angry,0,"00:57:30,906","00:57:33,648"
Up,Charles,Nol,0640,others,7,"00:57:37,704","00:57:38,739"
Up,Charles,"they called me a fraud, those...",0641,neutral,4,"00:57:41,291","00:57:43,748"
Up,Charles,I've tried to smoke it out of that deathly labyrinth where it lives.,0646,neutral,4,"00:58:05,232","00:58:09,817"
Up,Charles,You can't go in after it.,0647,neutral,4,"00:58:10,654","00:58:12,315"
Up,Charles,"Once in, there's no way out.",0648,neutral,4,"00:58:12,823","00:58:15,030"
Up,Charles,I've lost so many dogs.,0649,angry,0,"00:58:15,659","00:58:17,615"
Up,Charles,"And here they come, these bandits, and think the bird is theirs to take.",0650,neutral,4,"00:58:20,288","00:58:24,782"
Up,Charles,I trained it to follow us.,0654,angry,0,"00:58:40,308","00:58:42,390"
Up,Charles,But it ran off. It's gone now.,0658,neutral,4,"00:58:52,696","00:58:55,608"
Up,Charles,"You know, Carl, these people who pass through here,",0659,neutral,4,"00:59:02,456","00:59:07,041"
Up,Charles,they all tell pretty good stories.,0660,others,7,"00:59:07,127","00:59:09,709"
Up,Charles,A surveyor making a map.,0661,others,7,"00:59:12,424","00:59:14,665"
Up,Charles,"Well, it's been a wonderful evening, but we better be going.",0665,others,7,"00:59:47,876","00:59:51,494"
Up,Charles,"Come on, Russell. But we haven't even had dessert yet.",0668,others,7,"00:59:56,718","00:59:59,926"
Up,Charles,The boy's right. You haven't had dessert.,0669,others,7,"01:00:00,013","01:00:02,925"
Up,Charles,Kevin?,0673,surprise,6,"01:00:19,282","01:00:20,442"
Up,Charles,It's here.,0674,angry,0,"01:00:28,166","01:00:29,531"
Up,Charles,"All right, but we gotta hurry.",0694,neutral,4,"01:03:57,834","01:04:00,416"
Up,Charles,Yeah. He's with them. He helped them escape!,0697,others,7,"01:04:09,888","01:04:13,221"
Up,Charles,Wait.,0698,others,7,"01:04:14,559","01:04:15,639"
Up,Charles,Let me go.,0768,others,7,"01:16:14,820","01:16:16,310"
Up,Charles,he's not my friend anymore.,0770,neutral,4,"01:16:21,994","01:16:24,201"
Up,Charles,Ahhh!,0781,others,7,"01:17:00,533","01:17:01,568"
Up,Charles,He's got the bird! The bird's gone...,0808,fear,2,"01:19:04,365","01:19:06,481"
Up,Charles,Does anyone know where they are?,0814,others,7,"01:19:28,889","01:19:31,972"
Up,Charles,Auuggghh!,0821,others,7,"01:20:23,319","01:20:24,354"
Up,Ellie,Don't you know this is an exclusive club?,0057,angry,0,"00:04:01,533","00:04:03,819"
Up,Ellie,not just any kid off the street with a helmet and a pair of goggles.,0059,angry,0,"00:04:05,954","00:04:09,867"
Up,Ellie,"Do you think you've got what it takes? Well, do you?",0060,happy,3,"00:04:10,041","00:04:12,874"
Up,Ellie,"All right, you're in. Welcome aboard.",0061,surprise,6,"00:04:14,463","00:04:16,704"
Up,Ellie,What's wrong? Can't you talk?,0062,neutral,4,"00:04:18,383","00:04:20,715"
Up,Ellie,"Hey, I don't bite.",0063,happy,3,"00:04:23,221","00:04:25,212"
Up,Ellie,"You and me, we're in a club now.",0064,happy,3,"00:04:29,478","00:04:32,094"
Up,Ellie,I saw where your balloon went. Come on. Let's go get it.,0065,happy,3,"00:04:36,276","00:04:39,939"
Up,Ellie,My name's Ellie.,0066,happy,3,"00:04:41,406","00:04:42,896"
Up,Ellie,There it is.,0067,happy,3,"00:04:46,328","00:04:47,568"
Up,Ellie,"Well, go ahead.",0068,happy,3,"00:04:52,000","00:04:53,661"
Up,Ellie,Ow.,0070,happy,3,"00:05:20,529","00:05:21,564"
Up,Ellie,"Hey, kid!",0071,happy,3,"00:05:21,988","00:05:22,988"
Up,Ellie,Thought you might need a little cheering up.,0072,happy,3,"00:05:24,574","00:05:26,314"
Up,Ellie,I am about to let you see something,0074,neutral,4,"00:05:30,497","00:05:32,954"
Up,Ellie,Ever! In my life!,0076,neutral,4,"00:05:36,253","00:05:38,244"
Up,Ellie,You'll have to swear you will not tell anyone.,0077,neutral,4,"00:05:39,256","00:05:42,544"
Up,Ellie,Cross your heart. Do it!,0078,happy,3,"00:05:43,802","00:05:45,918"
Up,Ellie,You know him.,0080,neutral,4,"00:05:52,978","00:05:54,138"
Up,Ellie,"Charles muntz, explorer.",0081,happy,3,"00:05:55,355","00:05:57,892"
Up,Ellie,"south America. It's like America, but south.",0083,happy,3,"00:06:01,903","00:06:06,693"
Up,Ellie,"Paradise falls, a land lost in time.",0085,neutral,4,"00:06:09,953","00:06:14,322"
Up,Ellie,I ripped this right out of a library book.,0086,happy,3,"00:06:15,542","00:06:18,705"
Up,Ellie,I'm gonna move my clubhouse there and park it right next to the falls.,0087,neutral,4,"00:06:19,921","00:06:23,459"
Up,Ellie,Who knows what lives up there.,0088,neutral,4,"00:06:24,009","00:06:26,170"
Up,Ellie,"Well, I'm saving these pages for all the adventures I'm gonna have.",0090,neutral,4,"00:06:28,471","00:06:32,430"
Up,Ellie,Only I just don't know how I'm gonna get to paradise falls.,0091,happy,3,"00:06:33,602","00:06:38,392"
Up,Ellie,V that's it! Ou can take us there in a blimp!,0092,others,7,"00:06:45,405","00:06:48,192"
Up,Ellie,Swear you'll take us! Cross your heart!,0093,others,7,"00:06:48,783","00:06:51,240"
Up,Ellie,"Cross it! Cross your heart! Good, you promised. No backing out.",0094,happy,3,"00:06:51,703","00:06:56,367"
Up,Ellie,"Well, see you tomorrow, kid. Bye!",0095,happy,3,"00:06:57,375","00:06:59,912"
Up,Ellie,Adventure is out there!,0096,neutral,4,"00:07:01,463","00:07:04,000"
Up,Ellie,"You know, you don't talk very much.",0097,happy,3,"00:07:05,717","00:07:07,833"
Wreck,Vanellope,"Man, you scared me, kid. Ah, I nearly soiled myself.",0486,neutral,4,"00:28:54,150","00:28:59,113"
Wreck,Vanellope,Uh... Ralph. Wreck-It Ralph.,0488,neutral,4,"00:29:01,074","00:29:02,575"
Wreck,Vanellope,is technically closed while we're trimming.,0496,neutral,4,"00:29:16,256","00:29:17,632"
Wreck,Vanellope,Okay? So you go home.,0504,neutral,4,"00:29:33,856","00:29:36,192"
Wreck,Vanellope,What's that? Didn't hear you.,0505,neutral,4,"00:29:36,276","00:29:38,069"
Wreck,Vanellope,It's a double stripe.,0515,others,7,"00:29:58,006","00:29:59,507"
Wreck,Vanellope,Double stripes break. Guh-doy!,0516,neutral,4,"00:30:01,551","00:30:04,721"
Wreck,Vanellope,"Uh, I don't know. Why are you so freakishly annoying?",0518,neutral,4,"00:30:07,515","00:30:10,268"
Wreck,Vanellope,Don't even think about it. That is mine.,0521,happy,3,"00:30:15,565","00:30:17,066"
Wreck,Vanellope,Double stripe.,0527,happy,3,"00:30:29,787","00:30:30,788"
Wreck,Vanellope,I'm not from the candy tree department.,0531,others,7,"00:30:41,466","00:30:43,051"
Wreck,Vanellope,That thing is my ticket to a better life.,0536,others,7,"00:30:54,395","00:30:57,023"
Wreck,Vanellope,"Candlehead, Taffyta, Rancis, you're looking well.",0706,others,7,"00:40:52,534","00:40:55,204"
Wreck,Vanellope,"Came by to check out the competition, huh?",0707,happy,3,"00:40:55,371","00:40:57,873"
Wreck,Vanellope,Sheesh. Looks like she built it herself.,0709,happy,3,"00:41:01,085","00:41:03,045"
Wreck,Vanellope,I built it myself.,0710,happy,3,"00:41:03,253","00:41:04,380"
Wreck,Vanellope,Fastest pedal-power west of the Whac-A-Mole.,0711,happy,3,"00:41:04,546","00:41:07,091"
Wreck,Vanellope,But you have to back out of the race. Yeah.,0714,neutral,4,"00:41:18,227","00:41:21,105"
Wreck,Vanellope,"Oh, no, I don't,",0715,neutral,4,"00:41:21,230","00:41:22,856"
Wreck,Vanellope,because I paid my fee and I'm on the board...,0716,others,7,"00:41:22,898","00:41:25,693"
Wreck,Vanellope,"Yeah, well, King Candy says glitches can't race.",0718,others,7,"00:41:28,237","00:41:30,948"
Wreck,Vanellope,I'm glitching!,0725,angry,0,"00:41:47,297","00:41:49,717"
Wreck,Vanellope,Please!,0731,angry,0,"00:42:03,147","00:42:04,148"
Wreck,Vanellope,Before I throw you in the mud!,0738,angry,0,"00:42:28,464","00:42:29,965"
Wreck,Vanellope,"You're welcome, you rotten little thief.",0740,angry,0,"00:42:39,266","00:42:41,769"
Wreck,Vanellope,I'm not a thief! I just borrowed your stupid coin.,0741,angry,0,"00:42:41,894","00:42:45,147"
Wreck,Vanellope,I won it in Hero's Duty.,0747,others,7,"00:42:57,659","00:42:59,328"
Wreck,Vanellope,It's not that kind of duty.,0749,others,7,"00:43:03,832","00:43:05,542"
Wreck,Vanellope,I bet you really got to watch where you step,0750,others,7,"00:43:05,793","00:43:07,711"
Wreck,Vanellope,in a game called Hero's Doodie!,0751,neutral,4,"00:43:07,836","00:43:10,047"
Wreck,Vanellope,"Listen! One more, one more.",0754,neutral,4,"00:43:18,639","00:43:19,848"
Wreck,Vanellope,Why did the hero flush the toilet?,0755,neutral,4,"00:43:20,015","00:43:22,351"
Wreck,Vanellope,Say why. Why?,0756,happy,3,"00:43:23,393","00:43:25,521"
Wreck,Vanellope,"and you better get it back for me toot-sweet, sister!",0761,neutral,4,"00:43:32,528","00:43:34,863"
Wreck,Vanellope,"Well, unless you've got a go-cart",0762,neutral,4,"00:43:35,030","00:43:36,824"
Wreck,Vanellope,I can't help you!,0764,neutral,4,"00:43:38,826","00:43:40,160"
Wreck,Vanellope,What a moron.,0765,neutral,4,"00:43:46,542","00:43:48,252"
Wreck,Vanellope,"Hey, genius! It's a jawbreaker.",0766,neutral,4,"00:43:48,836","00:43:51,213"
Wreck,Vanellope,You're never going to break...,0767,neutral,4,"00:43:51,255","00:43:52,714"
Wreck,Vanellope,Huh.,0768,neutral,4,"00:43:54,883","00:43:56,176"
Wreck,Vanellope,Leave me alone.,0770,neutral,4,"00:44:01,557","00:44:02,724"
Wreck,Vanellope,"Look, you want that medal, right? And I want to race.",0771,neutral,4,"00:44:03,016","00:44:07,062"
Wreck,Vanellope,So here's what I'm thinking.,0772,neutral,4,"00:44:07,271","00:44:08,897"
Wreck,Vanellope,You help me get a new cart... A real cart...,0773,happy,3,"00:44:09,106","00:44:12,276"
Wreck,Vanellope,You want me to help you?,0775,neutral,4,"00:44:15,571","00:44:18,115"
Wreck,Vanellope,All you got to do is break something for me.,0776,others,7,"00:44:18,240","00:44:20,576"
Wreck,Vanellope,We are not friends.,0778,others,7,"00:44:23,745","00:44:25,122"
Wreck,Vanellope,"Come on, buddy. Let's shake on it.",0780,others,7,"00:44:29,585","00:44:31,795"
Wreck,Vanellope,"Ah. Come on, chumbo.",0781,others,7,"00:44:32,880","00:44:34,298"
Wreck,Vanellope,Hey!,0783,others,7,"00:44:37,467","00:44:38,552"
Wreck,Vanellope,Shh!,0861,happy,3,"00:48:51,012","00:48:52,097"
Wreck,Vanellope,"What's this? You're a full-on criminal, aren't you?",0863,neutral,4,"00:49:01,523","00:49:04,443"
Wreck,Vanellope,"Hey, we shook on it.",0864,happy,3,"00:49:04,526","00:49:06,361"
Wreck,Vanellope,"Well, it looks like you're going to be stepping outside",0871,neutral,4,"00:49:22,836","00:49:24,880"
Wreck,Vanellope,I love it! I finally have a real cart!,0915,happy,3,"00:51:27,586","00:51:30,672"
Wreck,Vanellope,"Oh, what? You have teeth?",0921,neutral,4,"00:51:55,697","00:51:58,116"
Wreck,Vanellope,What are you waiting for? Come on. Let's go!,0927,others,7,"00:52:16,551","00:52:18,178"
Wreck,Vanellope,So let me get this straight. You don't know how to drive.,0944,neutral,4,"00:53:29,624","00:53:33,378"
Wreck,Vanellope,"Well, no, not technically.",0945,happy,3,"00:53:33,586","00:53:35,255"
Wreck,Vanellope,just because I really want to!,0948,neutral,4,"00:53:40,343","00:53:41,803"
Wreck,Vanellope,"Look, wise guy. I know I'm a racer.",0949,neutral,4,"00:53:41,970","00:53:44,264"
Wreck,Vanellope,That's it! I'm never getting my medal back.,0951,neutral,4,"00:53:48,309","00:53:50,895"
Wreck,Vanellope,It's grown-up stuff. You wouldn't understand.,0962,neutral,4,"00:54:18,757","00:54:21,009"
Wreck,Vanellope,"No, I get it!",0963,neutral,4,"00:54:21,176","00:54:22,677"
Wreck,Vanellope,Ow! Whoa!,0970,neutral,4,"00:54:59,380","00:55:00,548"
Wreck,Vanellope,"Yeah. It's pretty cool, huh?",0976,happy,3,"00:55:12,352","00:55:14,062"
Wreck,Vanellope,"I found that secret opening, and now I live here.",0977,happy,3,"00:55:14,229","00:55:17,649"
Wreck,Vanellope,Welcome to my home!,0979,happy,3,"00:55:20,360","00:55:22,445"
Wreck,Vanellope,I sleep in these candy wrappers.,0980,happy,3,"00:55:23,029","00:55:25,031"
Wreck,Vanellope,With all this garbage around you?,0983,neutral,4,"00:55:32,080","00:55:33,581"
Wreck,Vanellope,"Well, yeah.",0984,neutral,4,"00:55:34,791","00:55:36,626"
Wreck,Vanellope,"I mean, everyone here says I'm just a mistake",0985,neutral,4,"00:55:36,793","00:55:38,878"
Wreck,Vanellope,and that I wasn't even supposed to exist.,0986,neutral,4,"00:55:38,962","00:55:41,005"
Wreck,Vanellope,but why do you even stick around this game?,0990,others,7,"00:55:47,804","00:55:50,431"
Wreck,Vanellope,"You really don't know anything, do you?",0991,neutral,4,"00:55:50,682","00:55:52,684"
Wreck,Vanellope,Glitches can't leave their games.,0992,sad,5,"00:55:52,892","00:55:55,061"
Wreck,Vanellope,It's one of the joys of being me.,0993,others,7,"00:55:56,563","00:55:59,858"
Wreck,Vanellope,Now shut up and drive,1048,happy,3,"00:58:30,883","00:58:32,719"
Wreck,Vanellope,"You got to get that glitch under control, kid.",1053,others,7,"00:58:40,435","00:58:42,520"
Wreck,Vanellope,"Okay, I will, I will.",1054,others,7,"00:58:42,687","00:58:44,063"
Wreck,Vanellope,"Hurry, hurry! Let's go. Time's a-wastin'.",1099,happy,3,"01:02:08,142","01:02:10,478"
Wreck,Vanellope,"Come on, Ralph!",1100,happy,3,"01:02:10,603","01:02:11,687"
Wreck,Vanellope,This is it. This is really happening.,1101,happy,3,"01:02:11,854","01:02:13,773"
Wreck,Vanellope,I almost don't believe it.,1102,happy,3,"01:02:13,814","01:02:15,149"
Wreck,Vanellope,"I mean, I have dreamt about it for so long, and now...",1103,neutral,4,"01:02:15,191","01:02:18,152"
Wreck,Vanellope,"And now... Now I think I'm going to puke, actually.",1104,neutral,4,"01:02:18,361","01:02:20,404"
Wreck,Vanellope,"I mean, I think I might puke.",1105,neutral,4,"01:02:20,488","01:02:21,864"
Wreck,Vanellope,"You know, like a vurp. A what?",1106,neutral,4,"01:02:21,989","01:02:23,532"
Wreck,Vanellope,"Vomit and a burp together,",1107,neutral,4,"01:02:23,658","01:02:25,368"
Wreck,Vanellope,"and you can taste it, and it's just like rising up.",1108,happy,3,"01:02:25,493","01:02:27,787"
Wreck,Vanellope,"Yes, it is. It's exciting.",1110,neutral,4,"01:02:29,497","01:02:31,123"
Wreck,Vanellope,Am I ready to be a real racer?,1111,others,7,"01:02:31,165","01:02:33,292"
Wreck,Vanellope,Where are you going?,1126,neutral,4,"01:03:09,078","01:03:10,079"
Wreck,Vanellope,But there's one who cannot escape because she's a glitch.,1161,fear,2,"01:04:48,636","01:04:52,640"
Wreck,Vanellope,I'm back!,1175,happy,3,"01:06:05,296","01:06:06,380"
Wreck,Vanellope,Yeah... Uh... Can we talk for a second?,1177,neutral,4,"01:06:08,966","01:06:12,928"
Wreck,Vanellope,Okay.,1180,others,7,"01:06:18,267","01:06:19,393"
Wreck,Vanellope,"Now, close your eyes. Vanellope...",1181,neutral,4,"01:06:20,644","01:06:23,564"
Wreck,Vanellope,Just in case we don't win.,1187,neutral,4,"01:06:41,665","01:06:43,167"
Wreck,Vanellope,Not that I think there's even a remote chance,1188,neutral,4,"01:06:43,417","01:06:45,628"
Wreck,Vanellope,"Thanks, kid. Listen...",1190,neutral,4,"01:06:47,129","01:06:49,548"
Wreck,Vanellope,"Now rise, my royal chump. I've got a date with destiny.",1191,neutral,4,"01:06:49,798","01:06:54,553"
Wreck,Vanellope,Who cares about this stupid race anyway? Right?,1195,neutral,4,"01:07:02,102","01:07:04,897"
Wreck,Vanellope,But maybe you shouldn't do it.,1199,neutral,4,"01:07:10,945","01:07:13,989"
Wreck,Vanellope,Hello? Is Ralph in there?,1200,happy,3,"01:07:14,198","01:07:16,617"
Wreck,Vanellope,"Look, what I'm saying is you can't be a racer.",1202,surprise,6,"01:07:18,452","01:07:20,287"
Wreck,Vanellope,What?,1203,neutral,4,"01:07:20,621","01:07:21,622"
Wreck,Vanellope,No!,1206,neutral,4,"01:07:27,795","01:07:28,796"
Wreck,Vanellope,King Candy? Yeah.,1210,others,7,"01:07:34,718","01:07:36,303"
Wreck,Vanellope,"No, I didn't... Listen. You don't understand.",1212,angry,0,"01:07:37,805","01:07:39,515"
Wreck,Vanellope,I'm not a traitor. Listen.,1214,angry,0,"01:07:42,268","01:07:43,269"
Wreck,Vanellope,You're a rat!,1215,sad,5,"01:07:43,394","01:07:44,687"
Wreck,Vanellope,"you go down with the ship, little sister!",1225,angry,0,"01:08:00,828","01:08:01,829"
Wreck,Vanellope,I'm not listening to you!,1226,angry,0,"01:08:01,912","01:08:02,997"
Wreck,Vanellope,No!,1235,sad,5,"01:08:22,933","01:08:23,934"
Wreck,Vanellope,Stop it! Stop it! No!,1236,sad,5,"01:08:25,019","01:08:28,230"
Wreck,Vanellope,I'm already a real racer.,1348,neutral,4,"01:16:55,195","01:16:57,197"
Wreck,Vanellope,All right. Gotta keep it under control.,1360,neutral,4,"01:18:54,981","01:18:57,359"
Wreck,Vanellope,No way!,1387,fear,2,"01:21:01,775","01:21:03,610"
Wreck,Vanellope,"Come on, Vanellope.",1396,neutral,4,"01:21:29,135","01:21:30,178"
Wreck,Vanellope,but you're going to do it one more time.,1398,neutral,4,"01:21:32,055","01:21:34,140"
Wreck,Vanellope,Just focus and concentrate,1399,neutral,4,"01:21:34,307","01:21:36,393"
Wreck,Vanellope,"Move it or lose it, people. Everybody, out. Now!",1411,others,7,"01:22:32,615","01:22:35,535"
Wreck,Vanellope,Kid!,1414,sad,5,"01:22:43,543","01:22:44,711"
Wreck,Vanellope,"Stop, it's no use.",1418,others,7,"01:22:52,635","01:22:54,637"
Wreck,Vanellope,"That's everyone. Now, we've got to blow up this exit.",1421,others,7,"01:23:07,734","01:23:10,403"
Wreck,Vanellope,Kid!,1461,neutral,4,"01:26:10,583","01:26:11,584"
Wreck,Vanellope,You ready for this? As ready as I'll ever be.,1475,fear,2,"01:27:31,998","01:27:35,042"
Wreck,Vanellope,I was just doing what Taffyta told me to do!,1486,neutral,4,"01:28:34,393","01:28:37,146"
Wreck,Vanellope,Tut-tut.,1487,neutral,4,"01:28:37,939","01:28:39,065"
Wreck,Vanellope,"As your merciful princess, I hereby decree",1488,neutral,4,"01:28:39,232","01:28:42,735"
Wreck,Vanellope,that everyone who was ever mean to me shall be,1489,neutral,4,"01:28:42,902","01:28:47,323"
Wreck,Vanellope,I don't want to die!,1494,others,7,"01:28:55,164","01:28:57,416"
Wreck,Vanellope,So this is the real you. Princess.,1498,neutral,4,"01:29:05,925","01:29:09,011"
Wreck,Vanellope,"Aw, Ralph, what are you, nuts? Come on. This isn't me.",1499,neutral,4,"01:29:09,178","01:29:13,099"
Wreck,Vanellope,Huh?,1501,neutral,4,"01:29:16,978","01:29:18,312"
Wreck,Vanellope,"Look, the code may say I'm a princess",1502,neutral,4,"01:29:18,396","01:29:19,939"
Wreck,Vanellope,"but I know who I really am, Ralph,",1503,happy,3,"01:29:20,022","01:29:21,649"
Wreck,Vanellope,I'm a racer with the greatest superpower ever.,1504,neutral,4,"01:29:21,774","01:29:24,861"
Wreck,Vanellope,I was glitching through the walls.,1506,neutral,4,"01:29:26,612","01:29:28,447"
Wreck,Vanellope,a constitutional democracy.,1512,happy,3,"01:29:40,126","01:29:42,295"
Wreck,Vanellope,President Vanellope von Schweetz.,1513,happy,3,"01:29:42,461","01:29:45,840"
Wreck,Vanellope,Let's move 'em out.,1516,others,7,"01:29:51,721","01:29:53,556"
Wreck,Vanellope,You could just stay here and live in the castle.,1517,others,7,"01:30:00,646","01:30:03,816"
Wreck,Vanellope,You'd have your own wing,1518,others,7,"01:30:03,983","01:30:05,192"
Wreck,Vanellope,where no one would ever complain about your stench,1519,others,7,"01:30:05,318","01:30:07,028"
Wreck,Vanellope,or treat you bad ever again.,1520,neutral,4,"01:30:07,194","01:30:09,155"
Wreck,Vanellope,"See you later, President Fart Feathers.",1529,happy,3,"01:30:31,093","01:30:33,846"
Wreck,Vanellope,"And farewell, Baroness Boogerface.",1531,happy,3,"01:30:37,350","01:30:40,353"
Wreck,Felix,Fix-It Felix! Whoo-whoo! Fix-It Felix!,0158,happy,3,"00:10:05,064","00:10:08,025"
Wreck,Felix,Oh! I'll bet that's Mario.,0159,neutral,4,"00:10:09,735","00:10:10,861"
Wreck,Felix,"Get rid of him, Felix.",0165,others,7,"00:10:25,084","00:10:26,085"
Wreck,Felix,"Oh, right. I'll go talk to him.",0166,neutral,4,"00:10:26,210","00:10:28,879"
Wreck,Felix,"Carry on, everyone.",0167,others,7,"00:10:28,963","00:10:30,548"
Wreck,Felix,or something go over the building there.,0171,neutral,4,"00:10:38,556","00:10:40,891"
Wreck,Felix,"Somebody's birthday, or...",0174,others,7,"00:10:45,646","00:10:46,939"
Wreck,Felix,"Anyway, uh, congratulations.",0180,happy,3,"00:10:58,909","00:11:01,120"
Wreck,Felix,"Thank you, Ralph. And to you, too.",0181,others,7,"00:11:01,328","00:11:04,415"
Wreck,Felix,I've always wanted to try cake.,0191,others,7,"00:11:28,856","00:11:31,108"
Wreck,Felix,I don't suppose you'd like to,0192,others,7,"00:11:31,942","00:11:33,944"
Wreck,Felix,Ah!,0195,neutral,4,"00:11:38,282","00:11:39,325"
Wreck,Felix,Why is he here?,0200,others,7,"00:11:57,134","00:11:58,427"
Wreck,Felix,"Why are you here, Gene?",0204,others,7,"00:12:04,475","00:12:05,976"
Wreck,Felix,"Fix it, Felix!",0395,fear,2,"00:21:35,212","00:21:36,880"
Wreck,Felix,"Do something, Felix!",0397,fear,2,"00:21:55,941","00:21:57,317"
Wreck,Felix,Ralph? Ralph!,0401,others,7,"00:22:07,661","00:22:09,454"
Wreck,Felix,"Okay, everybody, calm down.",0418,neutral,4,"00:23:00,380","00:23:04,009"
Wreck,Felix,Ralph probably fell asleep,0419,neutral,4,"00:23:04,509","00:23:06,094"
Wreck,Felix,in the washroom of Tapper's again.,0420,happy,3,"00:23:06,177","00:23:07,721"
Wreck,Felix,"What's he saying, Felix?",0423,others,7,"00:23:20,859","00:23:22,193"
Wreck,Felix,Stand by. My Q*bert-ese is a little rusty.,0424,fear,2,"00:23:22,402","00:23:25,113"
Wreck,Felix,"Slick Tiddlywinking, pint-size.",0433,fear,2,"00:24:26,216","00:24:28,343"
Wreck,Felix,"I'm Fix-It Felix, Jr., ma'am.",0434,fear,2,"00:24:28,426","00:24:30,011"
Wreck,Felix,"From the game Fix-It Felix, Jr.",0435,happy,3,"00:24:30,095","00:24:32,639"
Wreck,Felix,Look at that high definition. Your face!,0437,happy,3,"00:24:36,559","00:24:40,730"
Wreck,Felix,"Now, state your business.",0440,others,7,"00:24:46,903","00:24:48,238"
Wreck,Felix,Never heard of him.,0442,neutral,4,"00:24:51,574","00:24:53,034"
Wreck,Felix,faster than a chicken hawk in a coop of crippled roosters.,0548,others,7,"00:31:23,883","00:31:27,512"
Wreck,Felix,Do you even know what a Cy-Bug is?,0551,others,7,"00:31:33,226","00:31:35,103"
Wreck,Felix,But do you think they'll stop there?,0558,fear,2,"00:31:47,824","00:31:48,991"
Wreck,Felix,Kohut! My cruiser.,0564,neutral,4,"00:32:05,341","00:32:07,135"
Wreck,Felix,"If you die outside your game, you don't regenerate.",0572,neutral,4,"00:32:43,588","00:32:46,090"
Wreck,Felix,"Well, neither do you, ma'am.",0573,neutral,4,"00:32:46,674","00:32:48,843"
Wreck,Felix,And it is my job to fix what Ralph wrecks.,0574,neutral,4,"00:32:49,177","00:32:51,888"
Wreck,Felix,to risk your life cleaning up his mess.,0576,neutral,4,"00:32:53,848","00:32:55,850"
Wreck,Felix,"I wish I knew, ma'am.",0800,others,7,"00:45:23,430","00:45:24,932"
Wreck,Felix,He was acting all squirrelly last night...,0801,neutral,4,"00:45:25,140","00:45:27,809"
Wreck,Felix,"I know, right?",0825,neutral,4,"00:46:29,371","00:46:30,747"
Wreck,Felix,That's why I have to get Ralph home,0826,neutral,4,"00:46:31,415","00:46:33,500"
Wreck,Felix,Huh!,0832,fear,2,"00:46:48,598","00:46:50,183"
Wreck,Felix,I can't hop. I'm hop-less. This is hopeless!,0833,fear,2,"00:46:53,687","00:46:57,107"
Wreck,Felix,The vines. They're Laffy Taffy.,0839,neutral,4,"00:47:07,909","00:47:10,704"
Wreck,Felix,They're attracted to whatever makes them laugh.,0840,neutral,4,"00:47:10,871","00:47:13,206"
Wreck,Felix,"Here, hit me again.",0841,neutral,4,"00:47:13,290","00:47:14,750"
Wreck,Felix,"Look, you're a nice guy. I can't...",0843,others,7,"00:47:21,423","00:47:22,799"
Wreck,Felix,"Ooh, your eye.",0848,happy,3,"00:47:33,685","00:47:34,895"
Wreck,Felix,I can fix it. Now...,0849,happy,3,"00:47:35,562","00:47:37,939"
Wreck,Felix,Oh! San Fran-tastic! Again!,0850,happy,3,"00:47:38,940","00:47:41,943"
Wreck,Felix,You think you can fix that shuttle?,0859,neutral,4,"00:48:30,492","00:48:32,160"
Wreck,Felix,You might want to hit it again with your hammer.,1075,happy,3,"01:00:47,895","01:00:49,856"
Wreck,Felix,"Oh, that's not blunt force trauma, ma'am.",1076,happy,3,"01:00:49,897","01:00:52,567"
Wreck,Felix,Okay.,1078,happy,3,"01:00:56,070","01:00:57,280"
Wreck,Felix,"Ma'am, I just got to tell you...",1079,happy,3,"01:00:57,697","01:01:00,700"
Wreck,Felix,Get out.,1086,others,7,"01:01:22,305","01:01:23,514"
Wreck,Felix,Oh.,1091,sad,5,"01:01:45,953","01:01:46,954"
Wreck,Felix,"I'm Fix-It Felix Jr., sir, from the game Fix-It Felix Jr.",1092,sad,5,"01:01:47,288","01:01:51,500"
Wreck,Felix,Wreck-It Ralph?,1094,happy,3,"01:01:53,794","01:01:54,795"
Wreck,Felix,We should have locked him up when we had the chance.,1096,others,7,"01:01:56,923","01:01:59,759"
Wreck,Felix,Doomsday and Armageddon just had a baby and it is ugly!,1300,fear,2,"01:13:35,704","01:13:40,292"
Wreck,Felix,Hello? Hello?,1301,fear,2,"01:13:42,502","01:13:44,338"
Wreck,Felix,Somebody! Anybody! Please let me out!,1302,neutral,4,"01:13:45,339","01:13:48,717"
Wreck,Felix,What's he say?,1303,neutral,4,"01:13:50,844","01:13:51,887"
Wreck,Felix,I'm gonna wreck it!,1304,sad,5,"01:13:52,554","01:13:54,348"
Wreck,Felix,Why do I fix everything I touch?,1305,sad,5,"01:13:58,226","01:14:01,188"
Wreck,Felix,But you have to fix this go-cart for me pronto.,1313,angry,0,"01:14:18,205","01:14:20,123"
Wreck,Felix,I don't have to do boo! Forgive my potty mouth.,1314,angry,0,"01:14:20,415","01:14:23,377"
Wreck,Felix,"I'm just so, so cross with you!",1315,angry,0,"01:14:23,585","01:14:26,421"
Wreck,Felix,Do you have any idea what you put me through?,1316,angry,0,"01:14:26,755","01:14:28,715"
Wreck,Felix,I ran higgledy-piggledy all over creation looking for you.,1317,angry,0,"01:14:28,840","01:14:32,219"
Wreck,Felix,And then... I met the most dynamite gal.,1319,others,7,"01:14:34,721","01:14:38,225"
Wreck,Felix,Oh! She gives me the honey glow something awful.,1320,angry,0,"01:14:38,558","01:14:41,979"
Wreck,Felix,But she rebuffed my affections.,1321,angry,0,"01:14:42,729","01:14:45,399"
Wreck,Felix,"Felix, pull yourself together.",1323,angry,0,"01:14:47,776","01:14:49,236"
Wreck,Felix,No! You don't know what it's like to be rejected,1324,angry,0,"01:14:49,736","01:14:53,115"
Wreck,Felix,"This game is going down, and it's all your fault.",1366,happy,3,"01:19:07,035","01:19:10,121"
Wreck,KingCandy,"...all hail our rightful ruler, King Candy.",0580,happy,3,"00:33:43,606","00:33:48,277"
Wreck,KingCandy,"Hello, my royal subjects!",0581,happy,3,"00:33:48,611","00:33:51,656"
Wreck,KingCandy,"Thank you for that stirring introduction, Sour Bill.",0583,neutral,4,"00:33:56,285","00:33:59,872"
Wreck,KingCandy,Mmm-hmm.,0584,happy,3,"00:33:59,956","00:34:00,998"
Wreck,KingCandy,It was a wonderful day of racing. It was.,0586,happy,3,"00:34:04,126","00:34:06,921"
Wreck,KingCandy,"But now the arcade is closed,",0587,happy,3,"00:34:07,004","00:34:08,714"
Wreck,KingCandy,so it's time to wipe the slate clean,0588,happy,3,"00:34:08,798","00:34:11,050"
Wreck,KingCandy,"Okay, calm down.",0593,neutral,4,"00:34:24,981","00:34:26,816"
Wreck,KingCandy,Listen! This event is pay-to-play. We all know this.,0594,happy,3,"00:34:27,108","00:34:30,820"
Wreck,KingCandy,"if you've ever won, which I have.",0597,happy,3,"00:34:35,783","00:34:38,452"
Wreck,KingCandy,Candlehead.,0608,neutral,4,"00:35:21,287","00:35:22,580"
Wreck,KingCandy,Yippee! I'm in the race!,0611,surprise,6,"00:35:38,346","00:35:40,431"
Wreck,KingCandy,"Ah, boy! Go!",0621,surprise,6,"00:36:08,501","00:36:09,960"
Wreck,KingCandy,Ow! What are you doing?,0631,others,7,"00:36:48,958","00:36:50,000"
Wreck,KingCandy,"Okay, folks.",0632,others,7,"00:36:50,084","00:36:51,544"
Wreck,KingCandy,"Rancis, Candlehead, come on.",0639,angry,0,"00:37:13,858","00:37:15,651"
Wreck,KingCandy,"Sour Bill, that glitch cannot be allowed to race!",0640,angry,0,"00:37:15,901","00:37:20,448"
Wreck,KingCandy,Or-e-oh,0644,angry,0,"00:37:34,295","00:37:35,504"
Wreck,KingCandy,Mm-kay.,0647,fear,2,"00:37:51,729","00:37:52,897"
Wreck,KingCandy,"Yeah. Who are you, the guy that makes the donuts?",0649,happy,3,"00:37:57,943","00:38:00,905"
Wreck,KingCandy,"Salmon. Salmon, that's obviously...",0652,angry,0,"00:38:06,702","00:38:08,871"
Wreck,KingCandy,"I'll get my medal, and I'll be out of your way.",0656,happy,3,"00:38:16,712","00:38:18,714"
Wreck,KingCandy,I earned it over in Hero's Duty.,0659,surprise,6,"00:38:24,345","00:38:26,222"
Wreck,KingCandy,You game-jumped?,0660,others,7,"00:38:26,347","00:38:27,389"
Wreck,KingCandy,Because if you think you can come in here to my kingdom,0663,angry,0,"00:38:31,685","00:38:35,147"
Wreck,KingCandy,of the candy corn stole my medal.,0667,neutral,4,"00:38:41,278","00:38:43,113"
Wreck,KingCandy,Children of the candy corn? Who'd...,0668,others,7,"00:38:43,280","00:38:45,449"
Wreck,KingCandy,The Glitch!,0669,others,7,"00:38:46,116","00:38:47,201"
Wreck,KingCandy,The coin she used to buy her way into the race.,0670,others,7,"00:38:47,368","00:38:49,703"
Wreck,KingCandy,"Well, I'm afraid I can't help you. It's gone, you know.",0673,angry,0,"00:38:53,290","00:38:56,043"
Wreck,KingCandy,It will stay that way until someone wins the cup,0675,angry,0,"00:38:58,921","00:39:01,715"
Wreck,KingCandy,with the winner then.,0678,angry,0,"00:39:05,594","00:39:06,720"
Wreck,KingCandy,Is that a threat I smell?,0679,others,7,"00:39:06,762","00:39:08,639"
Wreck,KingCandy,"Listen, Nilly-Wafer, I'm not leaving without my medal!",0681,happy,3,"00:39:13,435","00:39:16,939"
Wreck,KingCandy,"Yes, you are.",0682,neutral,4,"00:39:16,981","00:39:18,482"
Wreck,KingCandy,"Wynnchel, Duncan, get him out of that cupcake",0683,angry,0,"00:39:18,649","00:39:21,485"
Wreck,KingCandy,and on the first train back home.,0684,angry,0,"00:39:21,777","00:39:23,362"
Wreck,KingCandy,"If I ever see you here again, Wreck-It Ralph,",0685,happy,3,"00:39:23,445","00:39:25,781"
Wreck,KingCandy,Fungeon?,0687,happy,3,"00:39:28,659","00:39:29,702"
Wreck,KingCandy,It's the...,0689,angry,0,"00:39:32,955","00:39:34,248"
Wreck,KingCandy,"I'm not smiling. I was... I'm gassy, okay?",0923,others,7,"00:52:00,702","00:52:04,497"
Wreck,KingCandy,Where did they go? They should have just turned.,0941,angry,0,"00:53:14,109","00:53:17,529"
Wreck,KingCandy,Find that glitch! Destroy that cart!,0942,angry,0,"00:53:19,114","00:53:22,242"
Wreck,KingCandy,Did you find her? Tell me you found her.,1061,surprise,6,"00:59:09,005","00:59:11,257"
Wreck,KingCandy,"Oh, the code. It's the sweet lifeblood of the game.",1066,neutral,4,"00:59:48,419","00:59:52,507"
Wreck,KingCandy,"Where are you? Let's see... Stadium, no. Jumbotron.",1067,happy,3,"00:59:58,638","01:00:03,184"
Wreck,KingCandy,One of these things is not like the others... It's you!,1069,happy,3,"01:00:09,357","01:00:12,610"
Wreck,KingCandy,We're going to give you a nice new home.,1070,happy,3,"01:00:12,693","01:00:15,530"
Wreck,KingCandy,I'm going to beat the filling out of you!,1133,fear,2,"01:03:29,432","01:03:31,100"
Wreck,KingCandy,"You wouldn't hit a guy with glasses, would you?",1134,fear,2,"01:03:31,726","01:03:34,228"
Wreck,KingCandy,I'm not interested in anything you have to say.,1138,fear,2,"01:03:41,944","01:03:44,780"
Wreck,KingCandy,My medal. How did you...,1140,happy,3,"01:03:49,035","01:03:50,911"
Wreck,KingCandy,All I ask is that you hear me out.,1143,neutral,4,"01:03:58,753","01:04:00,671"
Wreck,KingCandy,About what?,1144,neutral,4,"01:04:01,088","01:04:02,214"
Wreck,KingCandy,"Ralph, do you know what the hardest part",1145,neutral,4,"01:04:02,423","01:04:05,259"
Wreck,KingCandy,about being a king is?,1146,neutral,4,"01:04:05,384","01:04:06,927"
Wreck,KingCandy,Get to the point.,1148,neutral,4,"01:04:09,930","01:04:10,973"
Wreck,KingCandy,"Point being, I need your help.",1149,neutral,4,"01:04:11,098","01:04:13,267"
Wreck,KingCandy,Why are you people so against her?,1151,others,7,"01:04:18,230","01:04:20,149"
Wreck,KingCandy,I'm not against her! I'm trying to protect her!,1152,neutral,4,"01:04:20,441","01:04:23,444"
Wreck,KingCandy,No!,1164,neutral,4,"01:04:57,978","01:04:59,313"
Wreck,KingCandy,The gamers could love her.,1167,neutral,4,"01:05:05,986","01:05:07,238"
Wreck,KingCandy,And if they don't?,1168,others,7,"01:05:07,780","01:05:09,448"
Wreck,KingCandy,"I know it's tough,",1169,others,7,"01:05:16,705","01:05:18,791"
Wreck,KingCandy,"but heroes have to make the tough choices, don't they?",1170,sad,5,"01:05:18,833","01:05:22,044"
Wreck,KingCandy,"She can't race, Ralph, but she won't listen to me.",1171,others,7,"01:05:22,837","01:05:27,842"
Wreck,KingCandy,Very good.,1173,others,7,"01:05:34,223","01:05:35,266"
Wreck,KingCandy,"I'm Turbo, the greatest racer ever!",1389,angry,0,"01:21:07,030","01:21:11,034"
Wreck,KingCandy,but it would be more fun to kill you.,1441,happy,3,"01:24:18,846","01:24:21,266"
Wreck,KingCandy,Where do you think you're going?,1444,happy,3,"01:24:33,736","01:24:35,655"
Wreck,Raiponce,How about we just eat the cake?,0227,angry,0,"00:13:03,617","00:13:05,369"
Wreck,Raiponce,Hang on. Felix needs to be on the roof,0228,angry,0,"00:13:05,452","00:13:07,871"
Wreck,Raiponce,"Would that be the end of the world, Gene?",0232,angry,0,"00:13:13,752","00:13:15,379"
Wreck,Raiponce,Now you're just being ridiculous.,0233,angry,0,"00:13:15,504","00:13:17,214"
Wreck,Raiponce,"Only good guys win medals,",0234,angry,0,"00:13:17,381","00:13:19,049"
Wreck,Raiponce,Then would you finally let me be on top of the cake with you guys?,0239,angry,0,"00:13:27,474","00:13:30,144"
Wreck,Raiponce,"If you won a medal,",0240,others,7,"00:13:30,269","00:13:31,270"
Wreck,Raiponce,But it will never happen,0242,angry,0,"00:13:33,397","00:13:35,316"
Wreck,Raiponce,"No, I'm not.",0244,angry,0,"00:13:38,736","00:13:40,154"
Wreck,Raiponce,"No, I'm not!",0246,angry,0,"00:13:41,530","00:13:43,157"
Wreck,Raiponce,"Is he serious? Oh, please!",0255,angry,0,"00:14:16,357","00:14:18,108"
Wreck,Raiponce,Where's a bad guy going to win a medal?,0256,angry,0,"00:14:18,275","00:14:20,361"
Wreck,Ralph,Sometimes I think...,0063,sad,5,"00:04:14,839","00:04:16,924"
Wreck,Ralph,and we've come to terms with it.,0068,others,7,"00:04:30,688","00:04:32,023"
Wreck,Ralph,Why is that? I don't know.,0094,neutral,4,"00:05:38,673","00:05:40,007"
Wreck,Ralph,I just felt like coming.,0095,neutral,4,"00:05:40,091","00:05:41,425"
Wreck,Ralph,I suppose it has something to do with the fact that...,0096,neutral,4,"00:05:41,592","00:05:45,847"
Wreck,Ralph,"Well, happy anniversary, Ralph.",0098,sad,5,"00:05:49,267","00:05:51,143"
Wreck,Ralph,"Uh, it's Sateen, actually.",0100,others,7,"00:05:52,603","00:05:55,106"
Wreck,Ralph,Got it. But here's the thing.,0101,others,7,"00:05:55,273","00:05:57,441"
Wreck,Ralph,"You're not going Turbo, are you?",0104,others,7,"00:06:07,451","00:06:10,079"
Wreck,Ralph,"Turbo? No, I'm not going Turbo! Come on, guys!",0105,neutral,4,"00:06:10,288","00:06:13,499"
Wreck,Ralph,Is it Turbo to want a friend? Or a medal?,0106,neutral,4,"00:06:13,958","00:06:16,502"
Wreck,Ralph,Or a piece of pie every once in a while?,0107,others,7,"00:06:16,669","00:06:18,546"
Wreck,Ralph,"Step aside, sir. Random security check.",0124,neutral,4,"00:08:02,233","00:08:04,110"
Wreck,Ralph,And where are you coming from?,0129,neutral,4,"00:08:12,159","00:08:13,577"
Wreck,Ralph,Did you bring any fruit with you?,0131,others,7,"00:08:15,121","00:08:16,580"
Wreck,Ralph,"Okay, then. Where are you heading?",0133,neutral,4,"00:08:18,249","00:08:19,583"
Wreck,Ralph,Ever. Game over.,0143,neutral,4,"00:08:42,356","00:08:44,108"
Wreck,Ralph,"Here you go, buddy.",0144,neutral,4,"00:08:53,993","00:08:55,327"
Wreck,Ralph,Happy 30th Anniversary?,0149,surprise,6,"00:09:38,204","00:09:40,831"
Wreck,Ralph,Pac-Man? They invited Pac-Man?,0151,angry,0,"00:09:45,753","00:09:48,756"
Wreck,Ralph,That cherry-chasing dot-muncher,0152,angry,0,"00:09:48,839","00:09:51,258"
Wreck,Ralph,"Ralph, can I help you?",0168,happy,3,"00:10:32,466","00:10:34,468"
Wreck,Ralph,"Hey, Felix. Just wanted to check on you.",0169,neutral,4,"00:10:34,635","00:10:36,387"
Wreck,Ralph,I saw a big explosion,0170,neutral,4,"00:10:36,470","00:10:38,430"
Wreck,Ralph,"Oh, those were just fireworks.",0172,neutral,4,"00:10:41,225","00:10:43,644"
Wreck,Ralph,Fireworks. Okay. Phewf.,0173,neutral,4,"00:10:43,769","00:10:45,146"
Wreck,Ralph,"The 30th anniversary of our game, actually.",0176,neutral,4,"00:10:51,402","00:10:53,988"
Wreck,Ralph,I know!,0178,neutral,4,"00:10:56,240","00:10:57,241"
Wreck,Ralph,I'm such a dummy with dates.,0179,neutral,4,"00:10:57,324","00:10:58,742"
Wreck,Ralph,"Hey, Glen. Ralph.",0185,neutral,4,"00:11:15,092","00:11:17,386"
Wreck,Ralph,Cake? Heard about this cake stuff.,0186,neutral,4,"00:11:18,429","00:11:21,515"
Wreck,Ralph,Never had it.,0187,neutral,4,"00:11:21,807","00:11:22,808"
Wreck,Ralph,No one ever seems to throw it out,0188,neutral,4,"00:11:22,933","00:11:24,268"
Wreck,Ralph,I never actually tasted it. Uh...,0190,neutral,4,"00:11:25,853","00:11:28,272"
Wreck,Ralph,He's just here for a slice of cake.,0201,neutral,4,"00:11:58,636","00:12:00,679"
Wreck,Ralph,"And I'm a big part of the game,",0202,neutral,4,"00:12:00,804","00:12:02,556"
Wreck,Ralph,technically speaking.,0203,neutral,4,"00:12:02,640","00:12:04,141"
Wreck,Ralph,Hmm? Oh. Chocolate.,0215,happy,3,"00:12:32,711","00:12:35,506"
Wreck,Ralph,"Well, I did not know that.",0217,neutral,4,"00:12:38,217","00:12:40,010"
Wreck,Ralph,One other little thing.,0218,neutral,4,"00:12:40,177","00:12:41,345"
Wreck,Ralph,there's no room for you up here.,0224,neutral,4,"00:12:53,941","00:12:56,026"
Wreck,Ralph,Then how about we just take that medal,0230,angry,0,"00:13:10,082","00:13:12,251"
Wreck,Ralph,"and you, sir, are no good guy.",0235,angry,0,"00:13:19,091","00:13:21,635"
Wreck,Ralph,"I could be a good guy if I wanted to,",0236,angry,0,"00:13:21,802","00:13:23,220"
Wreck,Ralph,"Uh-huh. And when you do, come and talk to us.",0238,angry,0,"00:13:24,430","00:13:27,349"
Wreck,Ralph,because you're just the bad guy who wrecks the building.,0243,angry,0,"00:13:35,566","00:13:38,485"
Wreck,Ralph,"Yes, you are!",0245,angry,0,"00:13:40,237","00:13:41,405"
Wreck,Ralph,"Yes, you are.",0247,neutral,4,"00:13:52,958","00:13:54,752"
Wreck,Ralph,"All right, Gene. You know what?",0248,happy,3,"00:13:56,712","00:13:58,922"
Wreck,Ralph,The shiniest medal this place has ever seen!,0251,others,7,"00:14:03,260","00:14:06,096"
Wreck,Ralph,A medal that will be so good,0252,others,7,"00:14:06,263","00:14:08,599"
Wreck,Ralph,that it will make Felix's medals wet their pants!,0253,angry,0,"00:14:08,766","00:14:11,685"
Wreck,Ralph,Of course he's not serious.,0257,neutral,4,"00:14:20,444","00:14:22,488"
Wreck,Ralph,I've never been more serious about anything in my life.,0258,neutral,4,"00:14:22,780","00:14:25,991"
Wreck,Ralph,"That's why I came straight here, Tapper.",0259,neutral,4,"00:14:26,075","00:14:27,701"
Wreck,Ralph,You've never given me a bum steer.,0260,neutral,4,"00:14:27,785","00:14:29,286"
Wreck,Ralph,"I don't think such a game exists, Ralph.",0262,others,7,"00:14:33,290","00:14:35,459"
Wreck,Ralph,"I was saying, I can't spend another 30 years",0267,others,7,"00:14:49,890","00:14:52,935"
Wreck,Ralph,living alone in the garbage.,0268,others,7,"00:14:53,018","00:14:54,353"
Wreck,Ralph,"Okay, let's see what we got here.",0273,others,7,"00:15:02,736","00:15:05,364"
Wreck,Ralph,"Oh! Shoo! Shoo! Go on, get out of here.",0274,neutral,4,"00:15:05,447","00:15:07,658"
Wreck,Ralph,Mushroom? No.,0275,neutral,4,"00:15:10,119","00:15:11,620"
Wreck,Ralph,What is this? No.,0276,disgust,1,"00:15:12,538","00:15:14,248"
Wreck,Ralph,"Oh, come on, Zangief! Gross.",0277,others,7,"00:15:14,915","00:15:18,293"
Wreck,Ralph,Oh.,0278,others,7,"00:15:18,836","00:15:20,337"
Wreck,Ralph,What am I doing?,0279,others,7,"00:15:20,671","00:15:22,005"
Wreck,Ralph,"Yeah, yeah. Right. Look.",0287,neutral,4,"00:15:42,484","00:15:43,694"
Wreck,Ralph,"Easy on the overalls, spaceman.",0288,neutral,4,"00:15:43,735","00:15:45,779"
Wreck,Ralph,And all for what? A lousy medal?,0290,surprise,6,"00:15:47,239","00:15:50,075"
Wreck,Ralph,"Yeah, Medal of Heroes.",0292,happy,3,"00:15:52,995","00:15:54,746"
Wreck,Ralph,Pretty shiny.,0294,surprise,6,"00:15:57,291","00:15:58,500"
Wreck,Ralph,"Ooh! And it says hero on it? Uh-huh. Oh, yeah.",0295,happy,3,"00:15:58,709","00:16:01,628"
Wreck,Ralph,"And fighting bugs! Right, bugs.",0297,happy,3,"00:16:04,214","00:16:05,799"
Wreck,Ralph,Bug!,0303,others,7,"00:16:18,020","00:16:19,021"
Wreck,Ralph,Oh!,0315,neutral,4,"00:16:59,686","00:17:00,729"
Wreck,Ralph,"Sorry, Q*bert. It's me, Ralph.",0316,neutral,4,"00:17:03,732","00:17:06,401"
Wreck,Ralph,It's make your mamas proud time!,0333,happy,3,"00:18:08,380","00:18:10,799"
Wreck,Ralph,What a rip-off!,0364,fear,2,"00:19:47,729","00:19:48,855"
Wreck,Ralph,"Here, let me help you. Sorry about that.",0370,neutral,4,"00:20:15,674","00:20:18,385"
Wreck,Ralph,"So stick to the program, soldier!",0379,others,7,"00:20:40,657","00:20:42,451"
Wreck,Ralph,Oh!,0383,neutral,4,"00:20:48,331","00:20:49,374"
Wreck,Ralph,Ooh!,0426,happy,3,"00:23:55,268","00:23:56,353"
Wreck,Ralph,the Medal of Heroes.,0450,surprise,6,"00:25:35,827","00:25:37,412"
Wreck,Ralph,Huh?,0472,neutral,4,"00:27:34,404","00:27:35,446"
Wreck,Ralph,"Sayonara, sucker!",0473,neutral,4,"00:27:45,957","00:27:47,750"
Wreck,Ralph,Huh?,0474,neutral,4,"00:27:51,754","00:27:52,797"
Wreck,Ralph,Sugar Rush?,0475,others,7,"00:27:59,137","00:28:00,346"
Wreck,Ralph,"Oh, no!",0476,neutral,4,"00:28:07,020","00:28:08,605"
Wreck,Ralph,This is that candy go-cart game,0477,neutral,4,"00:28:09,647","00:28:11,441"
Wreck,Ralph,over by the Whac-A-Mole.,0478,surprise,6,"00:28:11,524","00:28:13,026"
Wreck,Ralph,I got to get out of here.,0479,fear,2,"00:28:13,276","00:28:14,736"
Wreck,Ralph,"You're not from here, are you?",0489,neutral,4,"00:29:02,700","00:29:04,494"
Wreck,Ralph,What kind of work?,0492,neutral,4,"00:29:09,457","00:29:10,541"
Wreck,Ralph,Some routine candy tree trimming.,0493,neutral,4,"00:29:10,625","00:29:12,710"
Wreck,Ralph,You probably want to stand back.,0494,neutral,4,"00:29:12,835","00:29:14,170"
Wreck,Ralph,"In fact, this whole area",0495,neutral,4,"00:29:14,254","00:29:16,172"
Wreck,Ralph,Who's we? Candy tree department.,0497,neutral,4,"00:29:17,715","00:29:19,676"
Wreck,Ralph,"Hey, are you a hobo?",0502,neutral,4,"00:29:27,767","00:29:29,560"
Wreck,Ralph,"No. I'm not a hobo, but I am busy.",0503,neutral,4,"00:29:30,436","00:29:33,773"
Wreck,Ralph,Your breath is so bad it made my ears numb.,0506,neutral,4,"00:29:38,152","00:29:40,363"
Wreck,Ralph,You're mimicking me. You're mimicking me!,0509,neutral,4,"00:29:43,700","00:29:45,702"
Wreck,Ralph,Okay. Okay.,0510,neutral,4,"00:29:46,577","00:29:47,662"
Wreck,Ralph,Why are your hands so freakishly big?,0517,neutral,4,"00:30:04,971","00:30:07,307"
Wreck,Ralph,Thank you!,0528,others,7,"00:30:34,292","00:30:35,710"
Wreck,Ralph,Wait! Let me talk to you for one second.,0529,others,7,"00:30:36,377","00:30:39,172"
Wreck,Ralph,Okay. Here's the thing.,0530,others,7,"00:30:39,255","00:30:41,424"
Wreck,Ralph,"Lying to a child. Shame on you, Ralph.",0532,others,7,"00:30:43,134","00:30:46,929"
Wreck,Ralph,But I wasn't lying about the medal. That is my medal!,0533,others,7,"00:30:47,221","00:30:50,016"
Wreck,Ralph,It's precious to me.,0535,sad,5,"00:30:52,769","00:30:54,062"
Wreck,Ralph,What are you doing here?,0653,neutral,4,"00:38:09,038","00:38:10,581"
Wreck,Ralph,"Look, Your Candiness, this is just a big misunderstanding.",0654,neutral,4,"00:38:10,748","00:38:14,877"
Wreck,Ralph,"Just get me out of this cupcake,",0655,neutral,4,"00:38:15,002","00:38:16,587"
Wreck,Ralph,Your medal? Bad guys don't win medals.,0657,neutral,4,"00:38:18,964","00:38:22,593"
Wreck,Ralph,"Ralph, you're not going Turbo, are you?",0661,others,7,"00:38:27,431","00:38:30,059"
Wreck,Ralph,"and take over my game, you've got another thing coming!",0664,angry,0,"00:38:35,231","00:38:37,691"
Wreck,Ralph,"Easy, Your Puffiness.",0665,angry,0,"00:38:38,025","00:38:39,485"
Wreck,Ralph,It's not my fault one of your children,0666,angry,0,"00:38:39,568","00:38:41,237"
Wreck,Ralph,That was your medal?,0671,others,7,"00:38:49,745","00:38:50,788"
Wreck,Ralph,at the end of the race.,0676,neutral,4,"00:39:01,757","00:39:03,092"
Wreck,Ralph,Maybe I'll have to have a little talk,0677,neutral,4,"00:39:03,259","00:39:05,469"
Wreck,Ralph,Beyond the halitosis you so obviously suffer from.,0680,angry,0,"00:39:09,640","00:39:13,352"
Wreck,Ralph,I'll lock you in my fungeon.,0686,neutral,4,"00:39:26,615","00:39:28,492"
Wreck,Ralph,Quick! Call out the Devil Dogs.,0699,disgust,1,"00:40:03,652","00:40:05,988"
Wreck,Ralph,I got to get my medal back.,0701,neutral,4,"00:40:26,550","00:40:28,010"
Wreck,Ralph,The pot goes to the winning racer!,0702,happy,3,"00:40:32,640","00:40:34,683"
Wreck,Ralph,"Hello, fellow racers!",0704,surprise,6,"00:40:47,154","00:40:49,365"
Wreck,Ralph,"Well, here it is, the Lickety-Split!",0708,neutral,4,"00:40:58,040","00:41:00,876"
Wreck,Ralph,"Oh, no! I glitched, too!",0728,neutral,4,"00:41:53,429","00:41:56,390"
Wreck,Ralph,And that's all you'll ever be!,0734,neutral,4,"00:42:10,279","00:42:12,281"
Wreck,Ralph,I was going to give it back to you as soon as I won the race.,0742,angry,0,"00:42:45,230","00:42:47,941"
Wreck,Ralph,Just go back to your own dumb game and win another one.,0745,others,7,"00:42:52,488","00:42:55,157"
Wreck,Ralph,I can't. I didn't win it in my game.,0746,others,7,"00:42:55,282","00:42:57,576"
Wreck,Ralph,Hero's Doodie?,0748,angry,0,"00:43:00,037","00:43:01,497"
Wreck,Ralph,Because it was his doodie!,0757,angry,0,"00:43:25,646","00:43:27,689"
Wreck,Ralph,How dare you insult Hero's Duty?,0758,angry,0,"00:43:27,940","00:43:29,608"
Wreck,Ralph,You little guttersnipe!,0759,angry,0,"00:43:29,691","00:43:30,859"
Wreck,Ralph,I earned that medal,0760,angry,0,"00:43:30,901","00:43:32,402"
Wreck,Ralph,"Enjoy your little tantrum, diaper baby?",0769,sad,5,"00:43:58,220","00:44:01,390"
Wreck,Ralph,And I'll win the race and get you back your medal.,0774,others,7,"00:44:12,693","00:44:15,404"
Wreck,Ralph,"Come on. What do you say, friend?",0777,angry,0,"00:44:20,742","00:44:23,412"
Wreck,Ralph,My arm's getting tired. Do we have a deal or not?,0784,angry,0,"00:44:38,927","00:44:41,972"
Wreck,Ralph,"All right, do your thing, knuckles. Bust it open!",0862,others,7,"00:48:58,979","00:49:01,440"
Wreck,Ralph,"You did it, and here's your cart!",0906,others,7,"00:50:55,470","00:50:58,348"
Wreck,Ralph,I love it.,0909,neutral,4,"00:51:15,740","00:51:17,242"
Wreck,Ralph,I don't think I've ever seen you smile before.,0922,neutral,4,"00:51:58,199","00:52:00,535"
Wreck,Ralph,Start the cart! Start the cart!,0926,others,7,"00:52:13,673","00:52:15,842"
Wreck,Ralph,I don't know how to drive a real cart.,0928,surprise,6,"00:52:18,428","00:52:22,766"
Wreck,Ralph,I just thought that... What did you think?,0946,happy,3,"00:53:35,422","00:53:37,090"
Wreck,Ralph,"Oh, I'll just magically win the race",0947,happy,3,"00:53:37,215","00:53:40,260"
Wreck,Ralph,I can feel it in my code.,0950,others,7,"00:53:44,347","00:53:46,307"
Wreck,Ralph,What is the big whoop about that crummy medal anyway?,0952,angry,0,"00:53:51,062","00:53:54,566"
Wreck,Ralph,The big whoop?,0953,angry,0,"00:53:54,691","00:53:55,692"
Wreck,Ralph,"Well, this may come as a shock to you, but in my game,",0954,angry,0,"00:53:55,775","00:53:58,153"
Wreck,Ralph,Cool. No. Not cool.,0956,angry,0,"00:54:00,739","00:54:02,699"
Wreck,Ralph,Unhygienic and lonely and boring.,0957,neutral,4,"00:54:02,866","00:54:05,618"
Wreck,Ralph,And that crummy medal was going to change all that.,0958,neutral,4,"00:54:06,411","00:54:10,039"
Wreck,Ralph,I go home with that baby around my neck,0959,neutral,4,"00:54:10,206","00:54:12,083"
Wreck,Ralph,Ice sculptures. Fireworks!,0961,happy,3,"00:54:14,419","00:54:16,796"
Wreck,Ralph,That's exactly what racing would do for me!,0964,others,7,"00:54:22,761","00:54:25,013"
Wreck,Ralph,"Well, guess what? What?",0965,others,7,"00:54:25,096","00:54:26,514"
Wreck,Ralph,I bundle myself up like a little homeless lady.,0981,sad,5,"00:55:25,114","00:55:28,117"
Wreck,Ralph,By yourself?,0982,sad,5,"00:55:29,452","00:55:30,620"
Wreck,Ralph,What do you expect?,0987,sad,5,"00:55:41,172","00:55:42,674"
Wreck,Ralph,"Listen, kid...",0988,sad,5,"00:55:43,049","00:55:45,218"
Wreck,Ralph,I know it's none of my business,0989,others,7,"00:55:45,385","00:55:47,637"
Wreck,Ralph,"I know it's a dump, but it's all I got.",0995,others,7,"00:56:10,952","00:56:13,413"
Wreck,Ralph,you're going to have to learn how to drive.,0997,happy,3,"00:56:14,956","00:56:16,332"
Wreck,Ralph,"Oh, wait. Do you know how to drive?",1003,happy,3,"00:56:31,264","00:56:32,599"
Wreck,Ralph,"Yeah! I mean, I haven't done it, but...",1004,neutral,4,"00:56:32,765","00:56:34,767"
Wreck,Ralph,You crashed it.,1006,neutral,4,"00:56:36,561","00:56:37,604"
Wreck,Ralph,"So if you feel me let me know, know, know",1036,happy,3,"00:57:53,721","00:57:55,390"
Wreck,Ralph,Um...,1050,surprise,6,"00:58:34,012","00:58:35,138"
Wreck,Ralph,And then you think I got a chance?,1055,happy,3,"00:58:44,689","00:58:46,983"
Wreck,Ralph,"Oh, this is so exciting!",1109,happy,3,"01:02:27,870","01:02:29,205"
Wreck,Ralph,"Ralph, what if the gamers don't like me?",1112,neutral,4,"01:02:33,501","01:02:35,503"
Wreck,Ralph,Who doesn't love a brat with dirty hair? Come on.,1113,neutral,4,"01:02:35,670","01:02:39,006"
Wreck,Ralph,And you're adorable! I'm adorable!,1116,happy,3,"01:02:45,346","01:02:48,140"
Wreck,Ralph,"Okay, come on. Listen to me.",1119,neutral,4,"01:02:51,519","01:02:53,688"
Wreck,Ralph,"If you get nervous, just keep telling yourself,",1120,neutral,4,"01:02:53,813","01:02:56,816"
Wreck,Ralph,I must win Ralph's medal or his life will be ruined.,1121,neutral,4,"01:02:56,899","01:03:01,070"
Wreck,Ralph,Hold on!,1125,happy,3,"01:03:07,868","01:03:09,036"
Wreck,Ralph,I forgot something! I'll be right back!,1127,happy,3,"01:03:10,204","01:03:12,081"
Wreck,Ralph,Ralph! There you are. Hello!,1129,surprise,6,"01:03:17,920","01:03:20,339"
Wreck,Ralph,You hit a guy with glasses. That's... Well played.,1135,angry,0,"01:03:34,520","01:03:37,732"
Wreck,Ralph,"What do you want, Candy?",1136,angry,0,"01:03:38,441","01:03:40,151"
Wreck,Ralph,"Listen, I just want to talk to you.",1137,angry,0,"01:03:40,234","01:03:41,736"
Wreck,Ralph,"Sad as it is, Vanellope cannot be allowed to race.",1150,angry,0,"01:04:13,601","01:04:17,980"
Wreck,Ralph,...she'll die with it.,1165,sad,5,"01:05:00,940","01:05:02,733"
Wreck,Ralph,You don't know that will happen.,1166,sad,5,"01:05:03,984","01:05:05,945"
Wreck,Ralph,Did you miss me?,1176,neutral,4,"01:06:07,673","01:06:08,757"
Wreck,Ralph,"What? No, we really... Will you just do it?",1179,neutral,4,"01:06:15,306","01:06:17,516"
Wreck,Ralph,we're not going to win.,1189,sad,5,"01:06:45,711","01:06:46,754"
Wreck,Ralph,I've been thinking. That's dangerous.,1194,neutral,4,"01:06:59,475","01:07:01,644"
Wreck,Ralph,"That's not very funny, Ralph.",1196,neutral,4,"01:07:05,481","01:07:07,441"
Wreck,Ralph,"No, I'm serious, and it was really fun",1197,neutral,4,"01:07:07,608","01:07:09,610"
Wreck,Ralph,to build the car and everything...,1198,sad,5,"01:07:09,693","01:07:10,819"
Wreck,Ralph,"I'd like to speak to him, please.",1201,others,7,"01:07:16,700","01:07:18,285"
Wreck,Ralph,Where did you get this?,1207,others,7,"01:07:28,879","01:07:29,964"
Wreck,Ralph,"Look, I'm going to be straight with you, kid.",1208,others,7,"01:07:31,006","01:07:33,050"
Wreck,Ralph,You sold me out?,1211,others,7,"01:07:36,345","01:07:37,638"
Wreck,Ralph,"And I don't need you, and I can win the race on my own.",1216,others,7,"01:07:44,853","01:07:48,232"
Wreck,Ralph,Put me down! Let me go!,1218,others,7,"01:07:50,192","01:07:51,902"
Wreck,Ralph,"No, you're not!",1228,others,7,"01:08:06,125","01:08:07,251"
Wreck,Ralph,"Take me down from here, Ralph, right now!",1229,others,7,"01:08:09,086","01:08:11,880"
Wreck,Ralph,You really are a bad guy.,1237,others,7,"01:08:44,705","01:08:46,832"
Wreck,Ralph,Hello? Anybody home?,1238,others,7,"01:09:22,493","01:09:25,537"
Wreck,Ralph,Everyone panicked and abandoned ship.,1244,happy,3,"01:09:39,593","01:09:41,845"
Wreck,Ralph,"Gene, wait! Wait!",1251,others,7,"01:10:10,374","01:10:12,000"
Wreck,Ralph,"Well, what did you want, Ralph?",1253,others,7,"01:10:16,130","01:10:18,006"
Wreck,Ralph,I don't know. I just...,1254,others,7,"01:10:18,298","01:10:20,467"
Wreck,Ralph,"Hey, cough drop.",1257,angry,0,"01:11:37,795","01:11:38,879"
Wreck,Ralph,Explain something to me.,1258,angry,0,"01:11:39,755","01:11:41,215"
Wreck,Ralph,"If Vanellope was never meant to exist,",1259,angry,0,"01:11:41,381","01:11:43,550"
Wreck,Ralph,Uh...,1261,angry,0,"01:11:46,762","01:11:48,263"
Wreck,Ralph,What's going on,1262,angry,0,"01:11:51,099","01:11:52,142"
Wreck,Ralph,the game will reset and she won't be a glitch anymore!,1289,angry,0,"01:12:44,278","01:12:47,114"
Wreck,Ralph,"Now, please, don't put me back in your filthy mouth again!",1294,angry,0,"01:12:53,161","01:12:57,291"
Wreck,Ralph,and treated like a criminal!,1325,sad,5,"01:14:53,240","01:14:54,908"
Wreck,Ralph,It is?,1327,others,7,"01:14:58,745","01:14:59,746"
Wreck,Ralph,"Which is why I ran off and tried to be a good guy, but I'm not!",1328,sad,5,"01:14:59,913","01:15:03,750"
Wreck,Ralph,There's a little girl whose only hope is this cart.,1330,others,7,"01:15:06,920","01:15:09,047"
Wreck,Ralph,"Please, Felix, fix it.",1331,others,7,"01:15:09,214","01:15:11,133"
Wreck,Ralph,Huh?,1333,sad,5,"01:15:26,106","01:15:27,774"
Wreck,Ralph,And?,1337,neutral,4,"01:15:47,377","01:15:48,378"
Wreck,Ralph,No more glitching.,1361,others,7,"01:18:57,442","01:18:58,985"
Wreck,Ralph,"Okay, kid. Let's finish this thing",1362,others,7,"01:19:01,112","01:19:02,155"
Wreck,Ralph,That Cy-Bug you brought with you multiplied.,1369,neutral,4,"01:19:13,291","01:19:16,002"
Wreck,Ralph,"Bring it home, kid! The finish line is wide open!",1403,surprise,6,"01:21:56,246","01:21:59,416"
Wreck,Ralph,"Oh, my land.",1407,fear,2,"01:22:24,941","01:22:26,276"
Wreck,Ralph,"Ralph, it's not going to work!",1412,others,7,"01:22:37,871","01:22:39,372"
Wreck,Ralph,It's game over for both of you.,1454,angry,0,"01:25:12,358","01:25:14,777"
Wreck,Ralph,Ralph! Vanellope!,1456,fear,2,"01:25:20,867","01:25:21,993"
Wreck,Ralph,"I'm bad, and that's good.",1457,fear,2,"01:25:27,790","01:25:30,752"
Wreck,Ralph,"I'm trying, but it won't stop.",1496,neutral,4,"01:29:01,254","01:29:03,089"
Wreck,Ralph,You could be happy.,1521,happy,3,"01:30:09,322","01:30:11,198"
Wreck,Ralph,I'm already happy.,1522,happy,3,"01:30:11,991","01:30:14,368"
Wreck,Ralph,"And besides, I've got a job to do, too.",1524,neutral,4,"01:30:17,330","01:30:19,498"
Wreck,Ralph,It may not be as fancy as being president,1525,neutral,4,"01:30:19,999","01:30:23,336"
Wreck,Ralph,but it's my duty.,1526,happy,3,"01:30:23,377","01:30:24,712"
Wreck,Ralph,"Ralph, are you coming, brother?",1528,happy,3,"01:30:28,507","01:30:29,634"
Wreck,Ralph,"Au revoir, Admiral Underpants.",1530,happy,3,"01:30:34,013","01:30:36,974"
Wreck,Ralph,"Goodbye, Major Body Odor!",1532,happy,3,"01:30:40,519","01:30:42,772"
Wreck,Ralph,"So, I'm happy to report, and you'll be happy to hear,",1539,happy,3,"01:31:11,008","01:31:15,262"
Wreck,Sergeant,"Fear is a four-letter word, ladies.",0330,angry,0,"00:18:01,832","00:18:04,293"
Wreck,Sergeant,"If you want to go pee-pee in your big-boy slacks,",0331,angry,0,"00:18:04,418","00:18:06,920"
Wreck,Sergeant,keep it to yourself.,0332,angry,0,"00:18:07,004","00:18:08,297"
Wreck,Sergeant,"Whoa! Oh, yeah, me. I'm Markowski. Ah!",0373,angry,0,"00:20:22,347","00:20:25,934"
Wreck,Sergeant,"No cuts, no butts, no coconuts?",0375,angry,0,"00:20:28,353","00:20:30,605"
Wreck,Sergeant,Never interfere with the first-person shooter.,0376,angry,0,"00:20:31,231","00:20:34,735"
Wreck,Sergeant,Our job is to get the gamers to the top of that building,0377,angry,0,"00:20:34,985","00:20:37,654"
Wreck,Sergeant,"so they can get a medal, and that's it!",0378,angry,0,"00:20:37,738","00:20:40,323"
Wreck,Sergeant,Quarter alert! Quarter alert!,0381,angry,0,"00:20:43,618","00:20:45,245"
Wreck,Sergeant,Did you get a load of Markowski?,0429,others,7,"00:24:02,484","00:24:03,902"
Wreck,Sergeant,Shut your chew holes.,0430,others,7,"00:24:03,985","00:24:05,987"
Wreck,Sergeant,Taste it!,0432,others,7,"00:24:17,832","00:24:19,250"
Wreck,Sergeant,It's amazing!,0438,neutral,4,"00:24:41,022","00:24:43,233"
Wreck,Sergeant,"Flattery don't charge these batteries, civilian.",0439,neutral,4,"00:24:43,483","00:24:46,820"
Wreck,Sergeant,"I'm looking for my colleague, Wreck-it Ralph?",0441,neutral,4,"00:24:48,655","00:24:51,241"
Wreck,Sergeant,"Well, Q*bert saw him come in here.",0443,angry,0,"00:24:53,159","00:24:55,412"
Wreck,Sergeant,like a crazy person.,0545,neutral,4,"00:31:18,252","00:31:19,962"
Wreck,Sergeant,Sugar Rush.,0546,neutral,4,"00:31:20,004","00:31:21,672"
Wreck,Sergeant,Cy-Bugs would chew up that game,0547,neutral,4,"00:31:22,048","00:31:23,758"
Wreck,Sergeant,"What was that, now? What are you, thick?",0549,neutral,4,"00:31:27,637","00:31:29,764"
Wreck,Sergeant,There was a Cy-Bug on that shuttle!,0550,others,7,"00:31:30,014","00:31:31,974"
Wreck,Sergeant,"I can't say that I do, ma'am.",0552,neutral,4,"00:31:35,645","00:31:37,063"
Wreck,Sergeant,Cy-Bugs are like a virus.,0553,neutral,4,"00:31:37,355","00:31:39,148"
Wreck,Sergeant,They don't know they're in a game.,0554,others,7,"00:31:39,232","00:31:40,733"
Wreck,Sergeant,"All they know is eat, kill, multiply.",0555,others,7,"00:31:40,817","00:31:43,820"
Wreck,Sergeant,"Without a beacon to stop them,",0556,others,7,"00:31:43,945","00:31:45,655"
Wreck,Sergeant,they'll consume Sugar Rush.,0557,neutral,4,"00:31:45,738","00:31:47,657"
Wreck,Sergeant,Yes! Wrong!,0559,angry,0,"00:31:49,367","00:31:50,576"
Wreck,Sergeant,Viruses do not stop!,0560,neutral,4,"00:31:50,910","00:31:53,538"
Wreck,Sergeant,is nothing but a smoking husk of forgotten dreams.,0563,others,7,"00:31:59,502","00:32:04,340"
Wreck,Sergeant,"Wait, ma'am! I'm going with you.",0570,neutral,4,"00:32:38,791","00:32:41,502"
Wreck,Sergeant,"Like fun you are, short stack.",0571,neutral,4,"00:32:41,586","00:32:43,504"
Wreck,Sergeant,Is he in there?,0789,neutral,4,"00:44:58,947","00:45:00,073"
Wreck,Sergeant,Nope. Lucky for him.,0790,neutral,4,"00:45:00,616","00:45:03,118"
Wreck,Sergeant,"No Cy-Bug, either.",0792,neutral,4,"00:45:06,955","00:45:08,457"
Wreck,Sergeant,So what is it with this Wreck-It joker?,0798,neutral,4,"00:45:19,801","00:45:22,095"
Wreck,Sergeant,Huh?,0828,others,7,"00:46:35,752","00:46:37,087"
Wreck,Sergeant,We're going to drown here.,0834,fear,2,"00:46:57,232","00:46:58,400"
Wreck,Sergeant,That's not funny enough. Harder!,0842,neutral,4,"00:47:18,587","00:47:21,089"
Wreck,Sergeant,It's working! Hit me again.,0847,surprise,6,"00:47:31,350","00:47:32,934"
Wreck,Sergeant,Comedy gold!,0854,neutral,4,"00:47:53,246","00:47:54,456"
Wreck,Sergeant,"All right, enough with the goo-goo eyes.",0855,neutral,4,"00:48:20,273","00:48:22,317"
Wreck,Sergeant,We've got work to do. Let's go.,0856,neutral,4,"00:48:22,442","00:48:24,069"
Wreck,Sergeant,Ugh. We lost the Cy-Bug.,0857,neutral,4,"00:48:26,738","00:48:28,490"
Wreck,Sergeant,You're in charge of the castle until I get back.,1073,neutral,4,"01:00:32,505","01:00:34,841"
Wreck,Sergeant,Your face is still red.,1074,neutral,4,"01:00:46,686","01:00:47,854"
Wreck,Sergeant,Dynamite...,1085,angry,0,"01:01:15,464","01:01:16,757"
Wreck,Sergeant,All I said is you're a dynamite gal.,1087,angry,0,"01:01:23,598","01:01:25,474"
Wreck,Sergeant,Ow!,1364,angry,0,"01:19:04,366","01:19:05,408"
Wreck,Sergeant,"Hope you're happy, junkpile.",1365,angry,0,"01:19:05,492","01:19:06,993"
Wreck,Sergeant,"Can it, Fix-It!",1368,angry,0,"01:19:11,957","01:19:13,208"
Wreck,Sergeant,That Cy-Bug you brought with you multiplied.,1369,angry,0,"01:19:13,291","01:19:16,002"
Wreck,Sergeant,"What? No, please!",1491,happy,3,"01:28:48,950","01:28:51,327"
Wreck,Taffyta,Check her out.,0712,others,7,"00:41:07,216","00:41:08,342"
Wreck,Taffyta,"Oh, Vanellope, it's so... You.",0713,others,7,"00:41:12,930","00:41:17,059"
Wreck,Taffyta,"So, yeah, I'm definitely racing.",0717,others,7,"00:41:25,859","00:41:27,945"
Wreck,Taffyta,"I'm not a glitch, Taffyta. I've just got pixslexia, okay?",0719,others,7,"00:41:31,073","00:41:34,535"
Wreck,Taffyta,"The rules are there for a reason, Vanellope.",0720,others,7,"00:41:34,702","00:41:36,578"
Wreck,Taffyta,To protect us. Say I'm you.,0721,neutral,4,"00:41:36,745","00:41:39,540"
Wreck,Taffyta,I'm in my weird little car and I'm driving,0722,neutral,4,"00:41:39,707","00:41:42,376"
Wreck,Taffyta,and I actually feel kind of cool for once.,0723,neutral,4,"00:41:42,459","00:41:45,045"
Wreck,Taffyta,"And then, all of a sudden, oh, no.",0724,others,7,"00:41:45,212","00:41:47,131"
Wreck,Taffyta,Hey! See?,0726,others,7,"00:41:49,842","00:41:51,176"
Wreck,Taffyta,I just want to race like you guys.,0732,angry,0,"00:42:04,481","00:42:06,567"
Wreck,Taffyta,"Oh, that's right!",1483,others,7,"01:28:29,430","01:28:30,723"
Wreck,Taffyta,"I'm just kidding. Stop crying, Taffyta.",1495,sad,5,"01:28:57,500","01:29:01,087"
FrozenII,Anna,I love you.,1239,sad,5,"01:12:53,536","01:12:55,322"
FrozenII,Anna,"With you? No, with you.",0299,neutral,4,"00:15:07,949","00:15:09,780"
FrozenII,Anna,They're both asleep.,0460,others,7,"00:24:31,929","00:24:33,590"
FrozenII,Anna,You are the fifth spirit.,1344,happy,3,"01:25:28,206","01:25:30,788"
FrozenII,Anna,Okay? Wait.,1229,sad,5,"01:12:17,750","01:12:19,240"
FrozenII,Anna,it's hurting the forest.,1185,neutral,4,"01:10:07,286","01:10:09,117"
FrozenII,Anna,meelis the sea,0320,neutral,4,"00:16:03,504","00:16:05,745"
FrozenII,Anna,it pulls me down,1253,sad,5,"01:14:49,402","01:14:51,734"
FrozenII,Anna,But this isn't the Southern sea.,0941,others,7,"00:52:58,717","00:53:01,299"
FrozenII,Anna,You do that when something's wrong.,0301,neutral,4,"00:15:11,828","00:15:13,819"
FrozenII,Anna,Our parents' ship went down in the Southern sea...,0692,sad,5,"00:36:48,498","00:36:51,456"
FrozenII,Anna,I didn't want to worry you.,0382,others,7,"00:21:30,039","00:21:31,199"
FrozenII,Anna,"Well, I am angry, olaf!",1036,angry,0,"00:57:50,258","00:57:52,795"
FrozenII,Anna,"Olaf, help me stop.",1029,others,7,"00:57:34,034","00:57:35,399"
FrozenII,Anna,Come in.,0297,happy,3,"00:15:03,444","00:15:04,559"
FrozenII,Anna,holding on tight to you Holding on tight to you,0221,happy,3,"00:12:24,702","00:12:28,991"
FrozenII,Anna,about my childhood and stuff.,0280,neutral,4,"00:14:21,569","00:14:22,934"
FrozenII,Anna,They're huge.,1054,neutral,4,"00:58:48,442","00:58:50,478"
FrozenII,Anna,"And when you're new, you're bound to get it wrong.",0476,neutral,4,"00:25:08,298","00:25:12,667"
FrozenII,Anna,Elsal,0982,others,7,"00:55:20,400","00:55:21,890"
FrozenII,Anna,"cuddle close, scooch in. Mm-hmm.",0318,neutral,4,"00:15:54,662","00:15:57,404"
FrozenII,Anna,Wait. Wait. Look around.,0952,neutral,4,"00:53:42,511","00:53:44,547"
FrozenII,Anna,They were looking for answers about me.,0985,others,7,"00:55:34,081","00:55:36,447"
FrozenII,Anna,"Wait, what? Crazy?",0468,others,7,"00:24:52,574","00:24:54,235"
FrozenII,Anna,Let me just...,0848,others,7,"00:46:59,358","00:47:00,643"
FrozenII,Anna,to want to marry a man you just met?,0467,others,7,"00:24:50,823","00:24:52,529"
FrozenII,Anna,"Elsa pushed me away, too, and didn't even say goodbye.",1042,neutral,4,"00:58:05,273","00:58:09,357"
FrozenII,Anna,Stop. No.,0988,others,7,"00:55:42,130","00:55:43,870"
FrozenII,Anna,Ahtohallan.,0971,neutral,4,"00:54:39,151","00:54:40,436"
FrozenII,Anna,"Yelena asked, why would the spirits",0989,others,7,"00:55:44,007","00:55:46,623"
FrozenII,Anna,step again,1268,sad,5,"01:16:03,559","01:16:05,140"
FrozenII,Anna,So I don't have to worry about important things.,0158,happy,3,"00:08:58,455","00:09:01,117"
FrozenII,Anna,"Um, worried? Panicking? Disturbed?",0264,others,7,"00:13:52,665","00:13:55,202"
FrozenII,Anna,"The river found, but lost.",0963,neutral,4,"00:54:16,670","00:54:18,706"
FrozenII,Anna,My sister gave her life for the truth.,1312,others,7,"01:19:46,448","01:19:48,814"
FrozenII,Anna,stumbling blindly toward the light,1277,neutral,4,"01:16:43,015","01:16:47,554"
FrozenII,Anna,to hear that voice,1284,neutral,4,"01:17:10,626","01:17:13,208"
FrozenII,Anna,but you must go on,1258,sad,5,"01:15:09,380","01:15:13,043"
FrozenII,Anna,life will throw you onto a new path.,0803,neutral,4,"00:44:19,949","00:44:22,782"
FrozenII,Anna,arendelle stands for.,1195,neutral,4,"01:10:38,109","01:10:39,474"
FrozenII,Anna,Of course I saw it.,0631,neutral,4,"00:34:50,505","00:34:52,086"
FrozenII,Anna,It's a magical river,0972,neutral,4,"00:54:40,569","00:54:42,434"
FrozenII,Anna,We did this together.,1348,happy,3,"01:25:38,634","01:25:40,545"
FrozenII,Anna,You in a better mood now?,0612,surprise,6,"00:33:36,723","00:33:38,714"
FrozenII,Anna,A bridge between the magic of nature and us.,1001,neutral,4,"00:56:23,088","00:56:26,125"
FrozenII,Anna,to do the next right thing,1270,sad,5,"01:16:10,816","01:16:16,152"
FrozenII,Anna,I like warm hugs.,1238,sad,5,"01:12:41,607","01:12:44,644"
FrozenII,Anna,And you lower yours.,0622,neutral,4,"00:34:25,564","00:34:27,976"
FrozenII,Anna,Please make sure they stay,0434,happy,3,"00:23:33,329","00:23:34,369"
FrozenII,Anna,Take it one step at atime and...,0806,neutral,4,"00:44:26,789","00:44:29,826"
FrozenII,Anna,There's gotta be something here.,0951,neutral,4,"00:53:40,426","00:53:42,382"
FrozenII,Anna,I knew I could count on you.,1210,neutral,4,"01:11:24,322","01:11:26,187"
FrozenII,Anna,I... I don't wanna stop you,1016,others,7,"00:56:58,040","00:57:00,122"
FrozenII,Anna,and saved you from my ex-boyfriend...,0428,neutral,4,"00:23:24,069","00:23:25,255"
FrozenII,Anna,How do you know that?,1311,sad,5,"01:19:44,989","01:19:46,320"
FrozenII,Anna,get her out of here.,0720,others,7,"00:38:35,104","00:38:36,184"
FrozenII,Anna,For what?,0995,neutral,4,"00:56:00,691","00:56:01,771"
FrozenII,Anna,That's not what I mean.,0159,happy,3,"00:09:01,666","00:09:03,372"
FrozenII,Anna,How is it here?,0944,neutral,4,"00:53:19,405","00:53:21,066"
FrozenII,Anna,Angry magical spirits are not for the faint of heart.,0405,others,7,"00:22:27,263","00:22:30,721"
FrozenII,Anna,from being whatever you need to be.,1017,others,7,"00:57:00,167","00:57:01,953"
FrozenII,Anna,What if I can settle them like I did the wind and fire?,0835,others,7,"00:46:31,956","00:46:34,242"
FrozenII,Anna,Huh? And I see a way out.,1209,neutral,4,"01:11:19,525","01:11:22,733"
FrozenII,Anna,"Remember, the goal is to find the voice...",0838,neutral,4,"00:46:38,296","00:46:41,754"
FrozenII,Anna,Did you find the fifth spirit?,1343,happy,3,"01:25:24,202","01:25:26,067"
FrozenII,Anna,whispers in my mind,1255,sad,5,"01:14:58,995","01:15:01,452"
FrozenII,Anna,you are lost,1256,sad,5,"01:15:04,166","01:15:06,077"
FrozenII,Anna,"Excuse me, I climbed the north mountain...",0426,neutral,4,"00:23:21,358","00:23:22,961"
FrozenII,Anna,The dark sea is too dangerous for us both.,1008,others,7,"00:56:40,898","00:56:43,105"
FrozenII,Anna,what comes then?,1280,neutral,4,"01:16:55,861","01:16:57,852"
FrozenII,Anna,Do you want to build a showman?,1356,others,7,"01:26:05,744","01:26:07,905"
FrozenII,Anna,She may have gone too far.,1224,sad,5,"01:12:04,821","01:12:07,028"
FrozenII,Anna,are you okay?,1205,sad,5,"01:11:09,891","01:11:11,472"
FrozenII,Anna,"Wait, what?",0525,neutral,4,"00:28:26,580","00:28:27,615"
FrozenII,Anna,They left? Mm-hmm.,0852,neutral,4,"00:47:09,452","00:47:10,783"
FrozenII,Anna,"this is cold, this is empty this is numb",1244,sad,5,"01:14:17,286","01:14:22,030"
FrozenII,Anna,You can't just follow me into fire.,0734,angry,0,"00:40:33,056","00:40:34,921"
FrozenII,Anna,"Okay, that's definitely not",0386,neutral,4,"00:21:42,218","00:21:43,424"
FrozenII,Anna,will never be the same again?,1282,others,7,"01:17:00,741","01:17:04,780"
FrozenII,Anna,"Invading my dance space, Yelena?",0625,neutral,4,"00:34:32,195","00:34:34,481"
FrozenII,Anna,but not like this,1243,sad,5,"01:14:14,450","01:14:16,156"
FrozenII,Anna,it's you.,0998,neutral,4,"00:56:07,573","00:56:08,858"
FrozenII,Anna,But I believe whoever is calling me is good.,0394,others,7,"00:21:57,399","00:22:00,061"
FrozenII,Anna,"Let me help you, please.",1021,others,7,"00:57:10,177","00:57:12,418"
FrozenII,Anna,Or what if they can crush you,0836,others,7,"00:46:34,292","00:46:35,953"
FrozenII,Anna,and with the dawn,1279,neutral,4,"01:16:53,359","01:16:55,725"
FrozenII,Anna,Wake up!,1287,others,7,"01:17:38,070","01:17:39,606"
FrozenII,Anna,I see no future.,0414,sad,5,"00:22:56,166","00:22:58,157"
FrozenII,Anna,The magic in me is fading.,1220,surprise,6,"01:11:53,017","01:11:56,134"
FrozenII,Anna,"But look, this is mother's handwriting.",0961,neutral,4,"00:54:12,499","00:54:14,911"
FrozenII,Anna,The dam must fall.,1306,neutral,4,"01:19:31,267","01:19:32,632"
FrozenII,Anna,when it's not you I'm rising for?,1265,neutral,4,"01:15:51,839","01:15:56,333"
FrozenII,Anna,I'm so sorry if we did.,0303,neutral,4,"00:15:15,873","00:15:17,238"
FrozenII,Anna,What is it?,1187,neutral,4,"01:10:15,712","01:10:17,077"
FrozenII,Anna,Every arendellian ship has a compartment.,0953,neutral,4,"00:53:45,180","00:53:47,796"
FrozenII,Anna,I woke the magical spirits at the enchanted forest.,0385,others,7,"00:21:38,923","00:21:41,710"
FrozenII,Anna,"Oh, I can't stay mad at you. Why are you so cute?",0833,others,7,"00:45:59,257","00:46:02,545"
FrozenII,Anna,Kristoff.,1393,happy,3,"01:28:39,815","01:28:41,021"
FrozenII,Anna,"Hang on, olaf. Huh?",1055,others,7,"00:59:06,543","00:59:08,158"
FrozenII,Anna,Who wields no weapon.,1191,neutral,4,"01:10:25,805","01:10:28,342"
FrozenII,Anna,"If anyone can save arendelle and free this forest,",0997,neutral,4,"00:56:04,403","00:56:07,520"
FrozenII,Anna,You did what was right. For everyone.,1342,neutral,4,"01:25:21,116","01:25:24,074"
FrozenII,Anna,Everything?,0512,neutral,4,"00:27:57,676","00:27:59,132"
FrozenII,Anna,Anna.,1332,sad,5,"01:24:55,716","01:24:57,422"
FrozenII,Anna,She saved her enemy.,0992,others,7,"00:55:52,641","00:55:54,802"
FrozenII,Anna,Unless nobody was on it.,0950,neutral,4,"00:53:36,422","00:53:39,209"
FrozenII,Anna,What do I do now?,1241,sad,5,"01:14:05,608","01:14:07,849"
FrozenII,Anna,Water has memory.,0975,others,7,"00:54:48,827","00:54:50,488"
FrozenII,Anna,Ahtohallan.,0968,others,7,"00:54:34,229","00:54:36,094"
FrozenII,Anna,"Oh, they look like moments in time.",0593,neutral,4,"00:32:51,636","00:32:54,844"
FrozenII,Anna,Controlling what you can when things feel out of control.,0378,others,7,"00:21:21,405","00:21:24,647"
FrozenII,Anna,Oh.,1373,happy,3,"01:27:11,518","01:27:13,179"
FrozenII,Anna,Octa-who-what?,0970,neutral,4,"00:54:37,858","00:54:39,018"
FrozenII,Anna,I've seen dark before,1242,sad,5,"01:14:11,822","01:14:14,313"
FrozenII,Anna,what I thought you were gonna say.,0387,surprise,6,"00:21:43,469","00:21:44,879"
FrozenII,Anna,but a tiny voice,1254,sad,5,"01:14:56,117","01:14:58,073"
FrozenII,Anna,everything's done nothing but change.,1046,neutral,4,"00:58:17,411","00:58:20,403"
FrozenII,Anna,If anyone can resolve the past...,0996,neutral,4,"00:56:02,025","00:56:04,266"
FrozenII,Anna,Just in case we don't make it out of here...,0524,surprise,6,"00:28:25,329","00:28:26,556"
FrozenII,Anna,no! No!,1028,others,7,"00:57:32,449","00:57:33,689"
FrozenII,Anna,Magic's source. Elsa's source?,0964,neutral,4,"00:54:18,839","00:54:22,502"
FrozenII,Anna,take a step,1267,sad,5,"01:16:01,390","01:16:03,130"
FrozenII,Anna,"Your highness, what are you doing?",1305,neutral,4,"01:19:28,806","01:19:31,138"
FrozenII,Anna,But I'm sensing some rising anger.,1035,angry,0,"00:57:47,839","00:57:50,205"
FrozenII,Anna,But we've sworn to protect arendelle at all costs.,1308,neutral,4,"01:19:35,521","01:19:38,103"
FrozenII,Anna,Wake up!,1288,others,7,"01:17:42,992","01:17:45,278"
FrozenII,Anna,and do,1285,neutral,4,"01:17:14,088","01:17:16,704"
FrozenII,Anna,Wait. The enchanted forest?,0388,neutral,4,"00:21:45,012","00:21:47,594"
FrozenII,Anna,Nothing is permanent?,0154,neutral,4,"00:08:50,655","00:08:52,236"
FrozenII,Anna,Hang on!,1320,sad,5,"01:20:55,225","01:20:56,510"
FrozenII,Anna,Love.,1236,sad,5,"01:12:33,933","01:12:35,514"
FrozenII,Anna,I'm sorry I left you behind.,1321,sad,5,"01:23:15,991","01:23:18,198"
FrozenII,Anna,before you even get the chance?,0837,others,7,"00:46:36,002","00:46:37,958"
FrozenII,Anna,as both our savior and our doom?,0597,others,7,"00:33:01,104","00:33:02,560"
FrozenII,Anna,"Anna, I need to ask you a question.",1354,others,7,"01:26:00,405","01:26:03,818"
FrozenII,Anna,Okay. We're going.,0847,neutral,4,"00:46:57,940","00:46:59,225"
FrozenII,Anna,Olaf? Elsa?,1240,sad,5,"01:14:01,437","01:14:03,974"
FrozenII,Anna,"Come on, come here. “What?",0316,neutral,4,"00:15:52,076","00:15:53,282"
FrozenII,Anna,Did we hurt your feelings?,0302,neutral,4,"00:15:13,871","00:15:15,736"
FrozenII,Anna,Can there be a day beyond this night?,1260,sad,5,"01:15:26,897","01:15:30,560"
FrozenII,Anna,then don't run into fire.,0736,others,7,"00:40:37,435","00:40:40,051"
FrozenII,Anna,"Okay, I don't understand.",0379,others,7,"00:21:25,201","00:21:26,361"
FrozenII,Anna,Why do you say that so sadly?,1199,neutral,4,"01:10:51,289","01:10:53,371"
FrozenII,Anna,hope is gone,1257,sad,5,"01:15:06,711","01:15:08,542"
FrozenII,Anna,Because our mother saved our father.,0991,others,7,"00:55:49,304","00:55:52,512"
FrozenII,Anna,Where the northwind,0319,neutral,4,"00:16:01,127","00:16:03,368"
FrozenII,Anna,That's why everyone was forced out.,1202,neutral,4,"01:10:58,755","01:11:01,497"
FrozenII,Anna,"It does, doesn't it?",1196,neutral,4,"01:10:40,153","01:10:41,563"
FrozenII,Anna,Why are they still angry?,0406,others,7,"00:22:30,850","00:22:32,761"
FrozenII,Anna,and do the next right thing,1259,sad,5,"01:15:15,011","01:15:18,879"
FrozenII,Anna,Where are we?,1059,neutral,4,"00:59:32,944","00:59:34,480"
FrozenII,Anna,"You don't want me to follow you into fire,",0735,angry,0,"00:40:35,183","00:40:37,390"
FrozenII,Anna,The dam wasn't a gift of peace.,1192,neutral,4,"01:10:31,102","01:10:33,559"
FrozenII,Anna,that this is what I was born to do.,1014,others,7,"00:56:53,285","00:56:54,821"
FrozenII,Anna,I will look after your people.,0433,others,7,"00:23:31,243","00:23:33,199"
FrozenII,Anna,and do the next right thing,1278,neutral,4,"01:16:48,020","01:16:52,263"
FrozenII,Anna,You're wearing mother's scarf.,0300,neutral,4,"00:15:09,826","00:15:11,691"
FrozenII,Anna,it would wash away everything on this fjord.,0511,neutral,4,"00:27:55,215","00:27:57,547"
FrozenII,Anna,I'm sorry. Are you okay?,0738,others,7,"00:40:45,276","00:40:47,813"
FrozenII,Anna,I'm honeymaren.,0766,neutral,4,"00:43:08,127","00:43:09,207"
FrozenII,Anna,I don't worry because...,0160,happy,3,"00:09:03,501","00:09:05,412"
FrozenII,Anna,it is all that I can,1269,sad,5,"01:16:05,853","01:16:10,688"
FrozenII,Anna,We're going now.,0846,neutral,4,"00:46:56,689","00:46:57,804"
FrozenII,Anna,I can't find my direction I'm all alone,1262,sad,5,"01:15:36,407","01:15:40,696"
FrozenII,Anna,this next step,1274,neutral,4,"01:16:29,919","01:16:31,910"
FrozenII,Anna,Don't do this alone.,1020,others,7,"00:57:08,842","00:57:10,127"
FrozenII,Anna,Aw.,1375,happy,3,"01:27:24,072","01:27:25,687"
FrozenII,Anna,And I don't wanna stop you from that.,1015,others,7,"00:56:54,953","00:56:57,990"
FrozenII,Anna,But arendelle will be flooded.,1201,neutral,4,"01:10:56,085","01:10:57,791"
FrozenII,Anna,I have my powers to protect me. You don't.,0425,others,7,"00:23:18,731","00:23:21,222"
FrozenII,Anna,but you've gone fo a place I cannot find,1251,sad,5,"01:14:39,934","01:14:44,143"
FrozenII,Anna,I know.,1047,happy,3,"00:58:20,789","00:58:22,029"
FrozenII,Anna,No. No! We do this together.,1009,others,7,"00:56:43,233","00:56:45,940"
FrozenII,Anna,"Oh, wow. Why didn't that make me feel better?",0794,neutral,4,"00:43:58,261","00:44:01,298"
FrozenII,Anna,What did happen to your parents?,0691,sad,5,"00:36:46,621","00:36:48,452"
FrozenII,Anna,Then I'll make the choice,1283,others,7,"01:17:07,414","01:17:09,575"
FrozenII,Anna,That'll work.,1294,others,7,"01:18:29,622","01:18:30,657"
FrozenII,Anna,"Come on, olaf, Elsa's probably on her way back right now.",1211,neutral,4,"01:11:30,828","01:11:34,161"
FrozenII,Anna,reward arendelle with a magical queen?,0990,others,7,"00:55:46,677","00:55:49,168"
FrozenII,Anna,It was our mother's.,0745,happy,3,"00:41:05,338","00:41:06,999"
FrozenII,Anna,I'm lost in the woods,0933,happy,3,"00:51:59,241","00:52:04,452"
FrozenII,Anna,"Survived a frozen heart,",0427,neutral,4,"00:23:22,985","00:23:24,020"
FrozenII,Anna,I don't know anymore what is true,1261,sad,5,"01:15:31,485","01:15:35,273"
FrozenII,Anna,"Okay, keep going north.",0729,happy,3,"00:40:22,420","00:40:24,661"
FrozenII,Anna,I don't think Elsa's okay.,1222,sad,5,"01:11:59,398","01:12:01,354"
FrozenII,Anna,"Library, second portrait on the left.",0688,happy,3,"00:36:40,156","00:36:41,817"
FrozenII,Anna,Come on. Mmm.,1024,surprise,6,"00:57:21,730","00:57:23,721"
FrozenII,Anna,What were they doing in the dark sea?,0946,neutral,4,"00:53:25,160","00:53:27,401"
FrozenII,Anna,And restore arendelle.,0754,neutral,4,"00:42:42,643","00:42:44,053"
FrozenII,Anna,That's it. Lieutenant mattias!,0687,neutral,4,"00:36:37,946","00:36:40,028"
FrozenII,Olaf,Or is this putting us in mortal danger situation,1365,neutral,4,"01:26:51,957","01:26:54,494"
FrozenII,Olaf,"Wow, I can't wait until I'm ancient like you...",0157,happy,3,"00:08:55,660","00:08:58,322"
FrozenII,Olaf,"But since then,",1045,sad,5,"00:58:15,951","00:58:17,361"
FrozenII,Olaf,It began with two sisters.,0640,neutral,4,"00:35:09,858","00:35:12,099"
FrozenII,Olaf,Okay.,0235,neutral,4,"00:13:00,530","00:13:01,565"
FrozenII,Olaf,Really?,0156,neutral,4,"00:08:54,325","00:08:55,485"
FrozenII,Olaf,I've got you. Oh.,1231,others,7,"01:12:21,045","01:12:23,252"
FrozenII,Olaf,I got this.,0635,happy,3,"00:34:57,887","00:34:58,922"
FrozenII,Olaf,"Their love of snowmen, infinite.",0643,fear,2,"00:35:15,572","00:35:17,358"
FrozenII,Olaf,Mama! Papa! Help!,0646,fear,2,"00:35:20,368","00:35:21,904"
FrozenII,Olaf,But that goes against everything,1194,others,7,"01:10:36,441","01:10:38,056"
FrozenII,Olaf,"Tell me, you're older and thus all-knowing...",0152,neutral,4,"00:08:46,526","00:08:48,391"
FrozenII,Olaf,Did 1?,0276,happy,3,"00:14:13,728","00:14:14,763"
FrozenII,Olaf,"Assuming we don't get stuck here forever,",1063,neutral,4,"00:59:49,002","00:59:50,742"
FrozenII,Olaf,"Like when you pretend to be kristoff, and you're like...",0278,neutral,4,"00:14:17,023","00:14:19,514"
FrozenII,Olaf,Warm hugs?,1237,others,7,"01:12:36,769","01:12:38,009"
FrozenII,Olaf,Anna?,1226,sad,5,"01:12:10,701","01:12:11,816"
FrozenII,Olaf,Did you know that an enchanted forest,0490,neutral,4,"00:26:41,975","00:26:44,136"
FrozenII,Olaf,"Come on, it'll be fun.",1062,neutral,4,"00:59:47,167","00:59:48,873"
FrozenII,Olaf,"Oh, you do the best voices!",0277,happy,3,"00:14:14,812","00:14:16,894"
FrozenII,Olaf,Hide.,0830,fear,2,"00:45:34,774","00:45:35,854"
FrozenII,Olaf,"Okay, olaf, you're up.",0234,happy,3,"00:12:59,279","00:13:00,439"
FrozenII,Olaf,What's that?,0150,neutral,4,"00:08:42,230","00:08:43,265"
FrozenII,Olaf,Then she unfreezes!,0668,neutral,4,"00:36:02,327","00:36:03,658"
FrozenII,Olaf,I'm sorry.,1227,sad,5,"01:12:12,328","01:12:14,364"
FrozenII,Olaf,The water that makes up you and me,0602,neutral,4,"00:33:09,821","00:33:11,527"
FrozenII,Olaf,is a place of transformation?,0491,happy,3,"00:26:44,186","00:26:45,801"
FrozenII,Olaf,How did the ship get through the mist?,0948,sad,5,"00:53:31,208","00:53:33,699"
FrozenII,Olaf,Oh. Ohl,1204,others,7,"01:11:04,927","01:11:06,758"
FrozenII,Olaf,She promised me we'd do this together!,1037,others,7,"00:57:52,844","00:57:55,506"
FrozenII,Olaf,How do you guys cope...,0769,neutral,4,"00:43:16,677","00:43:17,792"
FrozenII,Olaf,My theory about advancing technologies,0596,neutral,4,"00:32:59,102","00:33:01,058"
FrozenII,Olaf,Anna”?,0545,neutral,4,"00:29:10,249","00:29:11,364"
FrozenII,Olaf,We listen.,0706,fear,2,"00:37:29,247","00:37:30,327"
FrozenII,Olaf,Wait. No. That's...,1217,neutral,4,"01:11:44,884","01:11:45,999"
FrozenII,Olaf,I don't know.,0947,sad,5,"00:53:29,206","00:53:30,696"
FrozenII,Olaf,"But look, I'm still here holding your hand.",1048,happy,3,"00:58:22,624","00:58:26,082"
FrozenII,Olaf,Kristoff! And sven!,1361,happy,3,"01:26:41,655","01:26:43,816"
FrozenII,Olaf,With the ever-increasing complexity of thought,0770,neutral,4,"00:43:17,845","00:43:20,006"
FrozenII,Olaf,It's okay.,0489,neutral,4,"00:26:40,265","00:26:41,846"
FrozenII,Olaf,"But with a spooky, pitch-black way in.",1061,happy,3,"00:59:37,616","00:59:41,074"
FrozenII,Olaf,Elsa's found it.,1186,others,7,"01:10:14,001","01:10:15,582"
FrozenII,Olaf,Forgive me. Maturity is making me poetic.,0151,happy,3,"00:08:43,314","00:08:45,396"
FrozenII,Olaf,"and so I know this isn't bad, it's good",0563,fear,2,"00:30:26,491","00:30:29,278"
FrozenII,Olaf,Mm.,0551,neutral,4,"00:29:29,017","00:29:30,052"
FrozenII,Olaf,I'm flurrying?,1216,neutral,4,"01:11:42,799","01:11:44,585"
FrozenII,Olaf,That's good.,1232,others,7,"01:12:23,756","01:12:25,166"
FrozenII,Olaf,"Hang on, olaf. Huh?",1055,fear,2,"00:59:06,543","00:59:08,158"
FrozenII,Olaf,Bright side? Um...,1207,neutral,4,"01:11:14,520","01:11:16,181"
FrozenII,Olaf,Here's a true love's kiss.,0662,angry,0,"00:35:49,731","00:35:51,562"
FrozenII,Olaf,"Oh, they look like moments in time.",0593,neutral,4,"00:32:51,636","00:32:54,844"
FrozenII,Olaf,said to hold all the answers about the past.,0973,neutral,4,"00:54:42,488","00:54:44,979"
FrozenII,Olaf,"I could really use a bright side, olaf.",1206,neutral,4,"01:11:11,601","01:11:13,842"
FrozenII,Olaf,And we were forced out of our kingdom.,0670,neutral,4,"00:36:05,372","00:36:06,724"
FrozenII,Olaf,Greatest mistake of your life?,0229,happy,3,"00:12:51,813","00:12:52,873"
FrozenII,Olaf,Bet you're wondering who we are and why we're here.,0638,neutral,4,"00:35:05,979","00:35:07,979"
FrozenII,Olaf,What's that?,1235,others,7,"01:12:32,014","01:12:33,220"
FrozenII,Olaf,Sisters torn apart.,0648,happy,3,"00:35:24,205","00:35:26,161"
FrozenII,Olaf,What?,1221,sad,5,"01:11:56,187","01:11:57,222"
FrozenII,Olaf,To protect them from what has to be done.,1203,others,7,"01:11:01,632","01:11:04,590"
FrozenII,Olaf,"Enjoying your new permafrost, olaf?",0145,happy,3,"00:08:30,343","00:08:33,050"
FrozenII,Olaf,"Hey, let me ask you.",0768,neutral,4,"00:43:15,218","00:43:16,549"
FrozenII,Olaf,"I'm just living the dream, Anna.",0146,happy,3,"00:08:33,179","00:08:35,921"
FrozenII,Olaf,Only an act of true love can save you.,0661,neutral,4,"00:35:47,937","00:35:49,707"
FrozenII,Olaf,Samantha?,0548,sad,5,"00:29:15,212","00:29:16,873"
FrozenII,Olaf,It'll be okay. Evacuate to the cliffs.,0371,fear,2,"00:20:53,836","00:20:56,999"
FrozenII,Olaf,You all came back.,1362,happy,3,"01:26:44,116","01:26:46,983"
FrozenII,Olaf,this could last forever. Mmm.,0148,neutral,4,"00:08:37,058","00:08:38,594"
FrozenII,Olaf,Our future's in bright hands.,0775,neutral,4,"00:43:28,147","00:43:29,512"
FrozenII,Olaf,The thing... oh!,0595,neutral,4,"00:32:57,517","00:32:59,053"
FrozenII,Olaf,Yeah. Uh-huh.,1038,others,7,"00:57:55,555","00:57:56,590"
FrozenII,Olaf,One born with magical powers.,0641,neutral,4,"00:35:12,235","00:35:13,941"
FrozenII,Olaf,"Oh, yeah. I think they took off with that Ryder guy",0850,happy,3,"00:47:05,698","00:47:08,110"
FrozenII,Olaf,"Hey, olaf, um, maybe just one of you should do it?",0934,neutral,4,"00:52:28,270","00:52:31,603"
FrozenII,Olaf,"Oh, and then Elsa woke up the magical spirits...",0669,neutral,4,"00:36:03,703","00:36:05,348"
FrozenII,Olaf,You're not worth it.,0663,others,7,"00:35:52,317","00:35:53,557"
FrozenII,Olaf,Are you okay?,1215,happy,3,"01:11:41,339","01:11:42,579"
FrozenII,Olaf,"I mean, I presume we're done.",1364,neutral,4,"01:26:50,414","01:26:51,824"
FrozenII,Olaf,Oh! Yeah. Water has memory.,0601,neutral,4,"00:33:07,319","00:33:09,685"
FrozenII,Olaf,"Oh, I love happy endings.",1363,neutral,4,"01:26:47,035","01:26:49,993"
FrozenII,Olaf,"Wait, you're angry?",1040,neutral,4,"00:58:01,061","00:58:02,767"
FrozenII,Olaf,has passed through at least four humans...,0603,neutral,4,"00:33:11,573","00:33:13,564"
FrozenII,Olaf,these will seem like childish fears,0562,happy,3,"00:30:24,489","00:30:26,445"
FrozenII,Olaf,1 think.,1223,sad,5,"01:12:01,526","01:12:03,767"
FrozenII,Olaf,Olaf?,1213,happy,3,"01:11:37,710","01:11:38,745"
FrozenII,Olaf,And you said some things never change.,1044,sad,5,"00:58:13,448","00:58:15,814"
FrozenII,Olaf,I thought nobody could but us.,0949,sad,5,"00:53:33,836","00:53:35,701"
FrozenII,Small_Anna,Why did northuldra attack us anyway?,0100,others,7,"00:05:25,867","00:05:28,700"
FrozenII,Small_Anna,"Whoa, papa, that was epic.",0081,others,7,"00:04:43,408","00:04:46,775"
FrozenII,Small_Anna,Yes.,0092,others,7,"00:05:06,264","00:05:07,299"
FrozenII,Small_Anna,You know I don't have that kind of Patience.,0099,others,7,"00:05:21,905","00:05:24,738"
FrozenII,Small_Anna,It's time they know.,0028,others,7,"00:01:52,613","00:01:54,478"
FrozenII,Small_Anna,What are you playing?,0017,others,7,"00:01:29,798","00:01:30,833"
FrozenII,Small_Anna,I have. Once.,0023,others,7,"00:01:40,517","00:01:42,473"
FrozenII,Small_Anna,"Save them for another night, Anna.",0098,others,7,"00:05:20,028","00:05:21,859"
FrozenII,Small_Anna,Locking everyone out.,0079,others,7,"00:04:29,811","00:04:32,097"
FrozenII,Small_Anna,Who cares about danger,0007,others,7,"00:01:10,779","00:01:12,269"
FrozenII,Small_Anna,"Oh, no! The prince is trapped, too.",0006,others,7,"00:01:08,485","00:01:10,646"
FrozenII,Kristoff,Princess Anna of arendelle...,0867,happy,3,"00:47:47,198","00:47:49,314"
FrozenII,Kristoff,"Nothing's gonna happen to arendelle, Anna.",0514,neutral,4,"00:28:01,597","00:28:03,713"
FrozenII,Kristoff,I know. I know. It's okay.,1323,happy,3,"01:23:21,455","01:23:24,071"
FrozenII,Kristoff,I do.,0862,happy,3,"00:47:34,101","00:47:35,136"
FrozenII,Kristoff,about my childhood and stuff.,0280,neutral,4,"00:14:21,569","00:14:22,934"
FrozenII,Kristoff,lost in the woods I'm lost,0932,sad,5,"00:51:54,695","00:51:58,734"
FrozenII,Kristoff,I love you with all I am.,1371,happy,3,"01:27:07,055","01:27:09,888"
FrozenII,Kristoff,You look different.,1351,happy,3,"01:25:51,313","01:25:52,849"
FrozenII,Kristoff,You don't think we're gonna make it out of here?,0526,neutral,4,"00:28:27,664","00:28:29,058"
FrozenII,Kristoff,"Anna,",1369,happy,3,"01:27:01,591","01:27:02,626"
FrozenII,Kristoff,"You know, under different circumstances,",0517,happy,3,"00:28:11,940","00:28:15,273"
FrozenII,Kristoff,But arendelle's on this fjord.,0513,neutral,4,"00:27:59,178","00:28:01,009"
FrozenII,Kristoff,I was just so desperate to protect her.,1322,neutral,4,"01:23:18,744","01:23:21,326"
FrozenII,Kristoff,but is this what it feels like to be growing apart?,0899,neutral,4,"00:49:52,948","00:49:58,818"
FrozenII,Kristoff,Come here.,0516,neutral,4,"00:28:05,142","00:28:06,928"
FrozenII,Kristoff,Are you okay? I'm fine.,0591,neutral,4,"00:32:45,630","00:32:47,666"
FrozenII,Kristoff,"Uh, I could use a rehearsal.",0859,happy,3,"00:47:29,764","00:47:31,074"
FrozenII,Kristoff,"You mean, like with someone else?",0521,neutral,4,"00:28:20,824","00:28:22,051"
FrozenII,Kristoff,"You chose a nice, cold greeting.",0632,surprise,6,"00:34:52,716","00:34:54,456"
FrozenII,Kristoff,"So, what do you wanna do?",0461,happy,3,"00:24:33,931","00:24:36,798"
FrozenII,Kristoff,"and, of course, it's always fine",0897,sad,5,"00:49:42,438","00:49:45,680"
FrozenII,Kristoff,Elsa! You're okay!,1350,happy,3,"01:25:45,599","01:25:47,635"
FrozenII,Kristoff,but I'll wait,0924,neutral,4,"00:51:31,046","00:51:33,708"
FrozenII,Kristoff,No. Nol,0527,neutral,4,"00:28:29,082","00:28:30,117"
FrozenII,Kristoff,wondering if I should follow,0895,sad,5,"00:49:33,596","00:49:37,965"
FrozenII,Kristoff,off on a diffrent path than mine,0893,sad,5,"00:49:28,382","00:49:31,545"
FrozenII,Kristoff,What? No! No.,0522,neutral,4,"00:28:22,075","00:28:23,815"
FrozenII,Kristoff,She's saving him.,0615,others,7,"00:33:55,450","00:33:57,111"
FrozenII,Kristoff,we've never even seen a clear sky.,0759,neutral,4,"00:42:55,156","00:42:57,192"
FrozenII,Kristoff,But why?,0506,neutral,4,"00:27:46,373","00:27:47,738"
FrozenII,Kristoff,"Actually, there is one more thing.",1368,happy,3,"01:26:58,046","01:27:01,004"
FrozenII,Kristoff,No. We're done.,1367,happy,3,"01:26:56,169","01:26:57,909"
FrozenII,Kristoff,"so, you know, I'm coming.",0430,neutral,4,"00:23:26,697","00:23:28,174"
FrozenII,Kristoff,You don't know what I've stepped in.,0777,neutral,4,"00:43:31,067","00:43:32,807"
FrozenII,Kristoff,When I said you'd have to be crazy,0466,happy,3,"00:24:48,654","00:24:50,770"
FrozenII,Kristoff,I can't seem to get her attention.,0778,neutral,4,"00:43:32,944","00:43:34,684"
FrozenII,Kristoff,Hmm?,0422,others,7,"00:23:13,726","00:23:14,761"
FrozenII,Kristoff,and I don't know what path you are on,0908,sad,5,"00:50:25,523","00:50:30,142"
FrozenII,Kristoff,I love love.,0860,happy,3,"00:47:31,098","00:47:32,159"
FrozenII,Kristoff,I'm left behind,0894,sad,5,"00:49:31,677","00:49:33,463"
FrozenII,Kristoff,I know the woods.,0885,sad,5,"00:48:35,913","00:48:37,153"
FrozenII,Kristoff,"My feisty, fearless, ginger-sweet love.",0868,happy,3,"00:47:49,450","00:47:53,693"
FrozenII,Kristoff,we will die.,0537,neutral,4,"00:28:44,014","00:28:45,345"
FrozenII,Kristoff,You were... Huh?,0471,happy,3,"00:24:58,539","00:25:00,279"
FrozenII,Kristoff,Elsal,0716,others,7,"00:38:07,577","00:38:08,612"
FrozenII,Kristoff,you had to go,0896,sad,5,"00:49:38,476","00:49:40,717"
FrozenII,Kristoff,Remember our first trip like this...,0465,happy,3,"00:24:46,819","00:24:48,525"
FrozenII,Kristoff,I wouldn't try to follow. They're long gone.,0874,surprise,6,"00:48:04,006","00:48:07,123"
FrozenII,Kristoff,Yeah. Yeah. Yep.,0884,neutral,4,"00:48:34,453","00:48:35,863"
FrozenII,Kristoff,let down your guard,0891,sad,5,"00:49:06,861","00:49:11,104"
FrozenII,Kristoff,"Again, you're gone",0892,sad,5,"00:49:24,753","00:49:26,789"
FrozenII,Kristoff,I'm saying...,0523,neutral,4,"00:28:23,869","00:28:25,279"
FrozenII,Kristoff,What do you mean?,0508,neutral,4,"00:27:50,794","00:27:51,874"
FrozenII,Kristoff,Okay. Here she comes.,0866,happy,3,"00:47:43,652","00:47:45,813"
FrozenII,Kristoff,Kristoff!,1298,others,7,"01:18:57,983","01:18:59,018"
FrozenII,Kristoff,"Not naive. Just, uh, new to love. Like I was.",0475,neutral,4,"00:25:04,670","00:25:08,254"
FrozenII,Kristoff,Anna? Mm-hmm?,0464,happy,3,"00:24:45,651","00:24:46,795"
FrozenII,Kristoff,Who knows the ways of men?,0854,neutral,4,"00:47:13,372","00:47:15,454"
FrozenII,Kristoff,It was sven's idea.,1395,neutral,4,"01:28:44,736","01:28:46,442"
FrozenII,Kristoff,Not crazy.,0472,neutral,4,"00:25:00,332","00:25:01,447"
FrozenII,Kristoff,Yeah. And then you just say it.,0864,happy,3,"00:47:37,063","00:47:39,304"
FrozenII,Kristoff,You didn't say I was crazy. You think I'm crazy?,0469,happy,3,"00:24:54,368","00:24:56,780"
FrozenII,Kristoff,"Love you, too.",0295,surprise,6,"00:14:55,853","00:14:57,434"
FrozenII,Mom,Where the northwind,0115,neutral,4,"00:06:06,825","00:06:09,658"
FrozenII,Mom,meelis the sea,0116,neutral,4,"00:06:09,786","00:06:12,949"
FrozenII,Mom,Octa-who-what?,0104,neutral,4,"00:05:38,421","00:05:39,957"
FrozenII,Mom,My mother would sing a song,0106,neutral,4,"00:05:44,511","00:05:45,796"
FrozenII,Mom,Scooch in.,0114,neutral,4,"00:06:01,695","00:06:03,936"
FrozenII,Mom,Will you sing it for us? Please?,0111,happy,3,"00:05:54,855","00:05:56,891"
FrozenII,Mom,When I was little...,0105,neutral,4,"00:05:42,676","00:05:44,041"
FrozenII,Mom,Okay. Now. Tell us now.,0026,neutral,4,"00:01:48,734","00:01:50,395"
FrozenII,Mom,"And on that note,",0095,neutral,4,"00:05:13,480","00:05:14,811"
FrozenII,Mom,"sleep, my darling, safe and sound",0119,neutral,4,"00:06:19,421","00:06:24,211"
FrozenII,Mom,there's a river,0117,neutral,4,"00:06:13,290","00:06:16,077"
FrozenII,Mom,full of memory,0118,neutral,4,"00:06:16,209","00:06:19,167"
FrozenII,Elsa,I love you.,1417,happy,3,"01:30:16,411","01:30:17,867"
FrozenII,Elsa,Every inch of me is trembling,1079,neutral,4,"01:03:04,906","01:03:07,898"
FrozenII,Elsa,"Come, my darling, homeward bound",1127,neutral,4,"01:06:17,182","01:06:21,926"
FrozenII,Elsa,I'm dying to meet you,1092,neutral,4,"01:03:55,957","01:03:58,869"
FrozenII,Elsa,Of course.,0436,neutral,4,"00:23:35,998","00:23:37,488"
FrozenII,Elsa,A fifth spirit?,1002,neutral,4,"00:56:26,258","00:56:27,589"
FrozenII,Elsa,Charades Friday night. Don't be late.,1414,neutral,4,"01:30:09,029","01:30:11,736"
FrozenII,Elsa,"Hey, hey, hey, what are you doing?",0983,sad,5,"00:55:30,118","00:55:32,074"
FrozenII,Elsa,The spirits all agreed.,1339,neutral,4,"01:25:13,275","01:25:15,482"
FrozenII,Elsa,I thought I'd lost you.,1333,happy,3,"01:24:59,720","01:25:01,426"
FrozenII,Elsa,You're the bridge.,1345,neutral,4,"01:25:31,335","01:25:32,541"
FrozenII,Elsa,Why is their ship here?,0943,neutral,4,"00:53:16,568","00:53:18,308"
FrozenII,Elsa,Are you okay? What were you doing?,0732,others,7,"00:40:29,928","00:40:31,714"
FrozenII,Elsa,Show yourself!,1106,happy,3,"01:04:57,769","01:04:59,885"
FrozenII,Elsa,Who is it? What do we do?,0728,neutral,4,"00:40:11,576","00:40:14,283"
FrozenII,Elsa,Somebody's calling us.,0727,neutral,4,"00:40:09,490","00:40:11,355"
FrozenII,Elsa,That's just a fact.,0305,others,7,"00:15:19,752","00:15:20,787"
FrozenII,Elsa,Hmm. Should I know what that means?,0725,neutral,4,"00:40:02,108","00:40:04,474"
FrozenII,Elsa,are you here to distract me,0348,neutral,4,"00:18:30,985","00:18:33,351"
FrozenII,Elsa,Please tell me you were not about to follow them.,0834,neutral,4,"00:46:28,411","00:46:31,369"
FrozenII,Elsa,Not we.,1006,neutral,4,"00:56:37,185","00:56:38,470"
FrozenII,Elsa,"And you're right, Anna.",0844,neutral,4,"00:46:53,311","00:46:54,596"
FrozenII,Elsa,into the unknown?,0365,neutral,4,"00:19:53,818","00:19:59,063"
FrozenII,Elsa,We are the people of the sun.,0752,neutral,4,"00:42:33,843","00:42:36,835"
FrozenII,Elsa,And mother had two daughters.,1347,neutral,4,"01:25:35,505","01:25:38,167"
FrozenII,Elsa,I don't want to put anyone at risk again.,0843,neutral,4,"00:46:50,933","00:46:52,969"
FrozenII,Elsa,No! Elsa!,0721,neutral,4,"00:38:36,314","00:38:38,555"
FrozenII,Elsa,"Then, what is it?",0307,others,7,"00:15:23,172","00:15:24,662"
FrozenII,Elsa,I know it sounds crazy...,0393,neutral,4,"00:21:54,480","00:21:57,267"
FrozenII,Elsa,We've got to find the voice.,0845,neutral,4,"00:46:54,729","00:46:56,560"
FrozenII,Elsa,but not from the cold,1080,neutral,4,"01:03:08,034","01:03:12,573"
FrozenII,Elsa,Ahtohallan is frozen.,1076,happy,3,"01:02:47,639","01:02:49,880"
FrozenII,Elsa,come to me now,1114,neutral,4,"01:05:24,504","01:05:28,088"
FrozenII,Elsa,some terrible warning in them?,0825,happy,3,"00:45:22,220","00:45:23,756"
FrozenII,Elsa,they heard it call out the day the forest fell.,0817,neutral,4,"00:44:56,652","00:44:59,234"
FrozenII,Elsa,What?,1007,neutral,4,"00:56:39,271","00:56:40,761"
FrozenII,Elsa,I promise you I will free this forest...,0753,neutral,4,"00:42:39,182","00:42:42,515"
FrozenII,Elsa,I don't know.,0960,neutral,4,"00:54:11,039","00:54:12,449"
FrozenII,Elsa,They're ready.,0139,neutral,4,"00:07:54,849","00:07:55,964"
FrozenII,Elsa,but you don't have to hide,1090,neutral,4,"01:03:49,200","01:03:53,113"
FrozenII,Elsa,It makes them think they can defy the will of a king.,1161,neutral,4,"01:08:11,421","01:08:15,585"
FrozenII,Elsa,"You said you believed in me,",1013,neutral,4,"00:56:51,992","00:56:53,232"
FrozenII,Elsa,"Promise me, we do this together, okay?",0487,neutral,4,"00:26:26,794","00:26:29,501"
FrozenII,Elsa,"Hey, guys. That was close.",0840,neutral,4,"00:46:44,885","00:46:47,046"
FrozenII,Elsa,Are you really queen of arendelle?,0677,neutral,4,"00:36:20,136","00:36:21,842"
FrozenII,Elsa,is for me to go to the enchanted forest...,0419,neutral,4,"00:23:09,013","00:23:10,653"
FrozenII,Elsa,Okay.,1355,happy,3,"01:26:03,950","01:26:05,531"
FrozenII,Elsa,The name's Ryder. Kristoff.,0761,neutral,4,"00:42:58,576","00:43:00,362"
FrozenII,Elsa,They've been trapped in here this whole time?,0633,neutral,4,"00:34:54,509","00:34:56,269"
FrozenII,Elsa,"You hear it, too.",0726,neutral,4,"00:40:07,030","00:40:08,895"
FrozenII,Elsa,I know.,0841,neutral,4,"00:46:47,179","00:46:48,510"
FrozenII,Elsa,The next right thing,0418,neutral,4,"00:23:06,802","00:23:08,963"
FrozenII,Elsa,The giants sensed me. They may come back here.,0842,neutral,4,"00:46:48,556","00:46:50,888"
FrozenII,Elsa,are you the one I've been looking for all of my life?,1095,neutral,4,"01:04:05,342","01:04:11,963"
FrozenII,Elsa,"Maybe. Alas, only ahtohallan knows.",0820,neutral,4,"00:45:03,492","00:45:07,826"
FrozenII,Elsa,Keep looking after the forest.,1416,neutral,4,"01:30:14,409","01:30:16,274"
FrozenII,Elsa,"I believe in you, Elsa. More than anyone or anything.",0999,neutral,4,"00:56:09,366","00:56:13,405"
FrozenII,Elsa,could that be why I'm hearing this call?,0195,others,7,"00:10:56,114","00:10:59,231"
FrozenII,Elsa,one moment more,1117,neutral,4,"01:05:36,266","01:05:39,133"
FrozenII,Elsa,All one can do is the next right thing.,0417,neutral,4,"00:23:02,840","00:23:06,298"
FrozenII,Elsa,"You're not being careful, Elsa.",0737,sad,5,"00:40:40,438","00:40:43,271"
FrozenII,Elsa,Nothing?,0724,neutral,4,"00:39:59,898","00:40:01,354"
FrozenII,Elsa,something is familiar,1081,neutral,4,"01:03:13,331","01:03:15,822"
FrozenII,Elsa,There's this...,0308,others,7,"00:15:27,260","00:15:28,921"
FrozenII,Elsa,And I'm coming.,1078,happy,3,"01:02:56,731","01:02:58,187"
FrozenII,Elsa,I see it.,0747,neutral,4,"00:41:17,392","00:41:18,507"
FrozenII,Elsa,What?,1377,neutral,4,"01:27:41,631","01:27:42,996"
FrozenII,Elsa,"Well, actually, a bridge has two sides.",1346,neutral,4,"01:25:32,669","01:25:35,376"
FrozenII,Elsa,My father heard it.,0818,happy,3,"00:44:59,363","00:45:01,069"
FrozenII,Elsa,I have always been a fortress,1087,neutral,4,"01:03:36,896","01:03:40,809"
FrozenII,Elsa,I've been better.,0739,neutral,4,"00:40:48,279","00:40:50,235"
FrozenII,Elsa,Show yourself,1096,neutral,4,"01:04:13,433","01:04:16,220"
FrozenII,Elsa,What language is this?,0959,others,7,"00:54:08,787","00:54:10,903"
FrozenII,Elsa,Just tell me what's going on.,0384,neutral,4,"00:21:35,294","00:21:38,001"
FrozenII,Elsa,"I can't lose you, Elsa.",1022,neutral,4,"00:57:13,055","00:57:14,841"
FrozenII,Elsa,What?,1357,happy,3,"01:26:08,455","01:26:09,661"
FrozenII,Elsa,Father. That's father.,0613,neutral,4,"00:33:48,818","00:33:52,060"
FrozenII,Elsa,the way I see you?,0312,others,7,"00:15:41,065","00:15:42,396"
FrozenII,Elsa,"Hey, Gale's back.",0936,neutral,4,"00:52:34,943","00:52:36,774"
FrozenII,Elsa,Or something. Oh.,1353,others,7,"01:25:54,232","01:25:56,814"
FrozenII,Elsa,So we go to ahtohallan.,1005,neutral,4,"00:56:34,641","00:56:35,881"
FrozenII,Elsa,Glaciers are rivers of ice.,1075,happy,3,"01:02:42,133","01:02:46,126"
FrozenII,Elsa,What are these?,0592,happy,3,"00:32:49,134","00:32:51,090"
FrozenII,Elsa,And find that voice.,0420,neutral,4,"00:23:10,681","00:23:12,296"
FrozenII,Elsa,Wait. Please.,0699,neutral,4,"00:37:09,728","00:37:11,593"
FrozenII,Elsa,Elsa.,0746,neutral,4,"00:41:15,848","00:41:17,258"
FrozenII,Elsa,"And don't worry, arendelle's doing just fine.",1415,neutral,4,"01:30:11,865","01:30:14,277"
FrozenII,Elsa,The earth is next.,0369,others,7,"00:20:43,033","00:20:44,398"
FrozenII,Elsa,That is not what magic does.,1162,neutral,4,"01:08:15,717","01:08:17,548"
FrozenII,Elsa,"You are not responsible for their choices, Elsa.",0986,sad,5,"00:55:36,583","00:55:39,620"
FrozenII,Elsa,show yourself,1091,neutral,4,"01:03:53,246","01:03:55,828"
FrozenII,Elsa,"You are not going alone. Anna, no.",0424,neutral,4,"00:23:16,437","00:23:18,678"
FrozenII,Elsa,"Hey, Gale? We're going for a ride, wanna come?",1419,happy,3,"01:30:20,498","01:30:23,786"
FrozenII,Elsa,Reinforcing my water has memory theory. Mm.,0974,neutral,4,"00:54:45,115","00:54:48,357"
FrozenII,Elsa,Of course.,1074,happy,3,"01:02:40,090","01:02:41,751"
FrozenII,Elsa,Thank you.,1413,neutral,4,"01:30:05,066","01:30:07,102"
FrozenII,Elsa,open your door,1119,neutral,4,"01:05:43,898","01:05:47,607"
FrozenII,Elsa,"I love you, too, sis.",1418,happy,3,"01:30:18,330","01:30:20,195"
FrozenII,Elsa,Said to be a bridge between us and the magic of nature.,0814,neutral,4,"00:44:50,563","00:44:53,805"
FrozenII,Elsa,"Oh, do you mind? I've got a message for my sister.",1412,neutral,4,"01:29:42,502","01:29:45,744"
FrozenII,Elsa,Ahtohallan is beautiful.,1378,neutral,4,"01:27:43,884","01:27:45,624"
FrozenII,Elsa,"oh, show yourself!",1112,neutral,4,"01:05:16,162","01:05:19,245"
FrozenII,Elsa,Probably should have seen that one coming.,0501,happy,3,"00:27:07,876","00:27:09,516"
FrozenII,Elsa,show yourself,1093,neutral,4,"01:03:59,336","01:04:01,372"
FrozenII,Elsa,and you didn't think to tell me?,0381,neutral,4,"00:21:28,078","00:21:29,909"
FrozenII,Elsa,Ahtohallan.,0821,neutral,4,"00:45:07,955","00:45:09,616"
FrozenII,Elsa,I hear you.,1077,happy,3,"01:02:54,938","01:02:56,599"
FrozenII,Elsa,Who will stop you from going too far?,1012,neutral,4,"00:56:49,781","00:56:51,942"
FrozenII,Elsa,Elsa?,0976,neutral,4,"00:54:57,127","00:54:58,663"
FrozenII,Elsa,That's who's been calling me from ahtohallan.,1003,neutral,4,"00:56:27,634","00:56:30,717"
FrozenII,Elsa,you are the answer I've waited for,1110,happy,3,"01:05:09,364","01:05:12,151"
Zootopia,Daddy,"Hey, there, Jude. Jude the dude.",1339,neutral,4,"01:17:25,720","01:17:27,927"
Zootopia,Daddy,Come on.,1338,neutral,4,"01:17:18,240","01:17:19,287"
Zootopia,Daddy,"Really, it's kind of a proud-scared combo.",0136,neutral,4,"00:08:16,520","00:08:18,807"
Zootopia,Daddy,"Love you, too.",0170,neutral,4,"00:09:38,800","00:09:40,040"
Zootopia,Daddy,The only thing we have to fear is fear itself.,0141,neutral,4,"00:08:29,720","00:08:32,121"
Zootopia,Daddy,Is that Gideon Grey?,1350,happy,3,"01:17:53,280","01:17:56,090"
Zootopia,Daddy,Why did I think I could make a difference?,1343,neutral,4,"01:17:35,960","01:17:38,327"
Zootopia,Daddy,"You get it, honey. It's great to have dreams.",0055,neutral,4,"00:04:07,640","00:04:09,290"
Zootopia,Daddy,"See, that's the beauty of complacency, Jude.",0037,neutral,4,"00:03:21,760","00:03:24,604"
Zootopia,Daddy,What did you say?,1368,surprise,6,"01:18:49,080","01:18:50,411"
Zootopia,Daddy,"Oh, yes, that's right, Stu. We settled hard.",0036,happy,3,"00:03:19,360","00:03:21,567"
Zootopia,Daddy,Yeah. Just as long as you don't believe in them too much.,0056,neutral,4,"00:04:09,440","00:04:12,330"
Zootopia,Daddy,I know plenty of bunnies who are jerks.,0154,neutral,4,"00:08:56,400","00:08:58,368"
Zootopia,Daddy,That's right.,1354,neutral,4,"01:18:01,800","01:18:02,801"
Zootopia,Daddy,You play cribbage with a weasel.,0145,neutral,4,"00:08:37,640","00:08:38,641"
Zootopia,Daddy,Nope.,0034,neutral,4,"00:03:15,480","00:03:16,367"
Zootopia,Daddy,"Or, heck, you know, you want to talk about making the world a better place...",0047,neutral,4,"00:03:46,280","00:03:50,171"
Zootopia,Daddy,"Oh, Stu.",0148,neutral,4,"00:08:43,400","00:08:44,083"
Zootopia,Daddy,Because I am gonna make the world a better place.,0046,neutral,4,"00:03:41,480","00:03:46,122"
Zootopia,Daddy,"She has no need for a fox Taser, Stu.",0162,neutral,4,"00:09:11,800","00:09:13,580"
Zootopia,Chief,That's my job.,0495,angry,0,"00:31:23,520","00:31:24,567"
Zootopia,Chief,I just heard Officer Hopps is taking the case.,0536,happy,3,"00:33:04,640","00:33:07,530"
Zootopia,Chief,I've got three items on the docket.,0248,neutral,4,"00:15:01,920","00:15:04,571"
Zootopia,Chief,Officer Hopps.,0269,neutral,4,"00:16:02,000","00:16:04,571"
Zootopia,Chief,"Wait, is that Gazelle?",1176,fear,2,"01:08:35,240","01:08:36,241"
Zootopia,Chief,Please give me back the Zootopia I love.,1301,neutral,4,"01:14:47,760","01:14:52,322"
Zootopia,Chief,"You should have your own line of inspirational greeting cards, sir.",1627,angry,0,"01:34:55,040","01:34:57,566"
Zootopia,Chief,"to me and my babies, please.",0525,neutral,4,"00:32:41,760","00:32:43,683"
Zootopia,Chief,Deal!,0556,happy,3,"00:33:55,400","00:33:56,287"
Zootopia,Chief,and your insipid dreams magically come true.,0506,angry,0,"00:31:49,280","00:31:52,727"
Zootopia,Chief,Okay.,0553,angry,0,"00:33:44,880","00:33:45,529"
Zootopia,Chief,"Thank you, ma'am.",0549,neutral,4,"00:33:32,840","00:33:34,888"
Zootopia,Chief,That's two days to find Emmitt Otterton.,0552,neutral,4,"00:33:43,480","00:33:44,720"
Zootopia,Chief,Now. I'm going to open this door...,0532,angry,0,"00:32:55,680","00:32:57,364"
Zootopia,Chief,with delusions of grandeur...,0534,angry,0,"00:33:00,560","00:33:02,642"
Zootopia,Chief,Life isn't some cartoon musical where you sing a little song...,0505,angry,0,"00:31:46,440","00:31:49,125"
Zootopia,Chief,First... we need to acknowledge the elephant in the room.,0249,neutral,4,"00:15:04,720","00:15:09,442"
Zootopia,Chief,What? Why?,0530,angry,0,"00:32:52,840","00:32:54,001"
Zootopia,Chief,I gotta go sit down.,0511,neutral,4,"00:32:03,440","00:32:05,124"
Zootopia,Chief,"But, sir, if...",0504,angry,0,"00:31:45,120","00:31:46,246"
Zootopia,Chief,"Hopps, Wilde.",1634,neutral,4,"01:35:10,240","01:35:12,607"
Zootopia,Chief,Insubordination!,0531,angry,0,"00:32:54,200","00:32:55,531"
Zootopia,Chief,"I don't want to be a meter maid, I want to be a real cop.",0502,angry,0,"00:31:36,200","00:31:39,966"
Zootopia,Chief,This is priority number one.,0259,neutral,4,"00:15:38,080","00:15:41,323"
Zootopia,Chief,"Clawhauser, can't you see I'm working on the missing mammal cases?",1181,angry,0,"01:08:44,720","01:08:47,371"
Zootopia,Chief,"Chief, Mrs. Otterton's here to see you again.",0497,neutral,4,"00:31:28,000","00:31:30,765"
Zootopia,Vice-mayor,"Just call me if you ever need anything, okay?",0546,neutral,4,"00:33:27,200","00:33:29,168"
Zootopia,Vice-mayor,Good one.,0545,happy,3,"00:33:26,000","00:33:27,047"
Zootopia,Vice-mayor,"Well, I'd say the case is in good hands.",0542,neutral,4,"00:33:19,720","00:33:21,210"
Zootopia,Vice-mayor,and right now they're just really scared.,1317,neutral,4,"01:15:44,400","01:15:46,926"
Zootopia,Vice-mayor,"Our city is 90% prey, Judy...",1316,neutral,4,"01:15:41,240","01:15:44,244"
Zootopia,Vice-mayor,Assistant Mayor Bellwether.,0537,neutral,4,"00:33:07,680","00:33:09,170"
Zootopia,Vice-mayor,Like glue.,0544,happy,3,"00:33:24,360","00:33:25,486"
Zootopia,Vice-mayor,I don't understand.,1315,neutral,4,"01:15:39,600","01:15:41,090"
Zootopia,Vice-mayor,You're a hero to them. They trust you.,1318,happy,3,"01:15:47,640","01:15:50,610"
Zootopia,Benjamin,"I'm sorry, sir.",0509,neutral,4,"00:31:59,920","00:32:00,967"
Zootopia,Benjamin,Here you go.,0558,happy,3,"00:34:00,480","00:34:01,606"
Zootopia,Benjamin,if a predator such as myself wasn't the first face that you see...,1309,sad,5,"01:15:14,440","01:15:19,207"
Zootopia,Benjamin,I tried to stop her. She is super-slippery.,0510,neutral,4,"00:32:01,120","00:32:03,248"
Zootopia,Benjamin,"And you're not in the computer system yet, so resources, none!",0563,happy,3,"00:34:11,680","00:34:14,763"
Zootopia,Benjamin,Get your popsicle.,0569,happy,3,"00:34:35,000","00:34:36,490"
Zootopia,Benjamin,What are you doing?,1307,sad,5,"01:15:09,040","01:15:10,610"
Zootopia,Benjamin,They thought it would be better...,1308,sad,5,"01:15:12,400","01:15:14,289"
Zootopia,Benjamin,Chief Bogo! Not now!,1175,surprise,6,"01:08:33,360","01:08:35,140"
Zootopia,Benjamin,Where? Oh!,0238,happy,3,"00:14:16,880","00:14:18,609"
Zootopia,Benjamin,That's it?,0560,fear,2,"00:34:04,800","00:34:05,801"
Zootopia,Benjamin,"Leads, none. Witnesses, none.",0562,happy,3,"00:34:09,320","00:34:11,561"
Zootopia,Benjamin,Popsicle?,0567,surprise,6,"00:34:31,960","00:34:33,166"
Zootopia,Benjamin,"Clawhauser, can't you see I'm working on the missing mammal cases?",1181,others,7,"01:08:44,720","01:08:47,371"
Zootopia,Nick,"No, no. There are.",0299,neutral,4,"00:19:10,560","00:19:11,641"
Zootopia,Nick,and then answer that question. Like this.,1200,neutral,4,"01:09:37,880","01:09:40,929"
Zootopia,Nick,You can only be what you are.,0410,neutral,4,"00:25:39,760","00:25:42,001"
Zootopia,Nick,I'm not a dumb bunny.,0412,neutral,4,"00:25:44,560","00:25:46,324"
Zootopia,Nick,thinking they can be anything they want.,0408,neutral,4,"00:25:36,280","00:25:38,044"
Zootopia,Nick,"about your own sad, miserable life?",0781,neutral,4,"00:44:58,400","00:45:00,243"
Zootopia,Nick,Do you think I might go savage?,1268,others,7,"01:13:01,240","01:13:03,083"
Zootopia,Nick,camel?,0749,others,7,"00:43:23,160","00:43:23,968"
Zootopia,Nick,"Besides, I think we got it.",1573,happy,3,"01:32:01,040","01:32:02,246"
Zootopia,Nick,"I make 200 bucks a day, Fluff!",0582,neutral,4,"00:35:15,600","00:35:18,206"
Zootopia,Nick,Mime! She is a mime.,0853,angry,0,"00:49:13,760","00:49:15,250"
Zootopia,Nick,If I wanted to avoid surveillance because I was doing something illegal...,1105,neutral,4,"01:03:09,360","01:03:12,603"
Zootopia,Nick,Start talking.,0615,others,7,"00:36:51,200","00:36:52,645"
Zootopia,Nick,"365 days a year, since I was 12.",0583,neutral,4,"00:35:18,320","00:35:21,529"
Zootopia,Nick,I think your $10 worth of popsicles can wait.,0581,neutral,4,"00:35:11,680","00:35:14,843"
Zootopia,Nick,So can you run the plate or not?,0690,neutral,4,"00:40:35,200","00:40:37,601"
Zootopia,Nick,You are welcome for the clue...,0679,neutral,4,"00:40:05,320","00:40:06,765"
Zootopia,Nick,"All right, look. Everyone comes to Zootopia...",0407,neutral,4,"00:25:32,560","00:25:36,087"
Zootopia,Nick,"Yeah, don't think I didn't notice that little item the first time we met.",1265,others,7,"01:12:49,600","01:12:53,446"
Zootopia,Nick,"You sold Mr. Otterton that popsicle, right? Do you know him?",0586,neutral,4,"00:35:25,600","00:35:28,126"
Zootopia,Nick,too.,0703,happy,3,"00:41:40,560","00:41:41,561"
Zootopia,Nick,"It's not a pretend investigation. Look, see? See him? This otter is missing.",0777,neutral,4,"00:44:46,880","00:44:52,046"
Zootopia,Nick,3.,0737,neutral,4,"00:42:59,600","00:43:00,726"
Zootopia,Nick,"Oh, my God! What?",0795,neutral,4,"00:45:55,960","00:45:57,405"
Zootopia,Nick,Toot-toot!,0351,neutral,4,"00:21:41,040","00:21:42,246"
Zootopia,Nick,"and seeing as how any moron can run a plate,",0680,neutral,4,"00:40:06,960","00:40:08,820"
Zootopia,Nick,"The point is, I did not know that it was your car...",0837,neutral,4,"00:48:31,360","00:48:33,567"
Zootopia,Nick,and making them go savage!,1397,neutral,4,"01:20:16,280","01:20:18,760"
Zootopia,Nick,You liar!,0367,neutral,4,"00:23:47,560","00:23:48,766"
Zootopia,Nick,You wanna look smart? Answer their question with your own question...,1199,neutral,4,"01:09:35,160","01:09:37,731"
Zootopia,Nick,"Well, was this a tough case?",1202,neutral,4,"01:09:44,600","01:09:46,204"
Zootopia,Nick,"Madam, I have a fake badge.",0775,others,7,"00:44:42,520","00:44:44,220"
Zootopia,Nick,"We got it up there, thank you, Yakety-yak!",1574,neutral,4,"01:32:02,400","01:32:04,620"
Zootopia,Nick,"There are. It's just, my boy, this goofy little stinker...",0300,neutral,4,"00:19:11,840","00:19:15,606"
Zootopia,Nick,Do you think I might try to...,1269,angry,0,"01:13:03,240","01:13:05,322"
Zootopia,Nick,"Don't worry, Carrots. I'll let you erase it...",1415,neutral,4,"01:21:26,440","01:21:29,364"
Zootopia,Nick,You know what I mean. You're not that kind of predator.,1262,others,7,"01:12:41,000","01:12:43,651"
Zootopia,Nick,"It's called a hustle, sweetheart.",0368,others,7,"00:23:48,960","00:23:50,485"
Zootopia,Nick,I'm not in the system yet.,0683,neutral,4,"00:40:14,960","00:40:16,246"
Zootopia,Nick,"Excuse me. Officer Hopps, what can you tell us about the case?",1201,neutral,4,"01:09:41,080","01:09:44,448"
Zootopia,Nick,"39, 40. There you go.",0361,neutral,4,"00:23:26,560","00:23:28,050"
Zootopia,Nick,Okay. Press Conference 101.,1198,neutral,4,"01:09:33,200","01:09:35,009"
Zootopia,Nick,It does. 100%.,0782,neutral,4,"00:45:00,400","00:45:02,448"
Zootopia,Nick,Gosh. If only there were a moron around who were up to the task.,0687,others,7,"00:40:22,480","00:40:27,202"
Zootopia,Judy,But predators shouldn't have to suffer for my mistakes.,1403,others,7,"01:20:40,000","01:20:42,571"
Zootopia,Judy,"Not forever. Well, I only have 36 hours left to solve this case.",0689,others,7,"00:40:30,800","00:40:35,010"
Zootopia,Judy,"No, it's okay. Oh, you've actually got... There's a...",0236,neutral,4,"00:14:11,440","00:14:15,286"
Zootopia,Judy,today?,0719,others,7,"00:42:08,240","00:42:09,287"
Zootopia,Judy,I'm gonna write 200 tickets.,0282,neutral,4,"00:16:38,680","00:16:40,762"
Zootopia,Judy,"Well, then writing 100 tickets a day should be easy.",0280,angry,0,"00:16:28,720","00:16:31,564"
Zootopia,Judy,"You probably didn't know, but a bunny can call another bunny cute...",0231,neutral,4,"00:13:54,040","00:13:58,602"
Zootopia,Judy,"365 days a year, since I was 12.",0605,happy,3,"00:36:17,920","00:36:20,605"
Zootopia,Judy,"You're gonna have to wait your turn like everyone else, meter maid.",0309,neutral,4,"00:19:41,560","00:19:44,404"
Zootopia,Judy,When I was nine.,0152,neutral,4,"00:08:51,600","00:08:53,125"
Zootopia,Judy,"So? So, I can handle one.",0276,happy,3,"00:16:18,560","00:16:20,085"
Zootopia,Judy,Didn't forget. Just don't care.,0278,neutral,4,"00:16:24,040","00:16:26,407"
Zootopia,Judy,Those are a crocus varietal called midnicampum holicithias.,0490,neutral,4,"00:31:12,120","00:31:14,885"
Zootopia,Judy,You should be there with me.,1204,happy,3,"01:09:48,640","01:09:50,324"
Zootopia,Judy,What was it you said?,0685,neutral,4,"00:40:18,720","00:40:20,131"
Zootopia,Judy,"Hey, hey! You, bunny!",0454,neutral,4,"00:28:18,720","00:28:21,326"
Zootopia,Judy,"Well, I was hoping you could run a plate for us.",0720,others,7,"00:42:12,040","00:42:14,407"
Zootopia,Judy,Dismissed.,0271,neutral,4,"00:16:06,960","00:16:08,166"
Zootopia,Judy,Especially not some jerk...,0405,angry,0,"00:25:25,720","00:25:27,722"
Zootopia,Judy,Because I was a horrible friend...,1409,sad,5,"01:20:58,080","01:21:01,368"
Zootopia,Judy,Gideon Grey was a jerk who happened to be a fox.,0153,neutral,4,"00:08:53,240","00:08:56,289"
Zootopia,Judy,with such backward attitudes toward foxes.,0336,happy,3,"00:21:00,720","00:21:02,961"
Zootopia,Judy,and I hurt you.,1410,sad,5,"01:21:01,520","01:21:02,931"
Zootopia,Judy,I would never impede your pretend investigation.,0776,others,7,"00:44:44,320","00:44:46,721"
Zootopia,Judy,"We know. And we're just a little excited for you, but terrified.",0140,neutral,4,"00:08:25,920","00:08:29,242"
Zootopia,Judy,"Judy, are you a meter maid?",0431,fear,2,"00:27:14,080","00:27:16,128"
Zootopia,Judy,100 tickets. I'm not gonna write 100 tickets.,0281,happy,3,"00:16:35,720","00:16:38,485"
Zootopia,Judy,I'm a loser,0419,happy,3,"00:26:23,960","00:26:25,962"
Zootopia,Judy,Gid's turned into one of the top pastry chefs in the tri-burrows.,1355,neutral,4,"01:18:02,960","01:18:05,531"
Zootopia,Judy,I think someone is targeting predators on purpose,1396,neutral,4,"01:20:14,600","01:20:16,180"
Zootopia,Judy,Wilde. Nick Wilde.,0342,happy,3,"00:21:16,160","00:21:18,481"
Zootopia,Judy,"Funny you should say that, because I've been thinking...",1207,happy,3,"01:09:55,720","01:09:59,884"
Zootopia,Judy,Yeah! Hi!,0876,neutral,4,"00:50:09,800","00:50:11,484"
Zootopia,Judy,"Give me the pen, please.",0684,neutral,4,"00:40:16,640","00:40:18,483"
Zootopia,Judy,Then they should've gotten a real cop to find him.,0778,angry,0,"00:44:52,520","00:44:54,921"
Zootopia,Judy,And that'll be fine.,1408,sad,5,"01:20:56,280","01:20:57,884"
Zootopia,Judy,"Well, am I a cop? No. No, I am not.",1206,happy,3,"01:09:52,080","01:09:55,163"
Zootopia,Judy,What's with the costume?,0851,neutral,4,"00:49:11,440","00:49:12,601"
Zootopia,Judy,Just had a quick question.,0311,neutral,4,"00:19:46,560","00:19:48,085"
Zootopia,Judy,And you can walk away knowing that you were right all along.,1411,sad,5,"01:21:03,080","01:21:09,565"
Zootopia,Judy,You want to be an elephant when you grow up? You be an elephant.,0344,happy,3,"00:21:20,240","00:21:23,403"
Zootopia,Judy,You're fired.,0529,surprise,6,"00:32:51,000","00:32:52,684"
Zootopia,Judy,Hey! No one tells me what I can or can't be!,0404,angry,0,"00:25:21,480","00:25:25,565"
Zootopia,Judy,"Yes. Yes, it was. You see?",1203,neutral,4,"01:09:46,360","01:09:48,488"
Zootopia,Judy,I was a major jerk.,1362,happy,3,"01:18:26,520","01:18:28,682"
Zootopia,Judy,Right. But a fox could?,1259,others,7,"01:12:34,520","01:12:36,409"
Zootopia,Judy,200 tickets before noon!,0285,neutral,4,"00:17:41,200","00:17:42,804"
Zootopia,Judy,What is your problem?,0779,angry,0,"00:44:55,120","00:44:56,281"
Zootopia,Judy,"Well. I stood up for you, and you lied to me.",0366,angry,0,"00:23:44,000","00:23:47,368"
Zootopia,Judy,or the only place you'll be selling popsicles is the prison cafeteria.,0608,others,7,"00:36:26,360","00:36:30,206"
Zootopia,Judy,Thank you.,0210,happy,3,"00:12:55,320","00:12:56,651"
Zootopia,Judy,"I gotta tell you, you are even cuter than I thought you'd be!",0230,neutral,4,"00:13:50,320","00:13:53,210"
Zootopia,Judy,"And if you want this pen, you're going to help me find this poor, missing otter...",0607,angry,0,"00:36:22,760","00:36:26,207"
Zootopia,Judy,"Hey, Flash, want to hear a joke?",0738,others,7,"00:43:02,640","00:43:04,130"
Zootopia,Judy,I will take that pen and bid you adieu.,0681,angry,0,"00:40:08,920","00:40:11,844"
Zootopia,Judy,I wouldn't forgive me either. I was ignorant...,1401,others,7,"01:20:30,880","01:20:33,884"
Zootopia,Judy,you can hate me.,1407,sad,5,"01:20:53,520","01:20:55,249"
Zootopia,Judy,"There you went, you little dickens!",0239,neutral,4,"00:14:18,760","00:14:21,604"
Zootopia,Judy,"Bye-bye, bunny.",1570,neutral,4,"01:31:47,240","01:31:48,571"
Zootopia,Judy,What are you talking about?,0314,neutral,4,"00:19:54,640","00:19:56,130"
Zootopia,Judy,Not now! Sir...,0501,others,7,"00:31:34,560","00:31:35,971"
Zootopia,Judy,Does seeing me fail somehow make you feel better,0780,angry,0,"00:44:56,440","00:44:58,300"
Zootopia,Judy,Thank you for the opportunity.,1335,neutral,4,"01:16:53,840","01:16:55,888"
Zootopia,Judy,"No, I am a cop.",0855,neutral,4,"00:49:18,760","00:49:20,000"
Zootopia,Judy,But I can't do it without you.,1405,others,7,"01:20:45,920","01:20:48,321"
Zootopia,Judy,They're toxic flowers.,1395,neutral,4,"01:20:12,280","01:20:13,964"
Zootopia,Judy,"Rabbit, I did what you asked! You can't keep me on the hook forever.",0688,others,7,"00:40:27,400","00:40:30,643"
Zootopia,Judy,Shut your tiny mouth now!,0493,neutral,4,"00:31:19,160","00:31:20,685"
Zootopia,Judy,"Sly fox, dumb bunny.",0411,angry,0,"00:25:42,200","00:25:44,328"
Zootopia,Judy,"And you, little guy...",0343,happy,3,"00:21:18,640","00:21:20,005"
Zootopia,Judy,And after we're done...,1406,sad,5,"01:20:50,680","01:20:53,365"
Zootopia,Judy,you did stop a master criminal from stealing two dozen moldy onions.,0488,neutral,4,"00:31:05,080","00:31:08,641"
Zootopia,Judy,"Thank you, ma'am.",1522,others,7,"01:28:45,520","01:28:47,204"
Zootopia,Mom,Yep. It sure is. We work with him now.,1351,happy,3,"01:17:56,240","01:17:58,242"
Zootopia,Mom,your 275 brothers and sisters. We're changing the world!,0050,neutral,4,"00:03:54,320","00:03:58,450"
Zootopia,Mom,I like trying actually.,0039,neutral,4,"00:03:27,240","00:03:28,651"
Zootopia,Mom,"Well, we gave up on our dreams and we settled. Right, Bon?",0035,neutral,4,"00:03:16,520","00:03:19,171"
Zootopia,Mom,"Actually, your father does have a point there. It's in their biology.",0150,neutral,4,"00:08:45,920","00:08:50,005"
Zootopia,Mom,This is fox repellent.,0159,neutral,4,"00:09:07,000","00:09:08,445"
Zootopia,Mom,I've been working for this my whole life.,0139,happy,3,"00:08:23,720","00:08:25,768"
Zootopia,Mom,I'm fine.,1341,neutral,4,"01:17:31,040","01:17:32,041"
Zootopia,Mom,on account of what happened to your uncle Terry.,1372,neutral,4,"01:18:56,000","01:18:57,365"
Zootopia,Mom,"Yeah, Terry ate one whole when we were kids",1373,neutral,4,"01:18:57,520","01:18:59,340"
Zootopia,Mom,He's our partner.,1352,neutral,4,"01:17:58,440","01:17:59,487"
Zootopia,Mom,And foxes are the worst.,0149,neutral,4,"00:08:44,240","00:08:45,730"
