Length,Speaker,Emotions,Start_Time,End_Time,Utterances,Dialogue_ID,Season,Episode,Utterance_IDs,Line_Indices
3,Phoebe,"['surprise', 'neutral', 'neutral']","0:10:19,750","00:10:26,499","['What?!', 'He was with her when he wrote this poem.', ""Look,  'My vessel so empty with nothing inside.""]",3,3,12,"[2, 3, 4]","39,40,41"
3,Phoebe,"['neutral', 'neutral', 'surprise']","00:10:23,664","00:10:32,672","[""Look,  'My vessel so empty with nothing inside."", ""Now that I've touched you, you seem emptier still.'"", 'He thinks Monica is empty, she is the empty vase!']",3,3,12,"[4, 5, 6]","41,42,43"
2,Phoebe,"['neutral', 'surprise']","00:10:26,667","00:10:32,672","[""Now that I've touched you, you seem emptier still.'"", 'He thinks Monica is empty, she is the empty vase!']",3,3,12,"[5, 6]","42,43"
3,Joey,"['anger', 'anger', 'neutral']","0:12:58,432","0:13:07,242","['There was no kangaroo!', 'They didn’t take any of my suggestions!', 'That’s for coming buddy.']",6,8,22,"[10, 11, 12]","76,77,78"
3,Joey,"['anger', 'neutral', 'neutral']","0:12:59,809","0:13:08,202","['They didn’t take any of my suggestions!', 'That’s for coming buddy.', 'I’ll see you later.']",6,8,22,"[11, 12, 13]","77,78,79"
3,Chandler,"['sadness', 'sadness', 'surprise']","0:13:08,804","0:13:11,407","['I’m sorry.', 'I’m so sorry!', 'Look!']",6,8,22,"[15, 16, 17]","81,82,83"
3,Chandler,"['sadness', 'surprise', 'anger']","0:13:09,526","0:13:12,589","['I’m so sorry!', 'Look!', 'This guy fell asleep!']",6,8,22,"[16, 17, 18]","82,83,84"
3,Chandler,"['surprise', 'anger', 'anger']","0:13:10,945","0:13:13,215","['Look!', 'This guy fell asleep!', 'He fell asleep too!']",6,8,22,"[17, 18, 19]","83,84,85"
3,Joey,"['neutral', 'fear', 'neutral']","00:10:07,023","00:10:21,536","['Nothing!', 'Well, I-I got this blinding pain in my stomach when I was lifting weights before, then I uh passed out and uh, haven’t been able to stand up since.', 'But um, I don’t think it’s anything serious.']",12,6,4,"[5, 6, 7]","132,133,134"
2,Joey,"['fear', 'neutral']","00:10:08,190","00:10:21,536","['Well, I-I got this blinding pain in my stomach when I was lifting weights before, then I uh passed out and uh, haven’t been able to stand up since.', 'But um, I don’t think it’s anything serious.']",12,6,4,"[6, 7]","133,134"
3,Charlie,"['sadness', 'neutral', 'neutral']","0:42:52,950","00:43:12,547","['I guess.', 'There was hum...  there was another reason that I thought it was time to end it with Joey.', 'I started to realize that I was having feelings for someone  else.']",15,9,23,"[9, 10, 11]","158,159,160"
3,Ross,"['anger', 'anger', 'neutral']","0:43:28,147","0:43:32,788","['Please!', ""Aren't we a little old for this?"", ""I mean, we're scientists, right?""]",15,9,23,"[17, 18, 19]","166,167,168"
3,Ross,"['anger', 'neutral', 'anger']","0:43:28,699","0:43:33,798","[""Aren't we a little old for this?"", ""I mean, we're scientists, right?"", ""We're academics.""]",15,9,23,"[18, 19, 20]","167,168,169"
3,Ross,"['neutral', 'anger', 'joy']","0:43:31,066","00:43:37,780","[""I mean, we're scientists, right?"", ""We're academics."", 'And most importantly I... you-you will have to catch us first.']",15,9,23,"[19, 20, 21]","168,169,170"
3,Ross,"['anger', 'joy', 'joy']","0:43:32,788","00:43:40,366","[""We're academics."", 'And most importantly I... you-you will have to catch us first.', 'GO, GO, GO!']",15,9,23,"[20, 21, 22]","169,170,172"
2,Joey,"['anger', 'joy']","00:06:15,416","00:06:25,542","[""Okay, see that blind guy right there? I'm gonna bash his head in later."", 'Oh umm, my big scene is coming up. Big scene coming up.']",17,5,19,"[0, 1]","179,180"
2,Joey,"['joy', 'fear']","00:05:23,489","0:05:29,670","['Okay!', 'Uh-oh.']",18,5,21,"[5, 6]","195,196"
2,Joey,"['sadness', 'surprise']","00:05:30,330","00:05:41,548","[""I have to pee. And Rachel's in the bathroom!"", ""Man, I didn't think we were gonna make it!""]",18,5,21,"[8, 9]","198,199"
3,Joey,"['joy', 'joy', 'neutral']","0:11:05,303","00:11:08,834","['You guys were totally right!', 'This is so much better than the first time we went out.', 'Y’know?']",20,7,7,"[6, 7, 8]","209,210,211"
3,Joey,"['joy', 'neutral', 'neutral']","00:11:06,374","00:11:11,378","['This is so much better than the first time we went out.', 'Y’know?', 'That was so awkward, we were really nervous.']",20,7,7,"[7, 8, 9]","210,211,212"
3,Joey,"['neutral', 'joy', 'joy']","0:11:12,811","0:11:18,734","['Yeah, that really calms me down.', 'And!', 'We have so much in common!']",20,7,7,"[11, 12, 13]","214,215,216"
3,Phoebe,"['disgust', 'neutral', 'neutral']","00:02:10,088","00:02:24,726","[""My grandmother has this new boyfriend, and they're both kind of insecure in bed."", 'Oh, and deaf.', ""So they're constantly, like, having to reassure each other that they're having a good time.""]",21,1,4,"[8, 9, 10]","228,229,230"
3,Phoebe,"['neutral', 'neutral', 'disgust']","00:02:17,345","00:02:26,937","['Oh, and deaf.', ""So they're constantly, like, having to reassure each other that they're having a good time."", 'You have no idea how loud they are!']",21,1,4,"[9, 10, 11]","229,230,231"
2,Phoebe,"['neutral', 'disgust']","00:02:20,682","00:02:26,937","[""So they're constantly, like, having to reassure each other that they're having a good time."", 'You have no idea how loud they are!']",21,1,4,"[10, 11]","230,231"
3,Ross,"['anger', 'anger', 'joy']","0:19:19,201","00:19:29,917","['Are you kidding?', 'I-I hurt three huge men, I gave a guy a bloody nose—I mean I-I’m not proud of it but, I really am.', 'And it’s all because of you, wonderful, amazing you.']",28,4,15,"[1, 2, 3]","287,288,289"
2,Ross,"['anger', 'joy']","0:19:19,673","00:19:29,917","['I-I hurt three huge men, I gave a guy a bloody nose—I mean I-I’m not proud of it but, I really am.', 'And it’s all because of you, wonderful, amazing you.']",28,4,15,"[2, 3]","288,289"
3,Ross,"['neutral', 'neutral', 'fear']","0:04:52,542","00:05:00,799","['Okay.', 'I can, I can see that.', 'Umm, but I think if you give me umm, one chance I can, I can change your mind.']",30,6,21,"[9, 10, 11]","317,318,319"
2,Ross,"['neutral', 'fear']","0:04:52,844","00:05:00,799","['I can, I can see that.', 'Umm, but I think if you give me umm, one chance I can, I can change your mind.']",30,6,21,"[10, 11]","318,319"
2,Ross,"['surprise', 'neutral']","0:11:28,021","00:11:32,732","['The actress!', 'Thanks Rach.']",32,1,12,"[7, 8]","336,337"
3,Ross,"['joy', 'joy', 'anger']","0:11:35,824","00:11:43,076","['You have to tell her!', 'You have to tell her!', ""It's your moral obligation, as a friend, as a woman, I think it's a feminist issue!""]",32,1,12,"[10, 11, 12]","339,340,341"
3,Ross,"['joy', 'anger', 'anger']","00:11:36,779","0:11:40,033","['You have to tell her!', ""It's your moral obligation, as a friend, as a woman, I think it's a feminist issue!"", 'Guys?']",32,1,12,"[11, 12, 13]","340,341,342"
3,Phoebe,"['surprise', 'joy', 'joy']","0:21:24,783","0:21:28,010","['I can’t believe it!', 'I did it!', 'I rode a bike!']",35,7,9,"[0, 1, 2]","353,354,355"
3,Ross,"['neutral', 'anger', 'surprise']","00:20:37,611","0:20:49,582","['No-no, I took them from the hotel lobby.', 'Yeah, they think they can charge me for some dirty movie and a bag of Mashuga nuts, they got another think coming.', 'Hey!']",38,8,2,"[5, 6, 7]","400,401,402"
3,Ross,"['anger', 'surprise', 'surprise']","00:20:37,611","0:20:51,192","['Yeah, they think they can charge me for some dirty movie and a bag of Mashuga nuts, they got another think coming.', 'Hey!', 'My sweater!']",38,8,2,"[6, 7, 8]","401,402,403"
3,Joey,"['anger', 'surprise', 'anger']","0:11:05,623","00:11:10,835","['Well, why don’t you tell me what you’re supposed to be!', 'Huh?', 'Because I sure as hell can’t figure it out!']",39,3,19,"[1, 2, 3]","408,409,410"
3,Joey,"['surprise', 'anger', 'anger']","0:11:07,515","00:11:13,421","['Huh?', 'Because I sure as hell can’t figure it out!', 'I talk to you and nothin’.']",39,3,19,"[2, 3, 4]","409,410,411"
3,Joey,"['neutral', 'anger', 'anger']","00:11:47,123","00:12:02,929","['Oh, hey, how about this one.', 'Ah, it’s says so in the script!', ""Y'know ah, I-I don’t know why my character likes you either, I mean it says in the script here that you’re a bitch.""]",39,3,19,"[14, 15, 16]","421,422,423"
3,Joey,"['neutral', 'neutral', 'joy']","0:06:23,758","00:06:31,765","[""Quick, aim him at that pack o' babes over there."", 'Maybe one of them will break away.', 'No, no wait, for get them, we got one, hard left.']",47,2,6,"[5, 6, 7]","496,497,498"
3,Joey,"['neutral', 'joy', 'neutral']","0:06:25,730","0:06:32,775","['Maybe one of them will break away.', 'No, no wait, for get them, we got one, hard left.', 'All right, gimme the baby.']",47,2,6,"[6, 7, 8]","497,498,499"
2,Joey,"['joy', 'neutral']","00:06:28,346","0:06:32,775","['No, no wait, for get them, we got one, hard left.', 'All right, gimme the baby.']",47,2,6,"[7, 8]","498,499"
3,Joey,"['neutral', 'joy', 'joy']","00:06:49,700","00:07:05,674","['You wanna smell him?', ""Oh, yeah. He's got that great baby smell. Get a whiff of his head."", ""What'd I tell you? What'd I tell you?""]",47,2,6,"[14, 15, 16]","505,506,507"
3,Ross,"['neutral', 'neutral', 'anger']","00:12:56,692","00:13:06,951","['Well, not really.', 'I mean technically it’s-it’s not against the rules or anything, but it is frowned upon.', 'Especially by that professor we ran into last night, Judgey von Holierthanthou.']",49,6,18,"[0, 1, 2]","510,511,512"
2,Ross,"['neutral', 'anger']","00:12:58,027","00:13:06,951","['I mean technically it’s-it’s not against the rules or anything, but it is frowned upon.', 'Especially by that professor we ran into last night, Judgey von Holierthanthou.']",49,6,18,"[1, 2]","511,512"
3,Joey,"['surprise', 'neutral', 'neutral']","0:14:18,816","00:14:24,279","['Okay!', 'All right.', 'Umm, all right Wayne, level with me.']",50,6,21,"[2, 3, 4]","534,535,536"
3,Joey,"['neutral', 'neutral', 'fear']","0:14:19,128","00:14:24,279","['All right.', 'Umm, all right Wayne, level with me.', 'I-I keep hearing all these rumors that I might get fired.']",50,6,21,"[3, 4, 5]","535,536,538"
3,Joey,"['neutral', 'fear', 'fear']","00:14:19,859","00:14:27,657","['Umm, all right Wayne, level with me.', 'I-I keep hearing all these rumors that I might get fired.', 'Okay, they even have actors coming in to read for my part!']",50,6,21,"[4, 5, 6]","536,538,539"
3,Joey,"['fear', 'fear', 'sadness']","00:14:19,859","00:14:30,326","['I-I keep hearing all these rumors that I might get fired.', 'Okay, they even have actors coming in to read for my part!', 'Come on man, you-you got to give me a second chance!']",50,6,21,"[5, 6, 7]","538,539,540"
3,Joey,"['fear', 'sadness', 'joy']","00:14:24,446","0:14:31,956","['Okay, they even have actors coming in to read for my part!', 'Come on man, you-you got to give me a second chance!', 'I mean, I love-I love this little guy!']",50,6,21,"[6, 7, 8]","539,540,541"
3,Joey,"['sadness', 'joy', 'surprise']","00:14:27,825","0:14:33,140","['Come on man, you-you got to give me a second chance!', 'I mean, I love-I love this little guy!', 'Ah-ah!!']",50,6,21,"[7, 8, 9]","540,541,542"
3,Joey,"['joy', 'surprise', 'surprise']","0:14:30,494","0:14:36,292","['I mean, I love-I love this little guy!', 'Ah-ah!!', 'Okay, that’s why you didn’t want me to touch him right?']",50,6,21,"[8, 9, 10]","541,542,543"
3,Joey,"['surprise', 'surprise', 'neutral']","0:14:31,956","0:14:36,714","['Ah-ah!!', 'Okay, that’s why you didn’t want me to touch him right?', 'Here you go!']",50,6,21,"[9, 10, 11]","542,543,544"
3,Joey,"['surprise', 'neutral', 'neutral']","0:14:33,706","0:14:37,872","['Okay, that’s why you didn’t want me to touch him right?', 'Here you go!', 'Okay?']",50,6,21,"[10, 11, 12]","543,544,545"
3,Joey,"['neutral', 'neutral', 'anger']","0:14:36,292","0:14:41,881","['Here you go!', 'Okay?', 'Stupid!']",50,6,21,"[11, 12, 13]","544,545,546"
3,Joey,"['neutral', 'anger', 'surprise']","0:14:36,714","0:14:42,215","['Okay?', 'Stupid!', 'I can’t believe it!']",50,6,21,"[12, 13, 14]","545,546,547"
3,Joey,"['anger', 'surprise', 'anger']","0:14:39,795","0:14:42,929","['Stupid!', 'I can’t believe it!', 'God!']",50,6,21,"[13, 14, 15]","546,547,548"
3,Joey,"['surprise', 'anger', 'neutral']","0:14:41,881","00:14:47,010","['I can’t believe it!', 'God!', 'Hey, how you doin’?']",50,6,21,"[14, 15, 16]","547,548,549"
2,Joey,"['anger', 'neutral']","0:14:42,215","00:14:47,010","['God!', 'Hey, how you doin’?']",50,6,21,"[15, 16]","548,549"
3,Dina,"['fear', 'fear', 'neutral']","00:19:40,971","00:19:50,771","['Joey, I am scared to death about this.', 'But I really think I can do it, I’m just gonna need some help.', 'And Bobby’s gonna be here the whole time.']",54,8,10,"[3, 4, 5]","585,586,587"
2,Dina,"['fear', 'neutral']","00:19:43,932","00:19:50,771","['But I really think I can do it, I’m just gonna need some help.', 'And Bobby’s gonna be here the whole time.']",54,8,10,"[4, 5]","586,587"
3,Dina,"['joy', 'neutral', 'neutral']","00:20:09,750","0:20:17,174","['And you’re my big brother!', 'I mean, you’re my favorite guy in the whole world.', 'I’m not even scared to tell mom and dad.']",54,8,10,"[9, 10, 11]","591,592,593"
3,Dina,"['neutral', 'neutral', 'fear']","00:20:11,418","0:20:20,476","['I mean, you’re my favorite guy in the whole world.', 'I’m not even scared to tell mom and dad.', 'I was scared of telling you.']",54,8,10,"[10, 11, 12]","592,593,594"
2,Dina,"['neutral', 'fear']","0:20:14,838","0:20:20,476","['I’m not even scared to tell mom and dad.', 'I was scared of telling you.']",54,8,10,"[11, 12]","593,594"
3,Chandler,"['neutral', 'fear', 'fear']","0:05:18,667","00:05:33,040","['Are you seeing anybody right now?', 'Og-ee-op, I’m not asking for me, I’m… I mean… No, I’m-I’m not gay, I’m not asking you out.', 'I’m not-I’m not-I’m not gay!']",57,4,10,"[1, 2, 3]","631,632,633"
3,Doug,"['neutral', 'joy', 'neutral']","00:20:58,548","0:21:06,819","['So, in conclusion, the lines all go up , so I’m happy.', 'Great job team!', 'Tomorrow at 8:30.']",59,3,24,"[0, 1, 2]","644,645,646"
3,Doug,"['joy', 'neutral', 'joy']","0:21:04,429","0:21:07,901","['Great job team!', 'Tomorrow at 8:30.', 'Phil!']",59,3,24,"[1, 2, 3]","645,646,647"
3,Doug,"['neutral', 'joy', 'joy']","0:21:05,361","0:21:08,653","['Tomorrow at 8:30.', 'Phil!', 'Nice job.']",59,3,24,"[2, 3, 4]","646,647,648"
3,Doug,"['joy', 'joy', 'neutral']","0:21:26,493","00:21:34,792","['Of course, you did.', 'Forgot something else too ya bastard!', 'Well, what about you?']",61,3,24,"[1, 2, 3]","657,658,659"
3,Doug,"['joy', 'neutral', 'neutral']","0:21:27,295","00:21:41,465","['Forgot something else too ya bastard!', 'Well, what about you?', 'You’re not feeling left out or anything are ya?']",61,3,24,"[2, 3, 4]","658,659,660"
3,Rachel,"['joy', 'sadness', 'joy']","00:08:30,259","0:08:35,951","['Ross-Ross, you have no idea what this means to me!', 'I mean, I mean I was gonna be homeless.', 'You just saved me!']",67,6,3,"[5, 6, 7]","723,724,725"
3,Rachel,"['sadness', 'joy', 'joy']","0:08:32,762","0:08:37,142","['I mean, I mean I was gonna be homeless.', 'You just saved me!', 'You’re my hero!']",67,6,3,"[6, 7, 8]","724,725,726"
3,Phoebe,"['neutral', 'neutral', 'anger']","0:08:59,915","00:09:12,968","['No, I won’t.', 'But I should tell you this, this exact same thing happened to my roommate Denise.', 'She moved in with a guy who was secretly married to her and he said he didn’t love her, but he really did, and it just blew up!']",67,6,3,"[13, 14, 15]","731,732,733"
2,Phoebe,"['neutral', 'anger']","00:09:01,666","00:09:12,968","['But I should tell you this, this exact same thing happened to my roommate Denise.', 'She moved in with a guy who was secretly married to her and he said he didn’t love her, but he really did, and it just blew up!']",67,6,3,"[14, 15]","732,733"
2,Chandler,"['joy', 'neutral']","00:10:00,223","00:10:06,938","[""That's great."", ""Well, I'm gonna get another espresso. Can I get you another latte?""]",69,1,5,"[0, 1]","748,749"
3,Chandler,"['neutral', 'joy', 'joy']","00:08:04,525","00:08:13,074","['Okay, but this is the last time.', 'With a chick-chick here, and a chick-chick there.', 'Here a chick, there a chick, everywhere a chick-chick--chickeeeen.']",73,3,21,"[0, 1, 2]","776,777,778"
2,Rachel,"['neutral', 'joy']","0:10:04,800","0:10:08,096","['Oh no, Baby Girl Geller-Green.', 'Hello baby girl.']",77,8,24,"[3, 4]","807,808"
2,Phoebe,"['anger', 'neutral']","00:21:16,483","0:21:29,094","['No Rachel! They got here first!', 'Why is Ross doing that?']",78,6,17,"[2, 3]","811,812"
3,Phoebe,"['anger', 'anger', 'surprise']","00:12:05,391","00:12:18,820","['I was the last one to know when Chandler got bitten by the peacock at the zoo.', 'I was the last one to know when you had a crush on Joey when he was moving in.', 'Looks like I was second to last.']",81,1,7,"[14, 15, 16]","843,844,845"
2,Phoebe,"['anger', 'surprise']","00:12:10,771","00:12:18,820","['I was the last one to know when you had a crush on Joey when he was moving in.', 'Looks like I was second to last.']",81,1,7,"[15, 16]","844,845"
2,Chandler,"['neutral', 'disgust']","00:03:27,081","00:03:35,547","['It’s not like we run in the same circles.', 'I hang out with you guys, and he stars in a drag show in Vegas.']",82,7,22,"[5, 6]","852,853"
3,Rachel,"['neutral', 'neutral', 'surprise']","00:09:11,008","00:09:24,229","[""Oh, I thought you guys meant marijuana cigarettes, y'know?"", ""Y'know what I mean, like dubbies?"", 'And I actually, I thought to myself, ""Wow, those guys are crazy!""']",86,5,18,"[3, 4, 5]","879,880,881"
3,Rachel,"['neutral', 'surprise', 'neutral']","00:09:17,265","00:09:26,898","[""Y'know what I mean, like dubbies?"", 'And I actually, I thought to myself, ""Wow, those guys are crazy!""', 'But no, I actually smoke the regular ones all, all the time.']",86,5,18,"[4, 5, 6]","880,881,882"
2,Rachel,"['surprise', 'neutral']","00:09:21,060","00:09:26,898","['And I actually, I thought to myself, ""Wow, those guys are crazy!""', 'But no, I actually smoke the regular ones all, all the time.']",86,5,18,"[5, 6]","881,882"
3,Rachel,"['neutral', 'joy', 'joy']","00:09:44,458","0:09:48,219","['Handling it?', 'What do you mean, handling it?', 'There’s nothing to handle.']",89,4,20,"[5, 6, 7]","907,908,909"
3,Rachel,"['joy', 'joy', 'neutral']","0:09:46,085","00:09:52,757","['What do you mean, handling it?', 'There’s nothing to handle.', 'Now, maybe I would have a problem with this if it wasn’t for me and Joshua.']",89,4,20,"[6, 7, 8]","908,909,910"
3,Rachel,"['joy', 'neutral', 'anger']","0:09:47,097","0:09:55,136","['There’s nothing to handle.', 'Now, maybe I would have a problem with this if it wasn’t for me and Joshua.', 'Y’know, they’re not gonna get married anyway!']",89,4,20,"[7, 8, 9]","909,910,911"
2,Rachel,"['neutral', 'anger']","00:09:48,337","0:09:55,136","['Now, maybe I would have a problem with this if it wasn’t for me and Joshua.', 'Y’know, they’re not gonna get married anyway!']",89,4,20,"[8, 9]","910,911"
2,Rachel,"['anger', 'disgust']","0:09:56,679","0:10:00,734","['Come on!', 'They rushed into this thing so fast it’s ridiculous!']",89,4,20,"[11, 12]","913,914"
2,Rachel,"['neutral', 'joy']","00:10:03,811","00:10:11,776","['And somewhere along the way, one of them is gonna realise what they’ve done and they’re call the whole thing off.', 'I’m telling ya, you’re gonna be dancing at my wedding before you’re dancing at there’s.']",89,4,20,"[15, 16]","917,918"
2,Phoebe,"['anger', 'neutral']","00:07:02,255","00:07:08,135","['This sucks!', 'All right, what’s my next present?']",92,4,22,"[0, 1]","921,922"
3,Joanna,"['fear', 'anger', 'sadness']","00:11:54,964","00:12:02,929","['Wait-wait-wait-wait-wait-wait-wait-wait!!', 'If you’re gonna get all sensitive about it!', 'I don’t want to lose you.']",94,4,9,"[5, 6, 7]","937,938,939"
3,Joanna,"['anger', 'sadness', 'neutral']","00:11:58,467","00:12:05,640","['If you’re gonna get all sensitive about it!', 'I don’t want to lose you.', 'What if I, create a position for you?']",94,4,9,"[6, 7, 8]","938,939,940"
3,Joanna,"['sadness', 'neutral', 'neutral']","00:12:01,554","00:12:08,810","['I don’t want to lose you.', 'What if I, create a position for you?', 'I’ll make you an assistant buyer in this department.']",94,4,9,"[7, 8, 9]","939,940,941"
3,Rachel,"['surprise', 'surprise', 'anger']","0:04:22,304","00:04:29,059","['What?', 'What are you talking about?!', ""You-you're the one who's been telling me to get over Ross and move on.""]",95,5,3,"[6, 7, 8]","954,955,956"
3,Rachel,"['surprise', 'anger', 'neutral']","00:04:23,638","00:04:31,395","['What are you talking about?!', ""You-you're the one who's been telling me to get over Ross and move on."", ""I'm moving on, and you're moving on with me.""]",95,5,3,"[7, 8, 9]","955,956,957"
3,Rachel,"['anger', 'neutral', 'neutral']","00:04:25,348","0:04:38,069","[""You-you're the one who's been telling me to get over Ross and move on."", ""I'm moving on, and you're moving on with me."", ""Come on, give me one good reason why you don't wanna go.""]",95,5,3,"[8, 9, 10]","956,957,958"
3,Ross,"['neutral', 'neutral', 'fear']","00:05:32,290","0:05:39,696","['Just your run-of-the-mill third nipple.', 'You can take it off.', 'Just slice that baby right off!']",100,3,23,"[1, 2, 3]","998,1000,1001"
2,Ross,"['neutral', 'fear']","0:05:36,085","0:05:39,696","['You can take it off.', 'Just slice that baby right off!']",100,3,23,"[2, 3]","1000,1001"
3,Chandler,"['anger', 'fear', 'fear']","0:15:08,991","00:15:15,371","['No!', 'That was a test!', 'In a couple of hours I’m gonna get really drunk and wanna call Kathy and you guys are gonna have to stop me!']",109,4,14,"[15, 16, 17]","1068,1069,1070"
2,Ross,"['joy', 'neutral']","00:08:11,449","00:08:19,789","[""Oh, that'd be great!"", ""Okay, but if you do, make sure it seems like you're there to see him, okay, and you're not like doing it as a favour to me.""]",113,1,10,"[8, 9]","1112,1113"
3,Chandler,"['neutral', 'surprise', 'neutral']","00:21:32,291","00:21:40,214","['Check this out.', 'It says here that there’s a place you can go to rent videos of all the museums!', '""It’s almost as good as being there.""']",114,4,21,"[0, 1, 2]","1116,1117,1118"
2,Chandler,"['surprise', 'neutral']","00:21:33,667","00:21:40,214","['It says here that there’s a place you can go to rent videos of all the museums!', '""It’s almost as good as being there.""']",114,4,21,"[1, 2]","1117,1118"
3,Joey,"['neutral', 'neutral', 'sadness']","0:14:53,475","00:14:58,354","[""Yeah, yeah, that's her."", ""But y'know what?"", ""Doesn't matter, I'm never gonna get to meet her anyway.""]",119,5,17,"[2, 3, 4]","1149,1150,1151"
2,Joey,"['neutral', 'sadness']","0:14:55,237","00:14:58,354","[""But y'know what?"", ""Doesn't matter, I'm never gonna get to meet her anyway.""]",119,5,17,"[3, 4]","1150,1151"
2,Monica,"['surprise', 'fear']","00:06:44,320","00:06:53,120","[""And y'know what, I just realised, in the last year I’ve only gone out with two guys, Richard and Julio."", 'You gotta help me out here, you gotta set me up, you gotta get me back in the game.']",122,3,18,"[0, 1]","1184,1185"
3,Pete,"['joy', 'disgust', 'neutral']","00:07:15,643","00:07:30,574","['Well, if that were true, I’d dating my Aunt Ruth.', 'And the two times we went out were just plain awkward.', 'Come on, you think she should go out with me, don’t you?']",122,3,18,"[8, 9, 10]","1192,1193,1194"
2,Pete,"['disgust', 'neutral']","00:07:20,064","00:07:30,574","['And the two times we went out were just plain awkward.', 'Come on, you think she should go out with me, don’t you?']",122,3,18,"[9, 10]","1193,1194"
3,Rachel,"['neutral', 'disgust', 'disgust']","0:07:28,364","00:07:46,631","['Well, I mean, are you sure you want to go out with her?', 'I mean that ain’t a pretty picture in the morning, y’know what I mean.', ""That wig all in disarray, and boobs flung over the night stand, y'know.""]",122,3,18,"[11, 12, 13]","1195,1196,1197"
3,Chandler,"['neutral', 'fear', 'fear']","00:08:06,694","0:08:14,966","['All right buddy, time to roll over.', 'No-no!', 'No, no-n-n-n-no!!']",127,4,20,"[0, 1, 2]","1246,1247,1248"
3,Chandler,"['fear', 'fear', 'disgust']","0:08:12,533","00:08:19,748","['No-no!', 'No, no-n-n-n-no!!', 'You are going to a clinic!']",127,4,20,"[1, 2, 3]","1247,1248,1249"
3,Chandler,"['fear', 'disgust', 'disgust']","0:08:13,555","00:08:32,469","['No, no-n-n-n-no!!', 'You are going to a clinic!', 'You’re going to a clinic, and a pyjama store!']",127,4,20,"[2, 3, 4]","1248,1249,1250"
3,Joey,"['anger', 'neutral', 'neutral']","0:10:38,638","0:10:45,614","['Uh, de-clawing cats.', 'Hey, tell ya what.', 'Let me walk you home.']",129,3,22,"[7, 8, 9]","1274,1275,1276"
3,Joey,"['neutral', 'neutral', 'anger']","0:10:42,767","00:10:49,939","['Hey, tell ya what.', 'Let me walk you home.', 'We’ll stop by every news stand and burn every copy of their Times and the Post.']",129,3,22,"[8, 9, 10]","1275,1276,1277"
2,Joey,"['neutral', 'anger']","0:10:43,768","00:10:49,939","['Let me walk you home.', 'We’ll stop by every news stand and burn every copy of their Times and the Post.']",129,3,22,"[9, 10]","1276,1277"
3,Ross,"['neutral', 'neutral', 'joy']","00:13:37,525","00:13:56,251","[""I'm one of the people who applied for the apartment."", ""And I-I realize that the competition is fierce but—I'm sorry."", ""I, I can't help but notice you're naked and  I applaud you.""]",137,5,14,"[2, 3, 4]","1336,1337,1338"
3,Ross,"['neutral', 'joy', 'neutral']","00:13:39,902","00:13:59,379","[""And I-I realize that the competition is fierce but—I'm sorry."", ""I, I can't help but notice you're naked and  I applaud you."", 'Man, I wish I was naked.']",137,5,14,"[3, 4, 5]","1337,1338,1339"
3,Ross,"['joy', 'neutral', 'joy']","00:13:54,625","00:14:03,049","[""I, I can't help but notice you're naked and  I applaud you."", 'Man, I wish I was naked.', 'I mean, this-this looks so great.']",137,5,14,"[4, 5, 6]","1338,1339,1340"
3,Ross,"['neutral', 'joy', 'neutral']","00:13:56,502","00:14:06,052","['Man, I wish I was naked.', 'I mean, this-this looks so great.', 'That is how God intended it.']",137,5,14,"[5, 6, 7]","1339,1340,1341"
2,Ross,"['joy', 'neutral']","00:13:59,630","00:14:06,052","['I mean, this-this looks so great.', 'That is how God intended it.']",137,5,14,"[6, 7]","1340,1341"
3,Rachel,"['anger', 'anger', 'joy']","00:11:52,795","0:12:02,388","['Okay, I have to tell you something that I have never admitted during our entire friendship!', 'But, when we were in high school I made out with James Farrell even when I knew that you liked him!', 'Wow, that feels so good to get off my chest!']",138,5,12,"[0, 1, 2]","1342,1343,1344"
3,Rachel,"['anger', 'joy', 'anger']","00:11:56,132","0:12:03,876","['But, when we were in high school I made out with James Farrell even when I knew that you liked him!', 'Wow, that feels so good to get off my chest!', 'Okay, you go!']",138,5,12,"[1, 2, 3]","1343,1344,1345"
2,Rachel,"['joy', 'anger']","0:12:00,511","0:12:03,876","['Wow, that feels so good to get off my chest!', 'Okay, you go!']",138,5,12,"[2, 3]","1344,1345"
3,Chandler,"['fear', 'fear', 'anger']","0:05:33,166","00:05:42,966","['Oh, uh..', ""I want her to think I might be in a restaurant.. y'know?"", ""I might have some kind of life, like I haven't been sitting around here honing for the past few hours.""]",145,1,20,"[4, 5, 6]","1393,1394,1395"
2,Chandler,"['fear', 'anger']","0:05:33,959","00:05:42,966","[""I want her to think I might be in a restaurant.. y'know?"", ""I might have some kind of life, like I haven't been sitting around here honing for the past few hours.""]",145,1,20,"[5, 6]","1394,1395"
3,Joey,"['disgust', 'disgust', 'anger']","00:05:57,148","0:06:02,654","['Man, we gotta do something about that guy.', 'This morning, I caught him looking into our apartment.', 'It creeps me out!']",145,1,20,"[10, 11, 12]","1399,1400,1401"
3,Joey,"['disgust', 'anger', 'anger']","00:05:58,983","0:06:04,181","['This morning, I caught him looking into our apartment.', 'It creeps me out!', ""I feel like I can't do stuff!""]",145,1,20,"[11, 12, 13]","1400,1401,1402"
2,Chandler,"['disgust', 'surprise']","00:07:37,790","00:07:46,548","['Well, you may wanna rethink the dirty underwear.', ""This is basically the first time she's gonna see your underwear—you want it to be dirty?""]",147,1,5,"[7, 8]","1428,1429"
3,Ross,"['neutral', 'anger', 'joy']","00:12:59,153","00:13:17,045","['Okay, look, how is this gonna affect you?', 'Really?', 'I mean you fill some form out once and a while and instead of checking the box that says Ms you check the box that says Mrs.!']",151,6,1,"[7, 8, 9]","1470,1471,1472"
3,Ross,"['anger', 'joy', 'neutral']","00:13:01,573","00:13:17,045","['Really?', 'I mean you fill some form out once and a while and instead of checking the box that says Ms you check the box that says Mrs.!', 'It’s']",151,6,1,"[8, 9, 10]","1471,1472,1473"
2,Ross,"['joy', 'neutral']","00:13:06,327","00:13:17,045","['I mean you fill some form out once and a while and instead of checking the box that says Ms you check the box that says Mrs.!', 'It’s']",151,6,1,"[9, 10]","1472,1473"
3,Rachel,"['sadness', 'neutral', 'neutral']","0:13:19,131","0:13:21,947","['Ohh, okay, I’m sorry.', 'You’re right.', 'Y’know what?']",151,6,1,"[11, 12, 13]","1474,1475,1476"
3,Ross,"['neutral', 'joy', 'neutral']","00:09:15,304","00:09:28,858","['No real-, honey, really it’s fine, just g-go with Susan.', 'Really, I, no, I think girls night out is a great idea.', 'Okay, okay, bye']",153,3,6,"[0, 1, 2]","1495,1496,1497"
2,Ross,"['joy', 'neutral']","00:09:20,768","00:09:28,858","['Really, I, no, I think girls night out is a great idea.', 'Okay, okay, bye']",153,3,6,"[1, 2]","1496,1497"
3,Ross,"['anger', 'anger', 'neutral']","00:14:27,408","00:14:40,420","['I have been down in your store for twenty minutes trying to get a tie!', 'What do I have to do to get some service?!', 'Hi Rach.']",154,3,12,"[6, 7, 8]","1514,1515,1516"
2,Ross,"['anger', 'neutral']","00:14:34,081","00:14:40,420","['What do I have to do to get some service?!', 'Hi Rach.']",154,3,12,"[7, 8]","1515,1516"
2,Phoebe,"['sadness', 'anger']","00:13:49,662","00:13:56,960","['Look, I feel really bad about how I freaked you out before, so I called the father and asked him to meet you here so you can tell him.', 'Go!']",156,8,2,"[0, 1]","1530,1531"
2,Phoebe,"['anger', 'neutral']","00:14:01,382","00:14:14,602","['I may play the fool at times, but I’m a little more than a pretty blond girl with an ass that won’t quit.', 'I believe this belongs to the father of your baby.']",156,8,2,"[3, 4]","1533,1534"
3,Joanna,"['joy', 'joy', 'surprise']","0:09:41,122","00:09:47,961","['Y’know how people just click?', 'Like he came by to pick me up, and I opened the door, and it was just like, click!', 'Did he tell you?']",159,3,20,"[2, 3, 4]","1559,1560,1561"
3,Joanna,"['joy', 'surprise', 'joy']","00:09:41,998","00:09:50,922","['Like he came by to pick me up, and I opened the door, and it was just like, click!', 'Did he tell you?', 'Oh, and he’s got such a good heart! Doesn’t he have a good heart?']",159,3,20,"[3, 4, 5]","1560,1561,1563"
2,Joanna,"['surprise', 'joy']","00:09:46,460","00:09:50,922","['Did he tell you?', 'Oh, and he’s got such a good heart! Doesn’t he have a good heart?']",159,3,20,"[4, 5]","1561,1563"
2,Mark,"['sadness', 'neutral']","00:06:13,456","0:06:19,004","['Yeah, me too.', 'So, see ya on Saturday.']",160,3,14,"[16, 17]","1584,1585"
3,Monica,"['surprise', 'anger', 'anger']","00:07:09,429","00:07:18,103","['You just told me that he hates marriage!', 'That-that he’s a-a complex fellow who’s unlikely to take a wife!', 'That-that he’s against marriage and always will be!']",163,6,25,"[7, 8, 9]","1596,1597,1598"
3,Ross,"['sadness', 'fear', 'neutral']","0:20:59,684","0:21:15,817","['Oh.', 'Listen, do you think- and try not to let my intense vulnerability become any kind of a factor here—but do you think it would be okay if I asked you out?', 'Sometime?']",164,1,1,"[4, 5, 6]","1604,1605,1606"
3,Ross,"['fear', 'neutral', 'neutral']","00:21:05,514","0:21:17,031","['Listen, do you think- and try not to let my intense vulnerability become any kind of a factor here—but do you think it would be okay if I asked you out?', 'Sometime?', 'Maybe?']",164,1,1,"[5, 6, 7]","1605,1606,1607"
3,Joey,"['surprise', 'neutral', 'neutral']","00:13:00,696","00:13:12,040","['Well usually...yeah!', 'Well, not just lemonade, iced tea, sometimes juice.', 'Well, sorry, I just, I thought you liked me.']",170,3,6,"[7, 8, 9]","1678,1679,1680"
3,Joey,"['neutral', 'neutral', 'sadness']","00:13:03,866","00:13:14,083","['Well, not just lemonade, iced tea, sometimes juice.', 'Well, sorry, I just, I thought you liked me.', 'I’m such a jerk.']",170,3,6,"[8, 9, 10]","1679,1680,1681"
2,Joey,"['neutral', 'sadness']","00:13:07,870","00:13:14,083","['Well, sorry, I just, I thought you liked me.', 'I’m such a jerk.']",170,3,6,"[9, 10]","1680,1681"
3,David,"['joy', 'joy', 'neutral']","0:06:20,762","00:06:27,844","[""It's brilliant!"", ""Goodbye Mike, we'll see you at the wedding, fella!"", ""well, we probably won't invite you to the wedding...""]",172,9,23,"[3, 4, 5]","1694,1695,1696"
3,David,"['joy', 'neutral', 'neutral']","00:06:21,881","0:06:29,484","[""Goodbye Mike, we'll see you at the wedding, fella!"", ""well, we probably won't invite you to the wedding..."", 'Thank you, Chandler.']",172,9,23,"[4, 5, 6]","1695,1696,1697"
3,Phoebe,"['joy', 'anger', 'anger']","0:10:41,558","0:10:54,494","['Well, you promised me a fun road trip!', 'We’ve been on the road six hours and you’ve been asleep for five and a half!', 'We are switching at the next rest stop and']",173,6,1,"[2, 3, 4]","1704,1705,1706"
2,Rachel,"['surprise', 'anger']","00:08:09,405","00:08:14,784","[""Wait, wait, Chandler, this is what you're havin' for Thanksgiving dinner?"", 'What, what, what is it with you and this holiday?']",175,1,9,"[4, 5]","1725,1726"
2,Chandler,"['neutral', 'sadness']","00:08:19,499","00:08:30,091","['We just finished this magnificent Thanksgiving dinner.', ""I have--and I remember this part vividly--a mouthful of pumpkin pie, and this is the moment my parents choose to tell me they're getting divorced.""]",175,1,9,"[8, 9]","1729,1730"
3,Monica,"['anger', 'neutral', 'anger']","00:07:18,771","0:07:27,363","['Oh God, stop with the plan!', 'So what, so what you saw him with a girl?', 'Who cares?!']",182,5,10,"[6, 7, 8]","1808,1809,1810"
3,Monica,"['neutral', 'anger', 'anger']","00:07:22,316","0:07:27,585","['So what, so what you saw him with a girl?', 'Who cares?!', ""That doesn't mean anything!""]",182,5,10,"[7, 8, 9]","1809,1810,1811"
3,Monica,"['anger', 'anger', 'neutral']","0:07:25,611","00:07:33,577","['Who cares?!', ""That doesn't mean anything!"", ""Now look, you're going to go out on a date with Danny and you're going to be so charming he's gonna forget all about that stupid subway girl.""]",182,5,10,"[8, 9, 10]","1810,1811,1812"
2,Monica,"['anger', 'neutral']","0:07:27,363","00:07:33,577","[""That doesn't mean anything!"", ""Now look, you're going to go out on a date with Danny and you're going to be so charming he's gonna forget all about that stupid subway girl.""]",182,5,10,"[9, 10]","1811,1812"
3,Phoebe,"['neutral', 'joy', 'neutral']","0:10:05,688","00:10:15,572","['Sparkly.', 'So, wow, this is pretty wonerful, huh.', 'Mr. major capades guy.']",183,2,4,"[8, 9, 10]","1827,1828,1829"
3,Phoebe,"['joy', 'neutral', 'neutral']","00:10:09,025","00:10:21,494","['So, wow, this is pretty wonerful, huh.', 'Mr. major capades guy.', ""I, I remember when you were just, like, King Friday in Mr. Roger's Ice is Nice.""]",183,2,4,"[9, 10, 11]","1828,1829,1830"
3,Jane,"['joy', 'neutral', 'neutral']","00:05:46,751","0:05:54,322","[""Hi Joey it's Jane Rogers, can't wait    for your party tonight."", 'Listen, I forgot your address, can you give me a call?', 'Thanks, bye.']",184,9,20,"[0, 1, 2]","1839,1840,1841"
3,Rachel,"['surprise', 'sadness', 'surprise']","00:08:40,520","00:08:51,029","['It was like months ago.', 'We were walking by this antique store, and I saw this pin in the window, and I told him that it was just like one my grandmother had when I was a little girl.', 'Oh!']",185,1,24,"[4, 5, 6]","1865,1866,1867"
3,Rachel,"['sadness', 'surprise', 'surprise']","00:08:42,438","00:08:53,365","['We were walking by this antique store, and I saw this pin in the window, and I told him that it was just like one my grandmother had when I was a little girl.', 'Oh!', ""I can't believe he remembered!""]",185,1,24,"[5, 6, 7]","1866,1867,1868"
3,Ross,"['sadness', 'neutral', 'neutral']","0:21:21,905","00:21:29,495","['Well, the old lady died.', 'And how do I know?', 'Her dying wish was for one last kiss.']",192,8,7,"[0, 1, 2]","1931,1932,1933"
3,Ross,"['neutral', 'neutral', 'joy']","0:21:24,387","0:21:35,054","['And how do I know?', 'Her dying wish was for one last kiss.', 'But I don’t care,  because you got the apartment.']",192,8,7,"[1, 2, 3]","1932,1933,1934"
3,Ross,"['neutral', 'joy', 'joy']","00:21:26,118","0:21:35,801","['Her dying wish was for one last kiss.', 'But I don’t care,  because you got the apartment.', 'Yes!']",192,8,7,"[2, 3, 4]","1933,1934,1935"
3,Rachel,"['neutral', 'neutral', 'joy']","00:18:29,691","00:18:42,370","['Okay sir, um-mm, let see if I got this right.', 'Ah, so this is a half-caf, double tall, easy hazel nut, non-fat, no foam, with whip, extra hot latte, right?', 'Okay, great.']",195,3,5,"[0, 1, 2]","1949,1950,1951"
3,Rachel,"['neutral', 'joy', 'disgust']","00:18:35,656","00:18:44,956","['Ah, so this is a half-caf, double tall, easy hazel nut, non-fat, no foam, with whip, extra hot latte, right?', 'Okay, great.', 'You freak.']",195,3,5,"[1, 2, 3]","1950,1951,1952"
2,Rachel,"['joy', 'disgust']","00:18:40,869","00:18:44,956","['Okay, great.', 'You freak.']",195,3,5,"[2, 3]","1951,1952"
3,Ross,"['fear', 'sadness', 'fear']","00:10:12,403","00:10:31,463","['Look, I…  Look, I’m having a great time with you and I just don’t want us to move to fast or put to much pressure on us.', 'So, I’m sorry I just don’t think we should go away together yet.', 'It’s-it’s too soon.']",201,6,19,"[3, 4, 5]","2016,2017,2018"
2,Ross,"['sadness', 'fear']","00:10:27,084","00:10:31,463","['So, I’m sorry I just don’t think we should go away together yet.', 'It’s-it’s too soon.']",201,6,19,"[4, 5]","2017,2018"
3,Rachel,"['neutral', 'neutral', 'sadness']","00:08:03,858","00:08:22,083","['I, um...', 'I write the specials on the specials board, and, uh... and I, uh...', 'I take the uh dead flowers out of the vase... Oh, and, um, sometimes Artelle lets me put the little chocolate blobbies on the cookies.']",204,1,4,"[11, 12, 13]","2059,2060,2061"
2,Rachel,"['neutral', 'sadness']","00:08:06,110","00:08:22,083","['I write the specials on the specials board, and, uh... and I, uh...', 'I take the uh dead flowers out of the vase... Oh, and, um, sometimes Artelle lets me put the little chocolate blobbies on the cookies.']",204,1,4,"[12, 13]","2060,2061"
2,Mischa,"['joy', 'neutral']","00:15:22,838","00:15:28,343","['Eh, he said, thank you very much, he thinks you look very pretty tonight, your hair, golden like the sun.', ""So you're a chef?""]",207,3,15,"[11, 12]","2101,2102"
2,Monica,"['joy', 'surprise']","00:10:00,725","0:10:13,154","['Anyway, we’re really excited about our wedding plans, and well I guess pretty soon we’ll be making a big withdrawal from the Monica wedding fund.', 'What?']",211,7,2,"[10, 11]","2150,2151"
2,Monica,"['anger', 'neutral']","00:07:55,683","00:08:04,858","['That’s because their nerves are probably deadened from being so stupid.', ""But hey, y'know if you don’t believe me, please, by my guest.""]",212,3,16,"[7, 8]","2162,2163"
3,Joey,"['neutral', 'sadness', 'neutral']","00:12:32,293","0:12:43,683","['Look, Ross, really it’s-it’s no big deal.', 'Y’know you wear a white coat, I wear a blue blazer, if that means we can’t be friends at work, then so be it.', 'Y’know, hey I understand.']",218,4,11,"[5, 6, 7]","2196,2197,2198"
3,Joey,"['sadness', 'neutral', 'neutral']","00:12:35,880","0:12:43,984","['Y’know you wear a white coat, I wear a blue blazer, if that means we can’t be friends at work, then so be it.', 'Y’know, hey I understand.', 'Y’know?']",218,4,11,"[6, 7, 8]","2197,2198,2199"
3,Joey,"['neutral', 'neutral', 'joy']","0:06:47,949","00:06:53,912","[""Hey, I wasn't the only one who looked like an idiot."", 'All right?', 'Remember when Ross tried to say, ""Butternut squash?""']",219,5,8,"[1, 2, 3]","2205,2206,2207"
3,Joey,"['neutral', 'joy', 'joy']","0:06:50,202","00:06:57,499","['All right?', 'Remember when Ross tried to say, ""Butternut squash?""', 'And it came out, ""Squatternut buash?""']",219,5,8,"[2, 3, 4]","2206,2207,2208"
3,Chandler,"['neutral', 'sadness', 'sadness']","00:07:16,519","0:07:25,783","['Oh, come on Monica, reliving past pain and getting depressed is what Thanksgiving is all about.', ""Y'know, for me anyway."", 'And of course, the Indians.']",219,5,8,"[9, 10, 11]","2214,2215,2216"
3,Doug,"['neutral', 'joy', 'neutral']","00:04:01,532","00:04:11,667","['Oh well, give it time.', 'So the divorce, the marriage, we’ve got a lot to celebrate.', 'How about we all go out to dinner tomorrow night?']",222,8,11,"[7, 8, 9]","2238,2239,2240"
2,Doug,"['joy', 'neutral']","00:04:04,452","00:04:11,667","['So the divorce, the marriage, we’ve got a lot to celebrate.', 'How about we all go out to dinner tomorrow night?']",222,8,11,"[8, 9]","2239,2240"
3,Monica,"['joy', 'neutral', 'disgust']","00:04:26,015","00:04:34,106","['Okay, I’ll see you tomorrow!', 'Just so you know, we’re not seeing him tomorrow.', 'I-I cannot spend another evening with that man.']",222,8,11,"[13, 14, 15]","2244,2245,2246"
3,Monica,"['neutral', 'disgust', 'disgust']","00:04:28,226","00:04:36,275","['Just so you know, we’re not seeing him tomorrow.', 'I-I cannot spend another evening with that man.', 'Do you remember how he behaved at our wedding?']",222,8,11,"[14, 15, 16]","2245,2246,2247"
3,Ross,"['joy', 'neutral', 'neutral']","00:22:03,613","00:22:11,495","['Oh, great!', 'Listen, oh I had to get you a whole new battery.', 'I got you the best one I could, ‘cause that’s not where you want to skimp.']",225,3,17,"[3, 4, 5]","2275,2276,2277"
2,Rachel,"['disgust', 'joy']","00:19:44,683","00:19:59,447","['Yeah, yeah, you go talk to your friend. You tell him, ""Nice try.""', 'Man! He just keeps lobbing them up and I just keep knocking them right out of the park!']",226,5,7,"[18, 19]","2305,2306"
3,Joey,"['sadness', 'neutral', 'surprise']","00:16:53,562","0:17:20,844","['Look, Pheebs, I just, I wanna apologize for, for saying that your method was stupid and-and maybe ask you to be my teacher again.', ""And-and I promise, I won't touch a guitar until you say I'm ready."", ""You really think I'm ready?""]",228,5,11,"[1, 2, 3]","2311,2312,2313"
2,Joey,"['neutral', 'surprise']","00:17:06,734","0:17:20,844","[""And-and I promise, I won't touch a guitar until you say I'm ready."", ""You really think I'm ready?""]",228,5,11,"[2, 3]","2312,2313"
2,Chandler,"['neutral', 'anger']","0:11:41,992","0:11:45,063","['Y’know what would work?', 'Stop making candy!']",234,7,9,"[5, 6]","2368,2370"
2,Monica,"['anger', 'neutral']","00:16:16,684","00:16:29,070","[""Y'know, so I don't read as many important books as you do, and I don't write trick poems that seem to be about one thing but are actually about something else."", ""And y'know what, I get excited about stupid stuff, like when I my""]",237,3,12,"[2, 3]","2404,2405"
2,Ross,"['joy', 'neutral']","00:21:27,286","00:21:36,085","[""That's so Janine, you-you-you know what, do you know we're doing right now?"", ""You and I, we're interfacing.""]",239,6,7,"[3, 4]","2431,2432"
3,Phoebe,"['anger', 'sadness', 'neutral']","00:01:22,916","0:01:31,696","[""Oh... Mike's sister just invited me to a party tonight, he's gonna be there."", 'And she was like ""Oh, don\'t worry!', 'I asked him.']",241,9,22,"[0, 1, 2]","2442,2443,2444"
3,Phoebe,"['sadness', 'neutral', 'anger']","0:01:27,212","0:01:31,852","['And she was like ""Oh, don\'t worry!', 'I asked him.', 'He\'s totally ok with seeing you!"".']",241,9,22,"[1, 2, 3]","2443,2444,2445"
3,Phoebe,"['neutral', 'anger', 'joy']","0:01:31,404","00:01:35,761","['I asked him.', 'He\'s totally ok with seeing you!"".', ""So now I have to go so he'll think that I'm totally ok with seeing him!""]",241,9,22,"[2, 3, 4]","2444,2445,2446"
2,Phoebe,"['anger', 'joy']","0:01:31,696","00:01:35,761","['He\'s totally ok with seeing you!"".', ""So now I have to go so he'll think that I'm totally ok with seeing him!""]",241,9,22,"[3, 4]","2445,2446"
2,Monica,"['joy', 'sadness']","00:07:21,399","00:07:31,283","['Oh, I haven’t had that feeling since I first started going out with Chandler.', 'Wow, I’m never gonna have that feeling again, am I?']",245,7,18,"[8, 9]","2471,2472"
3,Monica,"['disgust', 'surprise', 'sadness']","00:07:31,451","0:07:38,240","['No, a guy would be saying, ""I’m never gonna get to sleep with anyone else.""', 'Oh my God!', 'I’m never gonna get to sleep with anyone else!']",245,7,18,"[11, 12, 13]","2474,2475,2476"
3,Monica,"['surprise', 'sadness', 'surprise']","0:07:35,663","00:07:43,753","['Oh my God!', 'I’m never gonna get to sleep with anyone else!', 'I’ve been so busy planning the wedding that I forgot about all the things that I’d be giving up!']",245,7,18,"[12, 13, 14]","2475,2476,2477"
3,Monica,"['sadness', 'surprise', 'sadness']","0:07:36,581","00:07:47,924","['I’m never gonna get to sleep with anyone else!', 'I’ve been so busy planning the wedding that I forgot about all the things that I’d be giving up!', 'I mean, I…I’m never gonna have a first kiss again.']",245,7,18,"[13, 14, 15]","2476,2477,2478"
2,Monica,"['surprise', 'sadness']","00:07:39,667","00:07:47,924","['I’ve been so busy planning the wedding that I forgot about all the things that I’d be giving up!', 'I mean, I…I’m never gonna have a first kiss again.']",245,7,18,"[14, 15]","2477,2478"
2,Phoebe,"['neutral', 'anger']","0:03:09,606","0:03:11,090","['No.', 'No!']",248,8,12,"[0, 1]","2490,2491"
3,Joey,"['joy', 'sadness', 'sadness']","00:02:17,262","00:02:28,105","['But you gotta have turkey on Thanksgiving!', 'I mean, Thanksgiving with no turkey is like-like Fourth of July with no apple pie!', 'Or Friday with no two pizzas!']",249,8,9,"[3, 4, 5]","2502,2503,2504"
3,Joey,"['joy', 'joy', 'neutral']","0:02:39,784","0:02:45,895","['That’s right!', '‘Cause I’m a Tribbiani!', 'And this is what we do!']",249,8,9,"[9, 10, 11]","2508,2509,2510"
2,Joey,"['joy', 'neutral']","0:02:40,535","0:02:45,895","['‘Cause I’m a Tribbiani!', 'And this is what we do!']",249,8,9,"[10, 11]","2509,2510"
2,Rachel,"['anger', 'neutral']","00:11:38,197","00:11:55,422","[""Y'know what? I cannot do this with my left hand! Would you please, help me with this too?"", 'Okay. Let’s use this brush.']",251,3,21,"[0, 1]","2521,2523"
2,Joey,"['joy', 'neutral']","00:15:05,654","00:15:12,857","['He- he- he got in, he- he got in to San Diego.', 'We, we come back from our walk and the- the phone was ringing...']",252,1,21,"[14, 15]","2543,2544"
2,Dr. Baldhara,"['disgust', 'neutral']","00:15:19,752","00:15:28,551","[""You're making a big mistake here."", ""I mean, San Diego's all well and good, but if you give him to me, I'll start him off against a blind rabbit and give you twenty percent of the gains.""]",252,1,21,"[18, 19]","2547,2548"
3,Chandler,"['neutral', 'joy', 'surprise']","00:17:29,256","0:17:42,061","['My specimen is in the    room and I just want to thank whoever knocked on the door while I was in there.', 'Really helped speed the process along!', 'Janice!']",253,9,21,"[0, 1, 2]","2549,2550,2551"
3,Chandler,"['joy', 'surprise', 'surprise']","00:17:35,888","0:17:43,811","['Really helped speed the process along!', 'Janice!', ""You're not... gone?""]",253,9,21,"[1, 2, 3]","2550,2551,2552"
3,Janice,"['neutral', 'joy', 'surprise']","00:17:44,938","0:17:53,658","['Sid is still in his room.', ""I don't allow porn at home so    this is like a vacation for him."", 'So did you do it?']",253,9,21,"[4, 5, 6]","2554,2555,2556"
3,Janice,"['joy', 'surprise', 'neutral']","00:17:46,398","0:17:55,034","[""I don't allow porn at home so    this is like a vacation for him."", 'So did you do it?', 'Did you make your deposit?']",253,9,21,"[5, 6, 7]","2555,2556,2557"
2,Janice,"['surprise', 'neutral']","0:17:52,196","0:17:55,034","['So did you do it?', 'Did you make your deposit?']",253,9,21,"[6, 7]","2556,2557"
2,Monica,"['fear', 'anger']","00:09:52,246","00:10:00,796","[""Phoebe, where's your purse?"", 'No, no! Give it to me!']",254,9,17,"[0, 1]","2562,2563"
2,Monica,"['neutral', 'joy']","00:10:07,303","00:10:14,997","['Phoebe come here', 'Haha!']",254,9,17,"[7, 8]","2569,2570"
3,Monica,"['anger', 'anger', 'joy']","00:13:07,745","00:13:16,669","['Well,fall out of it.', ""You know, you shouldn't even be here, it's a school night."", 'Oh god, oh god.']",255,1,22,"[10, 11, 12]","2582,2583,2584"
3,Monica,"['anger', 'joy', 'disgust']","00:13:09,330","00:13:22,091","[""You know, you shouldn't even be here, it's a school night."", 'Oh god, oh god.', ""I'm like those women that you see with shiny guys named Chad.""]",255,1,22,"[11, 12, 13]","2583,2584,2585"
3,Monica,"['joy', 'disgust', 'disgust']","00:13:14,752","00:13:27,055","['Oh god, oh god.', ""I'm like those women that you see with shiny guys named Chad."", ""I'm Joan Collins.""]",255,1,22,"[12, 13, 14]","2584,2585,2586"
3,Ross,"['neutral', 'neutral', 'anger']","00:01:33,081","00:01:49,556","['I mean I wish I were a seahorse.', 'Because with seahorses it’s the male, they carry the babies.', 'And then also umm, I’d be far away in the sea.']",256,8,22,"[4, 5, 6]","2592,2593,2594"
2,Ross,"['neutral', 'anger']","00:01:38,920","00:01:49,556","['Because with seahorses it’s the male, they carry the babies.', 'And then also umm, I’d be far away in the sea.']",256,8,22,"[5, 6]","2593,2594"
3,Rachel,"['neutral', 'sadness', 'anger']","0:02:12,453","0:02:21,630","['Oh Phoebe, that’s a great story.', 'Can you tell it to me when you’re getting me some iced tea?', 'Oh God, get out!']",256,8,22,"[9, 10, 11]","2597,2598,2599"
3,Rachel,"['sadness', 'anger', 'anger']","0:02:13,955","0:02:22,262","['Can you tell it to me when you’re getting me some iced tea?', 'Oh God, get out!', 'Get out!!']",256,8,22,"[10, 11, 12]","2598,2599,2600"
3,Rachel,"['fear', 'fear', 'neutral']","0:20:47,537","0:20:51,685","['Oh my God….What’s he gonna do now?', 'I can’t watch!', 'Oh.']",257,8,12,"[1, 2, 3]","2606,2607,2608"
3,Rachel,"['fear', 'neutral', 'sadness']","0:20:50,165","0:20:57,798","['I can’t watch!', 'Oh.', 'Seriously, how can you watch this?']",257,8,12,"[2, 3, 4]","2607,2608,2609"
3,Rachel,"['neutral', 'sadness', 'fear']","0:20:51,542","0:20:57,936","['Oh.', 'Seriously, how can you watch this?', 'Aren’t you scared?']",257,8,12,"[3, 4, 5]","2608,2609,2610"
2,Rachel,"['sadness', 'fear']","0:20:54,586","0:20:57,936","['Seriously, how can you watch this?', 'Aren’t you scared?']",257,8,12,"[4, 5]","2609,2610"
3,Chandler,"['surprise', 'neutral', 'neutral']","00:07:21,732","00:07:28,613","['Oh, is this about you-you dating the nurse?', 'Yeah, Joey already told me, and I am so-so fine.', ""I mean, you and I we're just, y'know, we're nothing, we're goofin' around.""]",258,5,3,"[2, 3, 4]","2614,2615,2616"
3,Ross,"['fear', 'anger', 'anger']","00:13:28,098","0:13:36,303","['You-you-you-you  threw my sandwich away!', 'MY SANDWICH?!!!', 'MY SANDWICH!!!!!!']",259,5,9,"[1, 2, 3]","2620,2621,2622"
2,Monica,"['joy', 'disgust']","00:04:33,231","00:04:49,705","['Op, can I just tell you something? Very flattered but umm, I’m engaged.', 'Well you should be embarrassed.']",263,7,18,"[6, 7]","2655,2656"
2,Ross,"['neutral', 'joy']","00:10:08,441","00:10:18,199","['Yeah-yeah, except Apollo 8 didn’t actually land on the moon.', 'But you-you-you could write that umm, your love lets me orbit the moon twice and return safely.']",264,6,17,"[14, 15]","2672,2673"
2,Chandler,"['surprise', 'neutral']","00:12:11,439","00:12:17,152","['Uh, tiny!', 'We’re not even sure why we’re having it.']",268,7,1,"[0, 1]","2688,2689"
3,Chandler,"['neutral', 'anger', 'sadness']","00:00:02,836","0:00:07,165","['Pheebs, can you help me pick out an engagement ring for Monica?', 'I can’t figure this out!', 'It’s so hard!']",273,6,23,"[0, 1, 2]","2716,2717,2718"
3,Chandler,"['anger', 'sadness', 'sadness']","0:00:05,380","00:00:10,718","['I can’t figure this out!', 'It’s so hard!', 'Should I get her a  Tiffany cut or a Princess cut or a—ah-ah!']",273,6,23,"[1, 2, 3]","2717,2718,2719"
3,Chandler,"['disgust', 'neutral', 'joy']","0:10:14,238","0:10:23,013","['Ugh.', 'Just a sec, give me a minute to wake up for this—Ah-ha-ha!!', 'You lost the ring!']",274,4,22,"[3, 4, 5]","2739,2740,2741"
3,Chandler,"['neutral', 'joy', 'anger']","0:10:16,170","0:10:24,752","['Just a sec, give me a minute to wake up for this—Ah-ha-ha!!', 'You lost the ring!', 'You’re the worst best man ever!']",274,4,22,"[4, 5, 6]","2740,2741,2742"
2,Chandler,"['joy', 'anger']","0:10:21,871","0:10:24,752","['You lost the ring!', 'You’re the worst best man ever!']",274,4,22,"[5, 6]","2741,2742"
3,Joey,"['anger', 'fear', 'joy']","0:10:25,791","00:10:30,170","['Dude, this isn’t funny!', 'What am I gonna do?!', 'I go to bed last night, everything’s cool!']",274,4,22,"[7, 8, 9]","2743,2744,2745"
3,Joey,"['fear', 'joy', 'fear']","0:10:27,210","00:10:33,381","['What am I gonna do?!', 'I go to bed last night, everything’s cool!', 'I wake up this morning, the stripper’s gone and the ring is gone!']",274,4,22,"[8, 9, 10]","2744,2745,2746"
2,Joey,"['joy', 'fear']","00:10:28,210","00:10:33,381","['I go to bed last night, everything’s cool!', 'I wake up this morning, the stripper’s gone and the ring is gone!']",274,4,22,"[9, 10]","2745,2746"
2,Joey,"['anger', 'neutral']","00:11:12,047","00:11:19,012","['It was so stupid, I said some stuff in an interview that I shouldn’t have said.', 'But believe me, that’s not gonna happen today.']",277,8,19,"[3, 4]","2773,2774"
3,Phoebe,"['joy', 'joy', 'neutral']","00:07:50,094","00:08:00,687","['So you like the drums!', ""That's, that's great!"", 'Y’know, I was worried, that, you know, they would maybe an unbearable living situation.']",278,7,10,"[1, 2, 3]","2778,2779,2780"
3,Phoebe,"['joy', 'neutral', 'sadness']","00:07:52,388","0:08:03,207","[""That's, that's great!"", 'Y’know, I was worried, that, you know, they would maybe an unbearable living situation.', 'All right, okay, well, apparently not!']",278,7,10,"[2, 3, 4]","2779,2780,2781"
3,Phoebe,"['neutral', 'sadness', 'joy']","00:07:56,017","0:08:04,995","['Y’know, I was worried, that, you know, they would maybe an unbearable living situation.', 'All right, okay, well, apparently not!', 'So, yay!']",278,7,10,"[3, 4, 5]","2780,2781,2782"
2,Phoebe,"['sadness', 'joy']","0:08:00,855","0:08:04,995","['All right, okay, well, apparently not!', 'So, yay!']",278,7,10,"[4, 5]","2781,2782"
2,Joey,"['neutral', 'joy']","00:08:05,401","00:08:14,534","['Hey-hey, Pheebs, check it out, we already learned a song.  Ready? One, two, three, four...', 'Tequila!!']",278,7,10,"[6, 7]","2783,2784"
2,Joey,"['anger', 'neutral']","0:02:30,243","00:02:35,904","[""No, no, no, don't you dare bail on me."", ""The only reason she's goin' out with me is because I said I could bring a friend for her friend.""]",287,1,14,"[2, 3]","2855,2856"
3,Joey,"['neutral', 'neutral', 'joy']","00:02:38,241","0:02:44,302","['Pathetic mess?', ""I know, but—come on, man, she's needy, she's vulnerable."", ""I'm thinkin', cha-ching!""]",287,1,14,"[5, 6, 7]","2858,2859,2860"
3,Joey,"['neutral', 'joy', 'neutral']","0:02:40,994","00:02:51,253","[""I know, but—come on, man, she's needy, she's vulnerable."", ""I'm thinkin', cha-ching!"", 'Thanks.']",287,1,14,"[6, 7, 8]","2859,2860,2861"
3,Joey,"['joy', 'neutral', 'neutral']","0:02:44,056","0:02:54,717","[""I'm thinkin', cha-ching!"", 'Thanks.', 'Look, you have not been out with a woman since Janice.']",287,1,14,"[7, 8, 9]","2860,2861,2862"
3,Ross,"['surprise', 'surprise', 'neutral']","0:16:04,564","00:16:15,098","['Oh wow!', 'I mean, wow!', 'I mean, I-I-I think she’s cute but I-I would never have thought of going out with her, never!']",288,6,13,"[11, 12, 13]","2877,2878,2879"
2,Ross,"['surprise', 'neutral']","0:16:05,456","00:16:15,098","['I mean, wow!', 'I mean, I-I-I think she’s cute but I-I would never have thought of going out with her, never!']",288,6,13,"[12, 13]","2878,2879"
3,Earl,"['neutral', 'sadness', 'neutral']","00:10:10,693","00:10:22,579","['I work in a cubicle surrounded by people.', 'I’ve been talking to you for five minutes now about killing myself and no one’s even looked up from their desk.', 'Hang-hang on.']",292,7,13,"[0, 1, 2]","2896,2897,2898"
3,Earl,"['sadness', 'neutral', 'neutral']","00:10:14,905","00:10:24,581","['I’ve been talking to you for five minutes now about killing myself and no one’s even looked up from their desk.', 'Hang-hang on.', 'Hey everybody!']",292,7,13,"[1, 2, 3]","2897,2898,2899"
3,Earl,"['neutral', 'neutral', 'sadness']","00:10:21,000","00:10:26,875","['Hang-hang on.', 'Hey everybody!', 'Uh, I’m gonna kill myself!']",292,7,13,"[2, 3, 4]","2898,2899,2900"
3,Earl,"['neutral', 'sadness', 'neutral']","00:10:22,788","00:10:32,297","['Hey everybody!', 'Uh, I’m gonna kill myself!', 'I got nothing.']",292,7,13,"[3, 4, 5]","2899,2900,2902"
2,Earl,"['sadness', 'neutral']","00:10:24,749","00:10:32,297","['Uh, I’m gonna kill myself!', 'I got nothing.']",292,7,13,"[4, 5]","2900,2902"
3,Joey,"['surprise', 'surprise', 'fear']","00:12:47,808","00:12:58,026","['Apparently, there’s like a million guys out there that can play Mac, and there’s only this one robot and this one guy who controls it!', 'I didn’t know he could get me fired!', 'What am I going to do?']",293,6,21,"[0, 1, 2]","2907,2908,2909"
2,Joey,"['surprise', 'fear']","00:12:52,354","00:12:58,026","['I didn’t know he could get me fired!', 'What am I going to do?']",293,6,21,"[1, 2]","2908,2909"
3,Joey,"['neutral', 'neutral', 'joy']","00:13:11,540","00:13:21,591","['That’s not a bad idea.', 'Okay, but if I got to turn on the charm tomorrow I’m not wasting anymore of it over here with you guys.', 'Well, actually I got a little bit saved for you Pheebs.']",293,6,21,"[6, 7, 8]","2913,2915,2916"
2,Joey,"['neutral', 'joy']","00:13:13,542","00:13:21,591","['Okay, but if I got to turn on the charm tomorrow I’m not wasting anymore of it over here with you guys.', 'Well, actually I got a little bit saved for you Pheebs.']",293,6,21,"[7, 8]","2915,2916"
3,Phoebe,"['joy', 'neutral', 'anger']","0:14:27,366","00:14:32,787","['Okay, whatever.', 'Y’know what?', 'I don’t have time to convince you because he’s only here for four hours, and I’m gonna go see him!']",295,7,11,"[14, 15, 16]","2937,2938,2939"
2,Phoebe,"['neutral', 'anger']","0:14:28,708","00:14:32,787","['Y’know what?', 'I don’t have time to convince you because he’s only here for four hours, and I’m gonna go see him!']",295,7,11,"[15, 16]","2938,2939"
2,Monica,"['neutral', 'joy']","00:08:33,763","00:08:53,114","['Does she use the cups? Yes! I believe she does. Does she use the plates? Yes! I believe she does.', 'Oh. Thank you. Ohhh, thank you very much. Oh, thank you for coming.  Uh, just a second!']",297,4,20,"[0, 1]","2967,2968"
2,Ross,"['anger', 'joy']","0:22:08,952","00:22:16,250","['No! You let go!', 'How come it’s always us left in the field holding the ball?']",298,3,9,"[1, 2]","2978,2980"
2,Ross,"['sadness', 'anger']","00:22:25,927","0:22:35,605","['Hey! It’s starting to snow.', 'Gimme the this!']",298,3,9,"[4, 5]","2982,2983"
3,Barry,"['fear', 'neutral', 'fear']","00:19:41,388","00:19:46,726","['Oh God...', ""I'll be right there, Bernice."", ""Look, please, please don't go anywhere, okay?""]",301,1,20,"[2, 3, 4]","3007,3008,3009"
2,Barry,"['neutral', 'fear']","00:19:41,388","00:19:46,726","[""I'll be right there, Bernice."", ""Look, please, please don't go anywhere, okay?""]",301,1,20,"[3, 4]","3008,3009"
3,Rachel,"['neutral', 'neutral', 'anger']","0:19:48,456","0:19:53,301","['Okay.', ""Okay, we'll be here!"", 'Hating you!']",301,1,20,"[6, 7, 8]","3011,3012,3013"
3,Rachel,"['neutral', 'anger', 'surprise']","0:19:50,230","00:19:59,697","[""Okay, we'll be here!"", 'Hating you!', 'Did you see how he was sweating when he walked out of there?']",301,1,20,"[7, 8, 9]","3012,3013,3014"
3,Rachel,"['anger', 'surprise', 'neutral']","0:19:52,441","00:20:07,622","['Hating you!', 'Did you see how he was sweating when he walked out of there?', ""Listen honey, if I'm hogging the ball too much you just jump right in there and take a couple punches because I'm telling you, this feels""]",301,1,20,"[8, 9, 10]","3013,3014,3015"
2,Rachel,"['surprise', 'neutral']","00:19:54,443","00:20:07,622","['Did you see how he was sweating when he walked out of there?', ""Listen honey, if I'm hogging the ball too much you just jump right in there and take a couple punches because I'm telling you, this feels""]",301,1,20,"[9, 10]","3014,3015"
3,Ross,"['joy', 'joy', 'sadness']","00:12:45,890","00:12:59,694","['Umm, candles, champagne, yeah anniversaries are great.', ""‘Cause you know love lasts forever, y'know."", 'Nothing like it in this lifetime, money in the bank, so Rachel and I broke up.']",306,3,17,"[0, 1, 2]","3061,3062,3063"
2,Ross,"['joy', 'sadness']","00:12:51,103","00:12:59,694","[""‘Cause you know love lasts forever, y'know."", 'Nothing like it in this lifetime, money in the bank, so Rachel and I broke up.']",306,3,17,"[1, 2]","3062,3063"
2,Carol,"['joy', 'neutral']","00:13:01,238","00:13:13,583","['Oh God, Ross I am so sorry.', ""Y'know what, I want to talk to you about this so much, but we should probably do it when we could really get into it, are you free for dinner tomorrow night?""]",306,3,17,"[3, 4]","3064,3066"
3,Rachel,"['anger', 'surprise', 'neutral']","0:16:50,217","00:16:54,512","['Noo!', 'Maybe!', 'I, I don’t know.']",312,3,25,"[9, 10, 11]","3124,3125,3126"
3,Rachel,"['surprise', 'neutral', 'sadness']","0:16:50,301","00:17:07,442","['Maybe!', 'I, I don’t know.', 'Ross, I still can’t forgive you for what you did, I can’t, I just, but sometimes when I’m with you I just, I feel so...']",312,3,25,"[10, 11, 12]","3125,3126,3127"
2,Rachel,"['neutral', 'sadness']","00:16:52,886","00:17:07,442","['I, I don’t know.', 'Ross, I still can’t forgive you for what you did, I can’t, I just, but sometimes when I’m with you I just, I feel so...']",312,3,25,"[11, 12]","3126,3127"
2,Joey,"['neutral', 'sadness']","00:17:41,351","00:17:52,320","['Good night.', 'Wanna play strip poker for practice?']",312,3,25,"[20, 21]","3135,3136"
2,Chandler,"['neutral', 'sadness']","00:00:05,588","00:00:11,552","['Hey, it’s me.', 'I know you can’t stand to be in the same room as me, so I just thought I’d try and apologize over the phone.']",316,4,8,"[1, 2]","3166,3167"
3,Pete,"['neutral', 'joy', 'joy']","00:19:00,055","00:19:08,479","['Yeah.', 'Monica, I want you there in the front row when I win.', 'I want you close enough to smell the blood.']",319,3,23,"[18, 19, 20]","3214,3215,3216"
3,Pete,"['joy', 'joy', 'neutral']","00:19:02,307","00:19:12,150","['Monica, I want you there in the front row when I win.', 'I want you close enough to smell the blood.', 'What do you think?']",319,3,23,"[19, 20, 21]","3215,3216,3217"
2,Pete,"['joy', 'neutral']","00:19:05,978","00:19:12,150","['I want you close enough to smell the blood.', 'What do you think?']",319,3,23,"[20, 21]","3216,3217"
3,Chandler,"['sadness', 'neutral', 'neutral']","00:20:23,180","00:20:34,732","['When you were talking about Roger, that was killing me!', 'Look, things like last night they don’t just happen.', 'Or at least not to me.']",320,6,16,"[8, 9, 10]","3228,3229,3231"
3,Phoebe,"['joy', 'neutral', 'anger']","00:18:32,444","00:18:41,744","['Oh, come on!', 'Yes, remember that time on the frozen lake?', 'We were playing chess, you said I was boring, and then you took off your energy mask and you were Cameron Diaz!']",327,5,22,"[4, 5, 6]","3277,3278,3279"
3,Phoebe,"['neutral', 'anger', 'neutral']","00:18:33,654","00:18:47,333","['Yes, remember that time on the frozen lake?', 'We were playing chess, you said I was boring, and then you took off your energy mask and you were Cameron Diaz!', ""Okay, there's a""]",327,5,22,"[5, 6, 7]","3278,3279,3280"
2,Phoebe,"['anger', 'neutral']","00:18:37,783","00:18:47,333","['We were playing chess, you said I was boring, and then you took off your energy mask and you were Cameron Diaz!', ""Okay, there's a""]",327,5,22,"[6, 7]","3279,3280"
3,Phoebe,"['neutral', 'neutral', 'sadness']","00:07:58,561","00:08:05,066","[""I'm sorry."", ""It's just 'cause I couldn't be there."", 'Cause all I ever get to do now is pregnant stuff, it just bums me out.']",331,5,2,"[2, 3, 4]","3309,3310,3311"
2,Phoebe,"['neutral', 'sadness']","00:07:58,561","00:08:05,066","[""It's just 'cause I couldn't be there."", 'Cause all I ever get to do now is pregnant stuff, it just bums me out.']",331,5,2,"[3, 4]","3310,3311"
3,Ross,"['surprise', 'anger', 'surprise']","0:22:05,407","0:22:09,013","['Wait a minute!', 'No!', 'I’m the nice one!']",332,8,1,"[11, 12, 13]","3329,3330,3331"
3,Ross,"['anger', 'surprise', 'surprise']","0:22:06,089","00:22:12,955","['No!', 'I’m the nice one!', 'I’m the one who danced with the kids all night!']",332,8,1,"[12, 13, 14]","3330,3331,3332"
3,Ross,"['surprise', 'surprise', 'neutral']","0:22:07,132","00:22:15,499","['I’m the nice one!', 'I’m the one who danced with the kids all night!', 'How…How small are your feet?']",332,8,1,"[13, 14, 15]","3331,3332,3333"
2,Ross,"['surprise', 'neutral']","00:22:09,077","00:22:15,499","['I’m the one who danced with the kids all night!', 'How…How small are your feet?']",332,8,1,"[14, 15]","3332,3333"
3,Monica,"['sadness', 'anger', 'fear']","00:12:29,915","00:12:39,591","['No.', 'No, just, just, just a couple more boxes.', 'It-it-it’s no big deal, all right, I’m-I’m cool.']",336,3,10,"[6, 7, 8]","3365,3366,3367"
3,Monica,"['anger', 'fear', 'sadness']","00:12:29,915","00:12:44,137","['No, just, just, just a couple more boxes.', 'It-it-it’s no big deal, all right, I’m-I’m cool.', 'You gotta help me out with a couple more boxes!']",336,3,10,"[7, 8, 9]","3366,3367,3368"
2,Monica,"['fear', 'sadness']","00:12:29,915","00:12:44,137","['It-it-it’s no big deal, all right, I’m-I’m cool.', 'You gotta help me out with a couple more boxes!']",336,3,10,"[8, 9]","3367,3368"
3,Rachel,"['surprise', 'joy', 'neutral']","00:15:53,994","00:16:04,921","['What?', 'This-this, no, oh no, no-no-no, this is not—that’s-that’s not what it is.', 'See, see, okay, I work in fashion, see and-and, this is a real dress actually.']",338,4,18,"[3, 4, 5]","3407,3408,3409"
2,Rachel,"['joy', 'neutral']","00:15:53,994","00:16:04,921","['This-this, no, oh no, no-no-no, this is not—that’s-that’s not what it is.', 'See, see, okay, I work in fashion, see and-and, this is a real dress actually.']",338,4,18,"[4, 5]","3408,3409"
3,Joey,"['joy', 'neutral', 'neutral']","00:02:13,550","0:02:19,218","['Very funny Ross!', 'Very life-like and funny.', 'Okay.']",344,5,17,"[0, 1, 2]","3450,3451,3452"
3,Joey,"['neutral', 'neutral', 'surprise']","0:02:17,554","00:02:28,772","['Okay.', ""Oh no-no-no, I wasn't waving at you lady."", 'Whoa, maybe I was!']",344,5,17,"[2, 3, 4]","3452,3453,3454"
2,Joey,"['neutral', 'surprise']","00:02:21,474","00:02:28,772","[""Oh no-no-no, I wasn't waving at you lady."", 'Whoa, maybe I was!']",344,5,17,"[3, 4]","3453,3454"
3,Joey,"['joy', 'fear', 'neutral']","00:02:36,489","00:02:46,915","[""Yeah, I-I-I'm down with that."", 'Okay, here goes.', ""How  you  a-doin'?""]",344,5,17,"[7, 8, 9]","3457,3458,3459"
3,Joey,"['fear', 'neutral', 'surprise']","00:02:40,702","0:02:52,673","['Okay, here goes.', ""How  you  a-doin'?"", 'It worked!']",344,5,17,"[8, 9, 10]","3458,3459,3460"
3,Joey,"['neutral', 'surprise', 'joy']","00:02:43,746","0:02:53,765","[""How  you  a-doin'?"", 'It worked!', ""She's waving me over.""]",344,5,17,"[9, 10, 11]","3459,3460,3461"
3,Joey,"['surprise', 'joy', 'joy']","0:02:51,838","0:02:55,362","['It worked!', ""She's waving me over."", ""Okay, I-I-I'll be right over.""]",344,5,17,"[10, 11, 12]","3460,3461,3462"
3,Joey,"['joy', 'joy', 'neutral']","0:02:52,673","00:02:57,759","[""She's waving me over."", ""Okay, I-I-I'll be right over."", ""Let's see, she's on the third floor""]",344,5,17,"[11, 12, 13]","3461,3462,3463"
2,Joey,"['joy', 'neutral']","0:02:53,765","00:02:57,759","[""Okay, I-I-I'll be right over."", ""Let's see, she's on the third floor""]",344,5,17,"[12, 13]","3462,3463"
3,Chandler,"['neutral', 'anger', 'joy']","00:21:46,138","00:21:54,854","['Yes, Fran.', ""I know what time it is, but I'm looking at the WENUS and I'm not happy!..."", 'Oh, really, really, really?']",352,1,15,"[0, 1, 2]","3532,3533,3534"
3,Chandler,"['anger', 'joy', 'anger']","00:21:48,348","0:21:58,164","[""I know what time it is, but I'm looking at the WENUS and I'm not happy!..."", 'Oh, really, really, really?', 'Well, let me tell you something... you will care about it, because I care about it!']",352,1,15,"[1, 2, 3]","3533,3534,3535"
3,Chandler,"['joy', 'anger', 'neutral']","00:21:52,728","0:21:58,626","['Oh, really, really, really?', 'Well, let me tell you something... you will care about it, because I care about it!', 'You got it?']",352,1,15,"[2, 3, 4]","3534,3535,3536"
3,Chandler,"['anger', 'neutral', 'joy']","0:21:55,022","0:21:59,680","['Well, let me tell you something... you will care about it, because I care about it!', 'You got it?', 'Good!']",352,1,15,"[3, 4, 5]","3535,3536,3537"
3,Chandler,"['neutral', 'joy', 'surprise']","0:21:58,164","00:22:04,113","['You got it?', 'Good!', 'Whooooaaaa....']",352,1,15,"[4, 5, 6]","3536,3537,3538"
2,Chandler,"['joy', 'surprise']","0:21:58,626","00:22:04,113","['Good!', 'Whooooaaaa....']",352,1,15,"[5, 6]","3537,3538"
3,Monica,"['neutral', 'neutral', 'anger']","0:02:04,124","00:02:10,879","[""I'm going into business people."", ""I'm sick and tired of being depressed about Richard."", 'I needed a plan, a plan to get over my man.']",356,3,3,"[15, 16, 17]","3579,3580,3581"
3,Monica,"['neutral', 'anger', 'neutral']","0:02:05,546","0:02:12,257","[""I'm sick and tired of being depressed about Richard."", 'I needed a plan, a plan to get over my man.', ""What's the opposite of man?""]",356,3,3,"[16, 17, 18]","3580,3581,3582"
3,Monica,"['anger', 'neutral', 'neutral']","00:02:08,211","0:02:14,159","['I needed a plan, a plan to get over my man.', ""What's the opposite of man?"", 'Jam.']",356,3,3,"[17, 18, 19]","3581,3582,3583"
3,Monica,"['neutral', 'neutral', 'fear']","0:02:11,047","0:02:17,679","[""What's the opposite of man?"", 'Jam.', ""Oh Joey don't!""]",356,3,3,"[18, 19, 20]","3582,3583,3584"
3,Monica,"['neutral', 'fear', 'anger']","0:02:12,257","0:02:18,148","['Jam.', ""Oh Joey don't!"", ""It's way to hot.""]",356,3,3,"[19, 20, 21]","3583,3584,3585"
2,Monica,"['fear', 'anger']","0:02:16,219","0:02:18,148","[""Oh Joey don't!"", ""It's way to hot.""]",356,3,3,"[20, 21]","3584,3585"
2,Phoebe,"['sadness', 'neutral']","00:00:58,475","00:01:09,151","['Yes, while I was in the chair!', ""That’s why I take such good care of my teeth now, y'know, it’s not about oral hygiene, I floss to save lives!""]",358,3,8,"[14, 15]","3606,3607"
2,Rachel,"['neutral', 'sadness']","00:12:11,272","00:12:14,482","['No, I know, but I—he just went on.', ""He's right there, he's got the blue jacket on, I... can I j-just...""]",365,1,24,"[4, 5]","3656,3657"
2,Man,"['surprise', 'anger']","00:12:39,216","00:12:46,765","["": Toby... Oh, for God's sake, I don't know what she's talking about!"", ""There's no Rachel!""]",365,1,24,"[13, 14]","3665,3666"
3,Chandler,"['neutral', 'neutral', 'anger']","0:19:23,036","0:19:27,124","[""Here's the thing, Janice."", ""You know, I mean, it's like we're different."", ""I'm like the bing, bing, bing.""]",366,1,5,"[0, 1, 2]","3668,3669,3670"
3,Chandler,"['neutral', 'anger', 'neutral']","0:19:24,218","0:19:27,768","[""You know, I mean, it's like we're different."", ""I'm like the bing, bing, bing."", ""You're like the boom, boom, ... boom.""]",366,1,5,"[1, 2, 3]","3669,3670,3671"
2,Chandler,"['anger', 'neutral']","0:19:25,747","0:19:27,768","[""I'm like the bing, bing, bing."", ""You're like the boom, boom, ... boom.""]",366,1,5,"[2, 3]","3670,3671"
3,Chandler,"['joy', 'neutral', 'neutral']","00:13:44,365","00:13:56,417","['It doesn’t matter because nothing beats a three and a six.', 'That my friend is D-Cup.', 'Okay, now much have you won so far?']",367,6,6,"[2, 3, 4]","3689,3690,3691"
3,Chandler,"['neutral', 'neutral', 'surprise']","00:14:13,352","00:14:28,783","['Now, after you receive the doubling bonus, you get uh, one card.', 'Now that one card could be worth $100 bringing your total to 1,500.', 'Don’t get to excited because that’s not gonna happen unless you get—No way!']",367,6,6,"[13, 14, 15]","3700,3701,3702"
2,Chandler,"['neutral', 'surprise']","00:14:18,357","00:14:28,783","['Now that one card could be worth $100 bringing your total to 1,500.', 'Don’t get to excited because that’s not gonna happen unless you get—No way!']",367,6,6,"[14, 15]","3701,3702"
2,Ross,"['sadness', 'joy']","00:21:44,678","00:22:05,323","['I’m, I’m sorry you didn’t get to go to Spacecamp, and I’m hoping that maybe somehow, this may make up for it.', 'Presenting Sarah Tuttle’s Private Very Special Spacecamp!']",368,3,10,"[0, 1]","3703,3704"
3,Phoebe,"['joy', 'sadness', 'joy']","00:19:32,796","00:19:42,638","[""But they don't see all the wonderfulness that I see."", ""They don't see all the good stuff and all the sweet stuff."", ""They just think you're a little...""]",372,1,13,"[8, 9, 10]","3730,3731,3732"
2,Phoebe,"['sadness', 'joy']","00:19:37,342","00:19:42,638","[""They don't see all the good stuff and all the sweet stuff."", ""They just think you're a little...""]",372,1,13,"[9, 10]","3731,3732"
3,Woman,"['neutral', 'neutral', 'anger']","0:15:50,658","0:15:57,177","['Well you can have the suite if you want.', 'We don’t care about where we stay.', 'We’re here to celebrate our love together.']",374,8,3,"[10, 11, 12]","3754,3755,3756"
3,Woman,"['neutral', 'anger', 'anger']","0:15:52,827","0:15:59,641","['We don’t care about where we stay.', 'We’re here to celebrate our love together.', 'We don’t have to get free stuff.']",374,8,3,"[11, 12, 13]","3755,3756,3757"
3,Woman,"['anger', 'anger', 'joy']","0:15:55,245","00:16:02,043","['We’re here to celebrate our love together.', 'We don’t have to get free stuff.', 'We just want to be together.']",374,8,3,"[12, 13, 14]","3756,3757,3758"
2,Woman,"['anger', 'joy']","0:15:57,177","00:16:02,043","['We don’t have to get free stuff.', 'We just want to be together.']",374,8,3,"[13, 14]","3757,3758"
3,Rachel,"['neutral', 'joy', 'joy']","00:17:54,406","0:17:59,053","['Okay, well then how about a handshake?', ""Oh God I'm sorry!"", ""Oh God, I'm sorry!""]",375,5,17,"[1, 2, 3]","3761,3762,3763"
3,Rachel,"['joy', 'joy', 'fear']","0:17:57,367","00:18:04,665","[""Oh God I'm sorry!"", ""Oh God, I'm sorry!"", 'I did not mean to touch that—I mean']",375,5,17,"[2, 3, 4]","3762,3763,3764"
2,Rachel,"['joy', 'fear']","0:17:58,369","00:18:04,665","[""Oh God, I'm sorry!"", 'I did not mean to touch that—I mean']",375,5,17,"[3, 4]","3763,3764"
3,Mark,"['neutral', 'neutral', 'surprise']","00:15:18,000","00:15:24,422","[""Y'know?"", 'Look, if you want to get back at Ross, I am here for you.', 'Really?']",379,3,19,"[8, 9, 10]","3788,3789,3790"
2,Mark,"['neutral', 'surprise']","00:15:18,792","00:15:24,422","['Look, if you want to get back at Ross, I am here for you.', 'Really?']",379,3,19,"[9, 10]","3789,3790"
2,Mark,"['neutral', 'anger']","00:15:24,590","00:15:29,594","['No-no, I say-I say, I say we get back at him right on this couch.', 'Right here!']",380,6,10,"[0, 1]","3791,3792"
2,Joey,"['disgust', 'joy']","00:09:23,680","00:09:40,960","['I saw this movie once where there was a door and no one knew what was behind it, and when they finally got it open millions and millions and millions of bugs came pouring out and they feasted on human flesh.', 'Y’know it wouldn’t kill ya to respect your wife’s privacy!']",383,8,14,"[1, 2]","3801,3802"
2,Joey,"['joy', 'anger']","00:09:37,280","00:09:48,560","['Y’know it wouldn’t kill ya to respect your wife’s privacy!', 'Stupid closet full of bugs!']",383,8,14,"[2, 3]","3802,3803"
3,Joey,"['neutral', 'neutral', 'surprise']","00:10:09,000","00:10:14,520","['Take my hand.', 'Here we go.', 'Oww crushing bones!']",383,8,14,"[9, 10, 11]","3813,3814,3815"
2,Joey,"['neutral', 'surprise']","00:10:11,000","00:10:14,520","['Here we go.', 'Oww crushing bones!']",383,8,14,"[10, 11]","3814,3815"
2,Joey,"['joy', 'sadness']","00:21:34,584","00:21:42,008","['Cool!!', 'Ross, Joey. Joey, Ross.']",387,3,6,"[3, 4]","3831,3832"
3,Joey,"['surprise', 'surprise', 'joy']","00:06:29,972","0:06:36,312","['Aw!', 'Look at that, every inch of this stuff is glued down.', 'It’d take forever to pry this up.']",388,3,5,"[10, 11, 12]","3844,3845,3846"
3,Joey,"['surprise', 'joy', 'neutral']","00:06:31,391","0:06:38,219","['Look at that, every inch of this stuff is glued down.', 'It’d take forever to pry this up.', 'You should ah, you should just leave it.']",388,3,5,"[11, 12, 13]","3845,3846,3847"
2,Joey,"['joy', 'neutral']","0:06:34,560","0:06:38,219","['It’d take forever to pry this up.', 'You should ah, you should just leave it.']",388,3,5,"[12, 13]","3846,3847"
2,Joey,"['joy', 'surprise']","0:15:10,003","00:15:16,539","['Absolutely! And if it doesn’t, can I get the extra ticket?', 'What the heck is that?']",390,4,13,"[1, 2]","3866,3867"
3,Phoebe,"['joy', 'joy', 'neutral']","0:17:51,180","00:17:55,865","['Ooh!', 'Ooh!', 'I just say someone on the—that looks just like you on the subway.']",392,4,23,"[3, 4, 5]","3872,3873,3874"
3,Phoebe,"['joy', 'neutral', 'joy']","0:17:52,807","00:18:00,495","['Ooh!', 'I just say someone on the—that looks just like you on the subway.', 'And I was gonna go over and say ‘hi!’ but then I figured, he doesn’t care if he looks like you.']",392,4,23,"[4, 5, 6]","3873,3874,3875"
2,Phoebe,"['neutral', 'joy']","00:17:53,030","00:18:00,495","['I just say someone on the—that looks just like you on the subway.', 'And I was gonna go over and say ‘hi!’ but then I figured, he doesn’t care if he looks like you.']",392,4,23,"[5, 6]","3874,3875"
2,Liam,"['joy', 'anger']","00:12:44,013","00:12:50,351","['Ross! Ross! Come on! Get in here!  Ross! Come on!', 'Ross, come on! Get in the bloody scrum! Ross, get in!']",393,4,15,"[5, 6]","3887,3888"
2,Phoebe,"['sadness', 'surprise']","00:15:29,887","00:15:37,393","[""I'm so sorry! No I'm sorry! No I'm sorry! No I'm sorry!"", 'No, wait, oh, what are we sorry about?']",398,1,12,"[6, 7]","3911,3912"
2,Rachel,"['neutral', 'sadness']","00:16:23,607","00:16:34,450","[""No, no, trust, me, it's, it's, it's much better that I know."", 'Uh, I just liked it better before it was better...']",400,1,12,"[7, 8]","3927,3928"
3,Joey,"['neutral', 'anger', 'sadness']","0:02:59,137","00:03:05,767","['No, Chandler.', 'Look, forget about it, okay?', 'Look, I know things have been a little tight since Janine moved out.']",404,6,12,"[6, 7, 8]","3951,3952,3953"
3,Joey,"['anger', 'sadness', 'joy']","0:03:00,139","00:03:05,767","['Look, forget about it, okay?', 'Look, I know things have been a little tight since Janine moved out.', 'Oh, was she hot.']",404,6,12,"[7, 8, 9]","3952,3953,3954"
2,Joey,"['sadness', 'joy']","00:03:01,806","00:03:05,767","['Look, I know things have been a little tight since Janine moved out.', 'Oh, was she hot.']",404,6,12,"[8, 9]","3953,3954"
3,Joey,"['surprise', 'neutral', 'neutral']","0:03:06,937","0:03:10,065","['I know!', 'Yeah, but, look I can handle it.', 'All right?']",404,6,12,"[11, 12, 13]","3956,3957,3958"
3,Chandler,"['neutral', 'anger', 'anger']","0:21:38,964","0:21:44,388","[""Oh good, okay, I can't take it anymore."", ""I can't take it anymore."", 'So you win, okay?']",405,5,11,"[0, 1, 2]","3965,3966,3967"
3,Chandler,"['anger', 'anger', 'surprise']","0:21:44,388","0:21:48,253","['Here!', 'Pheebs?', 'Flying a jet?']",405,5,11,"[3, 4, 5]","3968,3969,3970"
3,Chandler,"['anger', 'surprise', 'neutral']","0:21:45,679","00:21:50,641","['Pheebs?', 'Flying a jet?', 'Better make it a spaceship so that you can get back to your']",405,5,11,"[4, 5, 6]","3969,3970,3971"
2,Chandler,"['surprise', 'neutral']","0:21:46,514","00:21:50,641","['Flying a jet?', 'Better make it a spaceship so that you can get back to your']",405,5,11,"[5, 6]","3970,3971"
2,Chandler,"['neutral', 'joy']","00:01:59,869","0:02:14,010","['Oh yeah?  Joshua, give me a call sometime, guys like you  never go out of style—what did you throw away?', 'Hi guys!']",409,4,16,"[2, 3]","3995,3996"
2,Ross,"['joy', 'neutral']","00:19:10,232","00:19:18,406","['Fine, just stop thinking about me.', ""Can't do it, can you?""]",410,1,24,"[3, 4]","4007,4008"
2,Rachel,"['fear', 'sadness']","00:19:52,399","00:19:54,358","['If we broke up, and I lost you...', 'Ohh, God.']",410,1,24,"[17, 18]","4021,4022"
3,Joey,"['neutral', 'neutral', 'fear']","0:13:06,288","00:13:09,454","['Okay, I can do this.', 'I can tell her how I feel.', 'Just uh, just stand up straight.']",421,8,16,"[1, 2, 3]","4113,4114,4115"
3,Joey,"['neutral', 'fear', 'fear']","0:13:06,590","00:13:12,582","['I can tell her how I feel.', 'Just uh, just stand up straight.', 'Take a couple deep breaths.']",421,8,16,"[2, 3, 4]","4114,4115,4116"
3,Monica,"['neutral', 'neutral', 'surprise']","0:11:34,122","00:11:42,575","[""No, he's gone."", ""No no, you don't have to fly back, really."", 'What do you mean this might be your only chance?']",423,1,23,"[3, 4, 5]","4133,4134,4135"
3,Monica,"['neutral', 'surprise', 'anger']","00:11:37,113","00:11:45,120","[""No no, you don't have to fly back, really."", 'What do you mean this might be your only chance?', 'Would you stop?']",423,1,23,"[4, 5, 6]","4134,4135,4136"
3,Monica,"['surprise', 'anger', 'anger']","00:11:40,449","00:11:50,792","['What do you mean this might be your only chance?', 'Would you stop?', ""I'm only 26, I'm not even thinking about babies yet.""]",423,1,23,"[5, 6, 7]","4135,4136,4137"
3,Ross,"['neutral', 'neutral', 'anger']","0:09:48,921","00:10:04,477","['She lives so close.', 'And, at the end of the date, the other time, she-she said something that was—if she was kidding was very funny.', 'On the other hand, if she wasn’t kidding, she’s not fun, she’s stupid, and kind of a racist.']",424,4,10,"[10, 11, 12]","4152,4153,4154"
2,Ross,"['neutral', 'anger']","00:09:51,716","00:10:04,477","['And, at the end of the date, the other time, she-she said something that was—if she was kidding was very funny.', 'On the other hand, if she wasn’t kidding, she’s not fun, she’s stupid, and kind of a racist.']",424,4,10,"[11, 12]","4153,4154"
2,Rachel,"['neutral', 'sadness']","00:20:46,662","00:20:56,212","['Oh, I mean she’s gonna be at the wedding waiting for him and people will be whispering, ""Oh that poor girl.""', 'Then she’ll have to come back here and live all alone.']",425,7,23,"[1, 2]","4161,4163"
3,Phoebe,"['neutral', 'sadness', 'anger']","00:21:10,852","00:21:24,115","['Hi.', 'Listen, I’m sorry about that whole thing with Roger.', 'It really wasn’t right, and I, and I want to make it up to you, so umm, I brought you something that I think you’ll really enjoy.']",426,8,11,"[0, 1, 2]","4167,4168,4169"
3,Phoebe,"['sadness', 'anger', 'neutral']","00:21:10,852","0:21:33,083","['Listen, I’m sorry about that whole thing with Roger.', 'It really wasn’t right, and I, and I want to make it up to you, so umm, I brought you something that I think you’ll really enjoy.', 'Now, this is just a loan.']",426,8,11,"[1, 2, 3]","4168,4169,4170"
3,Phoebe,"['anger', 'neutral', 'neutral']","00:21:15,899","0:21:33,725","['It really wasn’t right, and I, and I want to make it up to you, so umm, I brought you something that I think you’ll really enjoy.', 'Now, this is just a loan.', 'Okay?']",426,8,11,"[2, 3, 4]","4169,4170,4171"
3,Phoebe,"['neutral', 'neutral', 'sadness']","0:21:33,725","00:21:47,430","['I’m gonna, I’m gonna want him back.', 'So…  I’m gonna go now.', 'I’m sorry, I thought I could do it and I can’t!']",426,8,11,"[5, 6, 7]","4172,4173,4174"
2,Phoebe,"['neutral', 'sadness']","0:21:35,697","00:21:47,430","['So…  I’m gonna go now.', 'I’m sorry, I thought I could do it and I can’t!']",426,8,11,"[6, 7]","4173,4174"
2,Chandler,"['surprise', 'sadness']","00:21:44,594","00:21:53,352","['What do you want from me, I’ve never met the guy.', 'So anyway, Rachel, I’m sorry you can’t stay,  but the rest of us have a']",428,4,14,"[7, 8]","4187,4188"
3,Phoebe,"['disgust', 'surprise', 'anger']","00:14:51,807","0:14:56,591","['That sucks!', ""That's not a trip!"", 'I just came from the park!']",431,5,2,"[9, 10, 11]","4219,4220,4221"
3,Phoebe,"['surprise', 'anger', 'anger']","0:14:54,268","00:14:59,731","[""That's not a trip!"", 'I just came from the park!', 'What are we gonna high five about at the stupid Central Park?']",431,5,2,"[10, 11, 12]","4220,4221,4222"
2,Rachel,"['surprise', 'anger']","00:15:09,867","00:15:24,964","['Ho-ho-hold on a sec there, Mr. Kissey!', ""Y'know, I've been meaning to talk to you about this whole, little, new European thing you got going on, and I just need to tell you that it makes me very uncomfortable and I just—y'know—stop it!""]",431,5,2,"[15, 16]","4226,4227"
3,Ross,"['neutral', 'neutral', 'joy']","00:19:46,351","00:20:06,454","['On the other hand in um, in about seven months you’re gonna have something that you’re gonna love more than any guy you’ve ever gone out with.', 'Just wait.', 'Wait until uh, wait until the first time your baby grabs your finger.']",434,8,5,"[4, 5, 6]","4238,4239,4240"
3,Ross,"['neutral', 'joy', 'joy']","00:19:59,489","00:20:09,123","['Just wait.', 'Wait until uh, wait until the first time your baby grabs your finger.', 'You have no idea.']",434,8,5,"[5, 6, 7]","4239,4240,4241"
3,Joey,"['joy', 'disgust', 'anger']","00:06:19,045","00:06:26,676","['Look at this clown!', 'Just because he’s got a bigger boat he thinks he can take up the whole river.', 'Get out of the way jackass!']",436,7,3,"[0, 1, 2]","4260,4261,4262"
3,Joey,"['disgust', 'anger', 'disgust']","00:06:20,463","00:06:31,056","['Just because he’s got a bigger boat he thinks he can take up the whole river.', 'Get out of the way jackass!', 'Who names their boat Coast Guard anyway?']",436,7,3,"[1, 2, 3]","4261,4262,4263"
2,Joey,"['anger', 'disgust']","00:06:23,966","00:06:31,056","['Get out of the way jackass!', 'Who names their boat Coast Guard anyway?']",436,7,3,"[2, 3]","4262,4263"
3,Phoebe,"['disgust', 'neutral', 'joy']","00:13:13,709","0:13:22,764","['No, no, no, I wouldn’t do you myself, I mean that would be weird.', 'Yeah, no, I’ll get one of the other girls to do it.', 'Oh, this will be so much fun!']",439,3,5,"[1, 2, 3]","4287,4288,4289"
3,Phoebe,"['neutral', 'joy', 'surprise']","00:13:19,256","0:13:25,226","['Yeah, no, I’ll get one of the other girls to do it.', 'Oh, this will be so much fun!', 'Hey!']",439,3,5,"[2, 3, 4]","4288,4289,4290"
3,Phoebe,"['joy', 'surprise', 'joy']","0:13:21,342","00:13:27,430","['Oh, this will be so much fun!', 'Hey!', 'Are you excited?']",439,3,5,"[3, 4, 5]","4289,4290,4291"
2,Phoebe,"['surprise', 'joy']","0:13:22,764","00:13:27,430","['Hey!', 'Are you excited?']",439,3,5,"[4, 5]","4290,4291"
3,Mona,"['joy', 'neutral', 'neutral']","0:11:15,345","0:11:20,915","['No, it’s still wet.', 'Let me get it out before it sets.', 'Ooh, I have something you can wear.']",441,8,17,"[3, 4, 5]","4310,4312,4313"
2,Phoebe,"['neutral', 'surprise']","00:02:00,370","00:02:17,886","['Okay, your highness.', 'Um, Rachel I’m really sorry.  That’s okay, do you wanna get back together?  Yeah, okay.  Did anyone else hear that?!']",443,3,17,"[6, 7]","4331,4332"
3,Monica,"['joy', 'joy', 'anger']","00:10:25,124","00:10:39,804","['Absolutely!', 'Now get out of here you!!', 'Okay, I’m running out of places I can touch him!']",446,3,19,"[12, 13, 14]","4375,4376,4377"
3,Monica,"['joy', 'anger', 'sadness']","00:10:28,336","00:10:42,057","['Now get out of here you!!', 'Okay, I’m running out of places I can touch him!', 'Look, is there something wrong with me?']",446,3,19,"[13, 14, 15]","4376,4377,4378"
3,Monica,"['anger', 'sadness', 'sadness']","00:10:36,719","00:10:45,018","['Okay, I’m running out of places I can touch him!', 'Look, is there something wrong with me?', 'I mean why am I only attracted to guys where there’s no future?']",446,3,19,"[14, 15, 16]","4377,4378,4379"
2,Joey,"['neutral', 'joy']","00:09:10,174","00:09:23,353","['So, we’re walking down the street and I turn to you and I say, “Hey, let’s go hang out at Totally Nude Nudes,” remember?', 'And then, and then, you turn to me and say, “Nah, let’s just hang out at your place.” Well, that was a nice move dumb ass.']",447,3,18,"[1, 2]","4385,4386"
3,Ross,"['neutral', 'neutral', 'sadness']","00:20:34,942","00:20:55,044","['Item J437-A, color: winterberry.', 'Hi umm, listen come here, come in.', 'I’m so-so sorry about yesterday.']",449,8,17,"[0, 1, 2]","4399,4400,4401"
3,Ross,"['neutral', 'sadness', 'sadness']","00:20:49,456","0:20:56,678","['Hi umm, listen come here, come in.', 'I’m so-so sorry about yesterday.', 'I-I’m really sorry.']",449,8,17,"[1, 2, 3]","4400,4401,4402"
3,Ross,"['sadness', 'sadness', 'joy']","00:20:52,334","0:20:57,973","['I’m so-so sorry about yesterday.', 'I-I’m really sorry.', 'It’s just that I']",449,8,17,"[2, 3, 4]","4401,4402,4403"
2,Ross,"['sadness', 'joy']","0:20:55,796","0:20:57,973","['I-I’m really sorry.', 'It’s just that I']",449,8,17,"[3, 4]","4402,4403"
3,Mona,"['sadness', 'joy', 'sadness']","0:21:03,929","00:21:12,895","['Yeah, you still have feelings for me.', 'And-and to be honest, I-I still have feelings for you.', 'And I wish that we can work it out Ross, but we can’t.']",449,8,17,"[7, 8, 9]","4406,4407,4408"
3,Mona,"['joy', 'sadness', 'sadness']","00:21:06,181","00:21:20,444","['And-and to be honest, I-I still have feelings for you.', 'And I wish that we can work it out Ross, but we can’t.', 'It’s too complicated with you and Rachel and the baby, I-I just… It just wasn’t meant to be.']",449,8,17,"[8, 9, 10]","4407,4408,4409"
2,Monica,"['surprise', 'joy']","00:13:51,038","00:14:11,432","['It is so weird, I know what I said, but uh, this morning, I was lying in bed I was, I was imagining what it would be like to say yes.', 'I know it’s a little sudden, and it’s a little rushed, and it’s totally not like me to do something like this, but that doesn’t mean I can’t.']",450,3,23,"[8, 9]","4421,4422"
3,Monica,"['anger', 'neutral', 'neutral']","00:44:20,366","00:44:29,207","[""I can't just walk away! I've put in four hours!"", 'You knew this about me when you married me!', 'You agreed to take me in sickness and in health.']",451,9,23,"[4, 5, 6]","4441,4444,4445"
3,Monica,"['neutral', 'neutral', 'anger']","00:44:23,702","00:44:31,668","['You knew this about me when you married me!', 'You agreed to take me in sickness and in health.', 'Well, this is my sickness!']",451,9,23,"[5, 6, 7]","4444,4445,4446"
2,Monica,"['neutral', 'anger']","00:44:26,246","00:44:31,668","['You agreed to take me in sickness and in health.', 'Well, this is my sickness!']",451,9,23,"[6, 7]","4445,4446"
2,Julie,"['surprise', 'anger']","00:20:21,303","00:20:31,604","['Oh my god, are you kidding?', ""Ross is so crazy about you, and I really wanted you to like me, and, it's probably me being totally paranoid, but I kinda got the feeling that maybe you don't.""]",455,2,2,"[7, 8]","4465,4466"
3,Barry,"['joy', 'sadness', 'sadness']","00:07:05,508","00:07:14,266","['We can, we can go to Aruba!', 'When I went there on what would have been our honeymoon, it was, uh... it was really nice.', ""You would've liked it.""]",457,1,20,"[6, 7, 8]","4494,4495,4496"
3,Rachel,"['neutral', 'neutral', 'surprise']","0:05:16,274","00:05:30,370","['It was cheesecake.', 'It was fine.', 'It had a buttery, crumbly, graham cracker crust, with a very rich yet light, cream cheese filling…  Wow!']",463,7,11,"[6, 7, 8]","4543,4544,4545"
3,Rachel,"['neutral', 'surprise', 'joy']","0:05:17,985","00:05:35,876","['It was fine.', 'It had a buttery, crumbly, graham cracker crust, with a very rich yet light, cream cheese filling…  Wow!', 'My whole mouth just filled with saliva!']",463,7,11,"[7, 8, 9]","4544,4545,4546"
2,Rachel,"['surprise', 'joy']","00:05:19,402","00:05:35,876","['It had a buttery, crumbly, graham cracker crust, with a very rich yet light, cream cheese filling…  Wow!', 'My whole mouth just filled with saliva!']",463,7,11,"[8, 9]","4545,4546"
3,Rachel,"['neutral', 'joy', 'neutral']","00:11:21,639","00:11:37,696","['Okay.', 'Happy birthday Grandma!', 'It’s better to be over the hill  then buried under it.']",464,7,14,"[10, 11, 12]","4561,4562,4563"
3,Rachel,"['joy', 'neutral', 'neutral']","00:11:27,561","0:11:43,755","['Happy birthday Grandma!', 'It’s better to be over the hill  then buried under it.', 'All our love Monica and Chandler.']",464,7,14,"[11, 12, 13]","4562,4563,4564"
3,Rachel,"['neutral', 'neutral', 'joy']","00:11:32,191","0:11:43,920","['It’s better to be over the hill  then buried under it.', 'All our love Monica and Chandler.', 'That’s funny, yeah!']",464,7,14,"[12, 13, 14]","4563,4564,4565"
2,Rachel,"['neutral', 'joy']","0:11:40,783","0:11:43,920","['All our love Monica and Chandler.', 'That’s funny, yeah!']",464,7,14,"[13, 14]","4564,4565"
2,Rachel,"['sadness', 'neutral']","00:11:51,877","00:12:00,135","['No I know, because to be a grandmother you have to be married and have children and I don’t have any of those things.', 'That’s why it’s so funny.']",464,7,14,"[18, 19]","4569,4570"
3,Monica,"['sadness', 'joy', 'joy']","0:19:36,967","0:19:43,854","['Well no, wait a minute, that’s not true!', 'No, what did, that was really sweet.', 'And it kinda works out for the best.']",474,7,19,"[10, 11, 12]","4637,4638,4639"
3,Phoebe,"['neutral', 'neutral', 'joy']","00:31:20,962","00:31:31,680","[""Well, on the bright side, now you won't have to see all these paleontologists with their shirts off."", 'Not you guys.', 'You got it going on!']",475,9,23,"[1, 2, 3]","4647,4648,4649"
2,Phoebe,"['neutral', 'joy']","00:31:26,551","00:31:31,680","['Not you guys.', 'You got it going on!']",475,9,23,"[2, 3]","4648,4649"
3,Chandler,"['anger', 'neutral', 'neutral']","00:15:02,484","00:15:15,747","['Nine times!', 'Okay, I had to put on lotion!', 'But, it’s gonna be okay, because as of tomorrow I’m conducting an experiment, and if all goes as planned, my butt will be smack free.']",477,3,24,"[15, 16, 17]","4693,4694,4695"
3,Dana,"['neutral', 'anger', 'surprise']","00:08:14,744","00:08:23,168","['Apparently Howie’s editing now.', 'Yeah, he-he-he calls me up and asks me if he can edit my new movie.', 'Can you believe that?!']",479,6,18,"[3, 4, 5]","4715,4716,4717"
3,Dana,"['anger', 'surprise', 'surprise']","00:08:17,330","00:08:29,090","['Yeah, he-he-he calls me up and asks me if he can edit my new movie.', 'Can you believe that?!', 'Y’know I-I-I haven’t spoken to him in like ten years and he asks me for a favor!']",479,6,18,"[4, 5, 6]","4716,4717,4718"
2,Tag,"['joy', 'neutral']","0:21:21,113","0:21:25,284","['Good! Good, long time no see.', 'Like your sweater.']",480,8,2,"[1, 2]","4725,4727"
3,Rachel,"['joy', 'joy', 'surprise']","0:02:00,328","00:02:07,240","['Yeah!', ""You know, ever since I had that dream about him, and can't    get it out of my head!"", ""And what's the big deal, people do it all the time!""]",481,9,20,"[1, 2, 3]","4736,4737,4738"
2,Rachel,"['joy', 'surprise']","00:02:00,900","00:02:07,240","[""You know, ever since I had that dream about him, and can't    get it out of my head!"", ""And what's the big deal, people do it all the time!""]",481,9,20,"[2, 3]","4737,4738"
3,Phoebe,"['surprise', 'surprise', 'neutral']","00:18:56,176","00:19:08,396","['My God!', 'Why didn’t I see that!', 'Reset button, reset button, where is there a reset button?']",482,7,12,"[12, 13, 14]","4765,4766,4767"
3,Phoebe,"['surprise', 'neutral', 'joy']","00:18:58,428","0:19:07,069","['Why didn’t I see that!', 'Reset button, reset button, where is there a reset button?', 'Oh here it is!']",482,7,12,"[13, 14, 15]","4766,4767,4768"
3,Phoebe,"['neutral', 'joy', 'surprise']","00:19:02,391","0:19:08,449","['Reset button, reset button, where is there a reset button?', 'Oh here it is!', 'Oh!']",482,7,12,"[14, 15, 16]","4767,4768,4769"
2,Phoebe,"['joy', 'surprise']","0:19:05,227","0:19:08,449","['Oh here it is!', 'Oh!']",482,7,12,"[15, 16]","4768,4769"
3,Joey,"['anger', 'anger', 'neutral']","00:16:55,681","00:17:11,904","[""Hey, so listen, I went across the street and talked to the doorman- I got the peeper's name! Can I use the phone?"", 'Nngghhh!!!!!!!', 'Can I use your phone?  Yeah, the number for a Sidney Marks, please.']",483,1,20,"[8, 9, 10]","4779,4780,4781"
2,Joey,"['anger', 'neutral']","00:17:01,562","00:17:11,904","['Nngghhh!!!!!!!', 'Can I use your phone?  Yeah, the number for a Sidney Marks, please.']",483,1,20,"[9, 10]","4780,4781"
3,Joey,"['surprise', 'anger', 'fear']","00:06:40,274","00:06:50,158","['Oh, I can’t believe this!', 'This sucks!', 'When I had insurance I could get hit by a bus or catch on fire, y’know?']",486,6,4,"[9, 10, 11]","4800,4801,4802"
3,Joey,"['anger', 'fear', 'anger']","00:06:42,902","0:06:51,298","['This sucks!', 'When I had insurance I could get hit by a bus or catch on fire, y’know?', 'And it wouldn’t matter.']",486,6,4,"[10, 11, 12]","4801,4802,4803"
3,Joey,"['fear', 'anger', 'anger']","00:06:45,238","0:06:53,292","['When I had insurance I could get hit by a bus or catch on fire, y’know?', 'And it wouldn’t matter.', 'Now I gotta be careful?']",486,6,4,"[11, 12, 13]","4802,4803,4804"
2,Chandler,"['joy', 'neutral']","00:21:39,589","00:21:56,564","[""I know, it's beautiful. Amazing."", ""I had to kiss Phoebe and Rachel every time I left a room, I mean it's too bad they didn't see us having sex.""]",488,5,2,"[0, 1]","4811,4813"
3,Rachel,"['joy', 'neutral', 'joy']","0:10:09,317","00:10:17,866","['Oh that’s right.', 'You’re the talker.', 'Anyway uh, great idea!']",493,6,23,"[7, 8, 9]","4838,4839,4840"
3,Rachel,"['neutral', 'joy', 'neutral']","0:10:10,409","00:10:21,369","['You’re the talker.', 'Anyway uh, great idea!', 'Umm, I gotta go to the store; I told him that I would buy him some more tissues.']",493,6,23,"[8, 9, 10]","4839,4840,4841"
2,Rachel,"['joy', 'neutral']","00:10:15,906","00:10:21,369","['Anyway uh, great idea!', 'Umm, I gotta go to the store; I told him that I would buy him some more tissues.']",493,6,23,"[9, 10]","4840,4841"
3,Monica,"['anger', 'fear', 'neutral']","0:14:05,928","00:14:12,600","['Who?', 'I mean have you seen a car come by here in the last hour and a half?', 'I think we should call Ross, maybe he can get a car and come pick us up.']",496,3,17,"[7, 8, 9]","4857,4858,4859"
2,Monica,"['fear', 'neutral']","0:14:08,306","00:14:12,600","['I mean have you seen a car come by here in the last hour and a half?', 'I think we should call Ross, maybe he can get a car and come pick us up.']",496,3,17,"[8, 9]","4858,4859"
3,Monica,"['neutral', 'neutral', 'joy']","00:07:09,303","00:07:20,397","['I know.', 'Let’s try a look…of far off…wonderment.', 'Okay, we’ll-we’ll gaze into our future and we’ll think about our marriage and the days to come.']",498,7,5,"[0, 1, 2]","4868,4869,4870"
3,Monica,"['neutral', 'joy', 'surprise']","00:07:09,303","0:07:26,757","['Let’s try a look…of far off…wonderment.', 'Okay, we’ll-we’ll gaze into our future and we’ll think about our marriage and the days to come.', 'Chandler!']",498,7,5,"[1, 2, 3]","4869,4870,4871"
3,Monica,"['joy', 'surprise', 'surprise']","00:07:14,976","0:07:29,417","['Okay, we’ll-we’ll gaze into our future and we’ll think about our marriage and the days to come.', 'Chandler!', 'What is the matter with your face?!']",498,7,5,"[2, 3, 4]","4870,4871,4872"
3,Monica,"['surprise', 'surprise', 'anger']","0:07:26,195","00:07:38,623","['Chandler!', 'What is the matter with your face?!', 'I mean this picture is supposed to say ""Geller and Bing to be married,"" not ""Local woman saves drowning moron!""']",498,7,5,"[3, 4, 5]","4871,4872,4873"
3,Monica,"['surprise', 'anger', 'anger']","0:07:26,757","0:07:37,886","['What is the matter with your face?!', 'I mean this picture is supposed to say ""Geller and Bing to be married,"" not ""Local woman saves drowning moron!""', 'Hey!']",498,7,5,"[4, 5, 6]","4872,4873,4874"
3,Monica,"['anger', 'anger', 'neutral']","0:07:36,414","00:07:41,209","['Hey!', 'Don’t laugh at him!', 'He’s']",498,7,5,"[6, 7, 8]","4874,4875,4876"
2,Monica,"['anger', 'neutral']","0:07:37,886","00:07:41,209","['Don’t laugh at him!', 'He’s']",498,7,5,"[7, 8]","4875,4876"
3,Rachel,"['neutral', 'joy', 'neutral']","00:04:44,701","0:04:55,087","['Yeah, I’m pretty confident about that.', 'That’s what makes it so easy for me to be 80% happy for Monica and Chandler!', 'It would be nice to have a little guarantee though.']",499,6,25,"[2, 3, 4]","4881,4882,4883"
2,Rachel,"['joy', 'neutral']","00:04:47,912","0:04:55,087","['That’s what makes it so easy for me to be 80% happy for Monica and Chandler!', 'It would be nice to have a little guarantee though.']",499,6,25,"[3, 4]","4882,4883"
2,Chandler,"['joy', 'neutral']","00:12:06,434","00:12:12,522","['Okay, so if an eight comes up, we take it as a sign and we do it!', 'What do you say?']",503,5,24,"[5, 6]","4924,4929"
2,Chandler,"['joy', 'anger']","0:12:13,483","00:12:23,199","[""Okay! Come on! Let's go! All right!"", ""Okay! That's a four! And where-where's the other one?""]",503,5,24,"[8, 9]","4931,4932"
3,Joey,"['joy', 'neutral', 'neutral']","0:21:34,918","00:21:41,382","['Ah, just cut me a little sliver.', 'A little bigger.', 'Little bigger.']",504,8,9,"[8, 9, 10]","4948,4949,4950"
3,Joey,"['neutral', 'neutral', 'surprise']","0:21:36,980","0:21:44,696","['A little bigger.', 'Little bigger.', 'What?!']",504,8,9,"[9, 10, 11]","4949,4950,4951"
3,Joey,"['neutral', 'surprise', 'anger']","00:21:39,131","0:21:45,697","['Little bigger.', 'What?!', 'Are you afraid you’re gonna run out?!']",504,8,9,"[10, 11, 12]","4950,4951,4952"
3,Joey,"['surprise', 'anger', 'anger']","0:21:44,344","0:21:46,903","['What?!', 'Are you afraid you’re gonna run out?!', 'Cut me a real piece!']",504,8,9,"[11, 12, 13]","4951,4952,4953"
3,Ross,"['surprise', 'neutral', 'neutral']","0:02:03,373","00:02:08,335","['Oh my God!', 'Of course, of course.', 'Umm, would you please excuse me for a moment?']",505,7,2,"[2, 3, 4]","4956,4957,4958"
3,Ross,"['neutral', 'neutral', 'fear']","00:02:05,708","00:02:14,925","['Umm, would you please excuse me for a moment?', 'Umm, do you know each other’s hometowns?', 'Why don’t you…   Wh-what’s going on?']",505,7,2,"[4, 5, 6]","4958,4959,4960"
2,Ross,"['neutral', 'fear']","00:02:08,503","00:02:14,925","['Umm, do you know each other’s hometowns?', 'Why don’t you…   Wh-what’s going on?']",505,7,2,"[5, 6]","4959,4960"
3,Ross,"['sadness', 'fear', 'sadness']","00:20:44,368","00:20:59,715","['Look, look, there’s got to be a way we can work past this.', 'Okay,  I can’t imagine, I can’t imagine my life without you.', 'Without, without these arms, and your face, and this heart.']",506,3,16,"[0, 1, 2]","4970,4971,4972"
3,Ross,"['fear', 'sadness', 'sadness']","00:20:47,579","00:21:02,009","['Okay,  I can’t imagine, I can’t imagine my life without you.', 'Without, without these arms, and your face, and this heart.', 'Your good heart Rach,  and, and....']",506,3,16,"[1, 2, 3]","4971,4972,4973"
3,Rachel,"['neutral', 'sadness', 'sadness']","00:21:06,515","00:21:17,692","['No.', 'I can’t, you’re a totally different person to me now.', 'I used to think of you as somebody that would never, ever hurt me, ever.']",506,3,16,"[4, 5, 6]","4974,4975,4976"
3,Monica,"['neutral', 'joy', 'neutral']","00:05:27,452","0:05:34,876","['Windows are clean, candels are lit.', ""Uh, belt's to tight, gotta change the belt."", 'Did I turn the fish?']",507,1,22,"[0, 1, 2]","4982,4983,4984"
3,Monica,"['joy', 'neutral', 'neutral']","00:05:27,452","0:05:36,694","[""Uh, belt's to tight, gotta change the belt."", 'Did I turn the fish?', 'No, cause I made lasagne.']",507,1,22,"[1, 2, 3]","4983,4984,4985"
3,Monica,"['neutral', 'neutral', 'anger']","0:05:33,499","0:05:39,439","['Did I turn the fish?', 'No, cause I made lasagne.', 'Am I out of control?']",507,1,22,"[2, 3, 4]","4984,4985,4986"
2,Monica,"['neutral', 'anger']","0:05:34,876","0:05:39,439","['No, cause I made lasagne.', 'Am I out of control?']",507,1,22,"[3, 4]","4985,4986"
3,Rachel,"['neutral', 'neutral', 'surprise']","0:05:39,439","00:05:47,346","['Just a touch.', ""Mon, I don't understand."", ""I mean, you've been dating this guy since like, what... his midterms?""]",507,1,22,"[5, 6, 7]","4987,4988,4989"
3,Rachel,"['neutral', 'surprise', 'surprise']","00:05:42,133","00:05:51,391","[""Mon, I don't understand."", ""I mean, you've been dating this guy since like, what... his midterms?"", 'I mean, why all the sudden are you so... Oh.']",507,1,22,"[6, 7, 8]","4988,4989,4990"
3,Monica,"['neutral', 'joy', 'joy']","00:06:01,527","00:06:09,951","[""I don't know."", ""Look he's a great guy and I love being with him but... you know."", 'Things happen, and they happen.']",507,1,22,"[11, 12, 13]","4993,4994,4995"
3,Monica,"['joy', 'joy', 'neutral']","00:06:02,862","00:06:11,620","[""Look he's a great guy and I love being with him but... you know."", 'Things happen, and they happen.', ""You don't plan these things.""]",507,1,22,"[12, 13, 14]","4994,4995,4996"
2,Monica,"['joy', 'neutral']","00:06:08,368","00:06:11,620","['Things happen, and they happen.', ""You don't plan these things.""]",507,1,22,"[13, 14]","4995,4996"
2,Joey,"['neutral', 'anger']","0:17:26,546","00:17:35,678","['Okay.', 'Hmm, soup.  I mean, noodle soup. I mean soup!']",508,5,18,"[18, 19]","5018,5019"
3,Rachel,"['neutral', 'anger', 'anger']","0:01:45,969","00:01:55,478","['Y’know what?', 'I’d have to say I really don’t care for your tone.', 'And this is not the only hospital in this city and we have no problem to—Whoa!']",509,8,23,"[9, 10, 11]","5033,5034,5035"
3,Rachel,"['anger', 'anger', 'surprise']","0:01:46,861","00:01:55,478","['I’d have to say I really don’t care for your tone.', 'And this is not the only hospital in this city and we have no problem to—Whoa!', 'Oh gosh!']",509,8,23,"[10, 11, 12]","5034,5035,5036"
2,Rachel,"['anger', 'surprise']","00:01:49,597","00:01:55,478","['And this is not the only hospital in this city and we have no problem to—Whoa!', 'Oh gosh!']",509,8,23,"[11, 12]","5035,5036"
3,Joey,"['anger', 'neutral', 'anger']","00:19:20,033","00:19:25,580","['Well, why don’t you tell me what you’re supposed to be!', 'Huh?', 'Because I sure as hell can’t figure it out!']",518,3,19,"[1, 2, 3]","5111,5112,5113"
3,Joey,"['neutral', 'anger', 'neutral']","00:19:22,000","00:19:28,207","['Huh?', 'Because I sure as hell can’t figure it out!', 'I talk to you and it’s nothin’.']",518,3,19,"[2, 3, 4]","5112,5113,5114"
3,Joey,"['anger', 'neutral', 'neutral']","00:19:23,162","00:19:31,085","['Because I sure as hell can’t figure it out!', 'I talk to you and it’s nothin’.', 'You look at me, and nothin’.']",518,3,19,"[3, 4, 5]","5113,5114,5115"
3,Joey,"['neutral', 'neutral', 'sadness']","00:19:55,444","00:20:18,633","['There will come a time in each of your careers when you’ll have a chance to screw over another soap opera actor.', 'I had such an opportunity in the recent, present.', 'And I’m ashamed to say that I took it, I advised a fellow actor to play a role, homosexually.']",521,3,7,"[0, 1, 2]","5131,5132,5133"
2,Joey,"['neutral', 'sadness']","00:20:03,202","00:20:18,633","['I had such an opportunity in the recent, present.', 'And I’m ashamed to say that I took it, I advised a fellow actor to play a role, homosexually.']",521,3,7,"[1, 2]","5132,5133"
2,Joey,"['sadness', 'anger']","00:20:08,957","00:20:32,980","['And I’m ashamed to say that I took it, I advised a fellow actor to play a role, homosexually.', 'Yeah, we both auditioned for the part, and uh, as it turned out, they ah, they liked the stupid gay thing and cast him.']",521,3,7,"[2, 3]","5133,5134"
2,Joey,"['anger', 'sadness']","00:20:24,723","00:20:50,581","['Yeah, we both auditioned for the part, and uh, as it turned out, they ah, they liked the stupid gay thing and cast him.', 'And now, he’s got a two year contract opposite Susan Luchhi, the first lady of daytime television, and me, me I’m stuck here teaching a bunch of people, most of whom are too ugly to even be on TV.']",521,3,7,"[3, 4]","5134,5135"
2,Joey,"['sadness', 'neutral']","00:21:06,765","00:21:20,319","['I’m sorry, I’m sorry, I’m sorry.', 'Thank you.']",521,3,7,"[5, 6]","5136,5137"
2,Rachel,"['surprise', 'joy']","00:09:35,283","0:09:42,298","[""I can't believe you don't want to know."", ""I mean, I couldn't not know, I mean, if, if the doctor knows, and Carol knows, and Susan knows....""]",523,1,12,"[0, 1]","5145,5146"
2,Phoebe,"['sadness', 'neutral']","00:07:28,156","00:07:36,872","['Well, I-I thought a lot about what you said, and um, I realilized duh, all right maybe I was a little judgmental.', 'Yeah,  oh, but oh...']",524,3,10,"[2, 3]","5171,5172"
3,Ross,"['neutral', 'neutral', 'joy']","00:20:18,759","00:20:34,148","['Well, yeah, kinda.', 'Um, but that’s okay, see we have an understanding, um, see we each have this list of five famous people,  so I’m allowed to sleep with you.', 'No, no, no, it’s flattery.']",526,3,5,"[2, 3, 4]","5197,5198,5199"
3,Ross,"['neutral', 'joy', 'joy']","00:20:20,427","00:20:40,821","['Um, but that’s okay, see we have an understanding, um, see we each have this list of five famous people,  so I’m allowed to sleep with you.', 'No, no, no, it’s flattery.', 'Oh no, no, no, wait, wait, Isabella.']",526,3,5,"[3, 4, 5]","5198,5199,5201"
3,Ross,"['joy', 'joy', 'fear']","00:20:31,396","00:20:42,865","['No, no, no, it’s flattery.', 'Oh no, no, no, wait, wait, Isabella.', 'Don’t, don’t just dismiss this so fast.']",526,3,5,"[4, 5, 6]","5199,5201,5202"
3,Ross,"['joy', 'fear', 'neutral']","00:20:36,652","00:20:45,451","['Oh no, no, no, wait, wait, Isabella.', 'Don’t, don’t just dismiss this so fast.', 'I mean this is a once in a lifetime opportunity...']",526,3,5,"[5, 6, 7]","5201,5202,5203"
2,Ross,"['fear', 'neutral']","00:20:40,989","00:20:45,451","['Don’t, don’t just dismiss this so fast.', 'I mean this is a once in a lifetime opportunity...']",526,3,5,"[6, 7]","5202,5203"
2,Rachel,"['surprise', 'neutral']","00:17:08,068","00:17:20,288","['Oh Mon, listen I have to ask!', 'Okay, Joey Tribbiani invited me back to his apartment, now does he do this with a lot of girls?']",528,6,15,"[0, 1]","5226,5227"
3,Ross,"['neutral', 'neutral', 'surprise']","0:18:06,168","00:18:13,716","['I think I can take care of myself, I’ll talk to you later.', 'Good-bye.', 'Whoa!']",529,6,14,"[4, 5, 6]","5237,5238,5239"
3,Ross,"['neutral', 'surprise', 'neutral']","0:18:09,640","00:18:18,679","['Good-bye.', 'Whoa!', 'Uh, that was your sister actually.']",529,6,14,"[5, 6, 7]","5238,5239,5240"
3,Ross,"['surprise', 'neutral', 'neutral']","00:18:12,091","00:18:21,182","['Whoa!', 'Uh, that was your sister actually.', 'She-she thinks that you’re just using me.']",529,6,14,"[6, 7, 8]","5239,5240,5241"
3,Phoebe,"['neutral', 'anger', 'anger']","00:19:09,565","0:19:16,708","['Umm, okay, okay, look.', 'I took this picture from your fridge.', 'Okay, because I know that this is my Father.']",530,3,25,"[4, 5, 6]","5247,5248,5249"
2,Phoebe Sr,"['neutral', 'sadness']","00:19:45,142","00:19:55,735","['No, no, that’s just Chuck Magioni, I-I sold him a house last year!', 'And I’m very sorry, but I don’t know where your Father is, and that’s the truth.']",530,3,25,"[15, 16]","5258,5259"
3,Ross,"['surprise', 'fear', 'sadness']","0:20:07,164","00:20:16,964","['Come again?', 'What’s-what’s this nonsense?', 'All right, I’m-I’m not English.']",531,6,4,"[1, 2, 3]","5268,5269,5270"
3,Ross,"['fear', 'sadness', 'neutral']","0:20:07,976","00:20:20,927","['What’s-what’s this nonsense?', 'All right, I’m-I’m not English.', 'I’m from Long Island.']",531,6,4,"[2, 3, 4]","5269,5270,5271"
3,Ross,"['sadness', 'neutral', 'sadness']","00:20:14,213","00:20:25,806","['All right, I’m-I’m not English.', 'I’m from Long Island.', 'I was really nervous and the accent just uh, just came out.']",531,6,4,"[3, 4, 5]","5270,5271,5272"
3,Ross,"['neutral', 'sadness', 'sadness']","00:20:18,592","00:20:28,184","['I’m from Long Island.', 'I was really nervous and the accent just uh, just came out.', 'I’m sorry.']",531,6,4,"[4, 5, 6]","5271,5272,5273"
3,Ross,"['sadness', 'sadness', 'neutral']","00:20:21,428","00:20:33,022","['I was really nervous and the accent just uh, just came out.', 'I’m sorry.', 'So, if we could just get back to the lecture.']",531,6,4,"[5, 6, 7]","5272,5273,5274"
3,Ross,"['sadness', 'neutral', 'neutral']","00:20:25,974","00:20:36,984","['I’m sorry.', 'So, if we could just get back to the lecture.', 'Umm, were there any questions?']",531,6,4,"[6, 7, 8]","5273,5274,5275"
3,Ross,"['neutral', 'neutral', 'anger']","00:20:33,732","00:20:47,703","['Umm, were there any questions?', 'About paleontology.', 'All right, look I was just trying to make a good first impression.']",531,6,4,"[8, 9, 10]","5275,5276,5277"
3,Ross,"['neutral', 'anger', 'sadness']","00:20:39,696","00:20:49,747","['About paleontology.', 'All right, look I was just trying to make a good first impression.', 'Obviously, I screwed up.']",531,6,4,"[9, 10, 11]","5276,5277,5278"
3,Ross,"['anger', 'sadness', 'neutral']","00:20:43,867","00:20:55,294","['All right, look I was just trying to make a good first impression.', 'Obviously, I screwed up.', 'But what you guys think of me is really important because I’m-I’m hoping to get a permanent job here.']",531,6,4,"[10, 11, 12]","5277,5278,5279"
3,Ross,"['sadness', 'neutral', 'neutral']","00:20:47,871","00:20:58,839","['Obviously, I screwed up.', 'But what you guys think of me is really important because I’m-I’m hoping to get a permanent job here.', 'So if you just give me another chance to make a good impression']",531,6,4,"[11, 12, 13]","5278,5279,5280"
3,Joey,"['anger', 'sadness', 'sadness']","0:11:01,010","0:11:07,186","[""Now YOU'RE telling me I can't see her??"", 'You guys are killing me!', ""She's forbidden fruit!""]",532,9,12,"[7, 8, 9]","5290,5291,5292"
3,Joey,"['sadness', 'sadness', 'neutral']","0:11:04,122","00:11:17,092","[""She's forbidden fruit!"", ""It's like ... like she's the princess and I'm the stable    boy ... Why are you doing this, huh?"", 'Did Ross tell you not to let me go over    there?']",532,9,12,"[9, 10, 11]","5292,5293,5294"
2,Joey,"['sadness', 'neutral']","00:11:07,291","00:11:17,092","[""It's like ... like she's the princess and I'm the stable    boy ... Why are you doing this, huh?"", 'Did Ross tell you not to let me go over    there?']",532,9,12,"[10, 11]","5293,5294"
3,Hoshi,"['neutral', 'joy', 'anger']","0:07:00,294","00:07:09,678","['You are iron.', 'You are steel!', 'Let me ask you something, how come when I call your computer support line, I have to wait an hour and a half?']",535,3,24,"[0, 1, 2]","5313,5314,5315"
2,Hoshi,"['joy', 'anger']","0:07:01,337","00:07:09,678","['You are steel!', 'Let me ask you something, how come when I call your computer support line, I have to wait an hour and a half?']",535,3,24,"[1, 2]","5314,5315"
2,Monica,"['neutral', 'sadness']","00:07:28,114","0:07:38,834","['You went to one where you were popular, and you got to ride off Chip’s motorcycle, and wear his letterman jacket.', 'I went to one where I wore a band uniform they had to have specially made.']",536,4,2,"[3, 4]","5320,5321"
3,Monica,"['surprise', 'joy', 'neutral']","00:07:55,558","0:08:07,795","['Back then, I thought that I would never, ever get the chance to go out with a Chip Matthews, and now he’s-he’s called me up and asked me out.', 'And the fat girl inside of me really wants to go.', 'I-I owe her this.']",536,4,2,"[8, 9, 10]","5325,5326,5327"
3,Monica,"['joy', 'neutral', 'neutral']","0:08:03,649","00:08:09,654","['And the fat girl inside of me really wants to go.', 'I-I owe her this.', 'I never let her eat.']",536,4,2,"[9, 10, 11]","5326,5327,5328"
3,Joey,"['neutral', 'joy', 'anger']","00:12:16,193","00:12:35,295","['Yeah, yeah, okay.', 'Uh, look buddy, I came with that girl, and I had this plan to kiss her at the new years countdown – I’m trying to win her over, so I was wondering if..', 'Oh come on man, you can dance with my partner, she’s real, uh, mellow!']",537,6,10,"[1, 2, 3]","5334,5335,5336"
2,Joey,"['joy', 'anger']","00:12:22,032","00:12:35,295","['Uh, look buddy, I came with that girl, and I had this plan to kiss her at the new years countdown – I’m trying to win her over, so I was wondering if..', 'Oh come on man, you can dance with my partner, she’s real, uh, mellow!']",537,6,10,"[2, 3]","5335,5336"
2,Joey,"['anger', 'neutral']","00:12:31,208","00:12:42,844","['Oh come on man, you can dance with my partner, she’s real, uh, mellow!', 'Well, I was hoping after tonight that maybe I could you know']",537,6,10,"[3, 4]","5336,5337"
3,Ross,"['sadness', 'joy', 'neutral']","0:14:09,516","00:14:17,981","['Carol our sex life is—it’s just not working', 'Hey there little fella!', 'Hey, uh-hey, why don’t we get some shoes on ya, huh?']",541,6,15,"[4, 5, 6]","5368,5369,5370"
3,Ross,"['joy', 'neutral', 'joy']","00:14:12,309","00:14:21,276","['Hey there little fella!', 'Hey, uh-hey, why don’t we get some shoes on ya, huh?', 'Hey, why don’t you show dad how you can put your shoes on, in your room!']",541,6,15,"[5, 6, 7]","5369,5370,5371"
3,Ross,"['neutral', 'joy', 'joy']","00:14:16,021","00:14:23,444","['Hey, uh-hey, why don’t we get some shoes on ya, huh?', 'Hey, why don’t you show dad how you can put your shoes on, in your room!', 'Yay!']",541,6,15,"[6, 7, 8]","5370,5371,5372"
3,Ross,"['joy', 'neutral', 'neutral']","0:14:22,237","00:14:34,205","['Yay!', 'Seriously, our sex life… I was thinking, maybe I don’t know, we could try some-some new things.', 'For fun?']",541,6,15,"[10, 11, 12]","5375,5376,5378"
3,Ross,"['joy', 'neutral', 'disgust']","00:14:34,373","00:14:59,981","['Well I don’t know umm,  what if we were too tie each other up?', 'Umm, some people eat stuff off one another.', 'Nah!']",541,6,15,"[14, 15, 16]","5380,5381,5382"
3,Ross,"['neutral', 'disgust', 'neutral']","00:14:52,224","00:15:04,402","['Umm, some people eat stuff off one another.', 'Nah!', 'Umm, y’know we-we could try dirty talk?']",541,6,15,"[15, 16, 17]","5381,5382,5383"
3,Ross,"['disgust', 'neutral', 'neutral']","00:14:58,355","0:15:08,658","['Nah!', 'Umm, y’know we-we could try dirty talk?', 'Umm, we could, we could have a threesome.']",541,6,15,"[16, 17, 18]","5382,5383,5384"
2,Ross,"['neutral', 'joy']","00:08:42,021","00:08:50,362","['Right.', 'Hey, what’d you guys do to get up on there?']",553,6,10,"[5, 6]","5492,5493"
3,Monica,"['neutral', 'joy', 'neutral']","00:17:40,934","00:18:02,789","[""Something went wrong with Underdog, and they couldn't get his head to inflate."", ""So anyway, um, his head is like flopping down Broadway, right, and I'm just thinking... how inappropriate this is."", ""Um, I've got something in my eye, uh, Joey, could we check it in the light, please?""]",561,1,5,"[0, 1, 2]","5568,5569,5570"
3,Monica,"['joy', 'neutral', 'surprise']","00:17:46,607","0:18:06,968","[""So anyway, um, his head is like flopping down Broadway, right, and I'm just thinking... how inappropriate this is."", ""Um, I've got something in my eye, uh, Joey, could we check it in the light, please?"", 'Oh my god.']",561,1,5,"[1, 2, 3]","5569,5570,5571"
2,Monica,"['neutral', 'surprise']","00:17:58,786","0:18:06,968","[""Um, I've got something in my eye, uh, Joey, could we check it in the light, please?"", 'Oh my god.']",561,1,5,"[2, 3]","5570,5571"
2,Monica,"['joy', 'neutral']","00:20:38,987","00:20:45,117","['Yep, we wanna get married!', 'All right.']",562,5,24,"[1, 2]","5588,5589"
2,Rachel,"['joy', 'neutral']","00:21:19,236","00:21:26,284","['Well, hello, Mr. Rachel!', 'Wait!  Okay!']",562,5,24,"[10, 11]","5597,5598"
3,Monica,"['neutral', 'neutral', 'sadness']","0:13:40,277","00:13:47,200","['I know that switch does something, okay?', 'So-so I went down to city hall and got these.', 'All I had to do was pay $25 and wait in line for three hours.']",564,4,15,"[7, 8, 9]","5615,5616,5617"
2,Monica,"['neutral', 'sadness']","0:13:42,488","00:13:47,200","['So-so I went down to city hall and got these.', 'All I had to do was pay $25 and wait in line for three hours.']",564,4,15,"[8, 9]","5616,5617"
2,Ross,"['surprise', 'joy']","0:09:02,166","0:09:05,260","['Oh man!', 'I want that place so much!!']",566,5,14,"[0, 1]","5624,5625"
3,Rachel,"['sadness', 'disgust', 'surprise']","00:09:13,249","0:09:28,056","['Well they have uh, some unusual pet names for each other.', 'Including umm, evil bitch and uh, sick bastard.', 'Oh God oh!']",572,8,23,"[0, 1, 2]","5663,5664,5665"
3,Rachel,"['disgust', 'surprise', 'surprise']","00:09:17,128","0:09:28,515","['Including umm, evil bitch and uh, sick bastard.', 'Oh God oh!', 'Contraction!']",572,8,23,"[1, 2, 3]","5664,5665,5666"
3,Joey,"['neutral', 'neutral', 'joy']","00:12:45,264","00:13:17,253","['That would be the basic ‘I have a fishhook in my eyebrow and I like it’  Okay, let’s say I’ve just gotten bad news, well all I do there is try and divide 232 by 13.', 'And that’s how it’s done.', 'Great soap opera acting tonight everybody, class dismissed.']",577,3,7,"[3, 4, 5]","5734,5735,5736"
2,Joey,"['neutral', 'joy']","00:13:11,332","00:13:17,253","['And that’s how it’s done.', 'Great soap opera acting tonight everybody, class dismissed.']",577,3,7,"[4, 5]","5735,5736"
3,Monica,"['sadness', 'neutral', 'neutral']","0:13:52,290","0:13:56,815","['Oh, stop beating yourself up!', 'People make mistakes!', 'These things happen!']",588,6,20,"[1, 2, 3]","5800,5801,5802"
3,Monica,"['neutral', 'neutral', 'anger']","0:13:55,595","00:14:04,926","['These things happen!', 'There aren’t any message you’ve forgotten to give me are there?', 'Apparently you’re not very good at it!']",588,6,20,"[3, 4, 5]","5802,5803,5804"
3,Monica,"['neutral', 'anger', 'neutral']","00:13:58,379","00:14:14,602","['There aren’t any message you’ve forgotten to give me are there?', 'Apparently you’re not very good at it!', 'I']",588,6,20,"[4, 5, 6]","5803,5804,5805"
2,Monica,"['anger', 'neutral']","00:14:02,424","00:14:14,602","['Apparently you’re not very good at it!', 'I']",588,6,20,"[5, 6]","5804,5805"
3,Earl,"['neutral', 'anger', 'joy']","00:19:23,245","0:19:29,960","['Did you hear that?!', 'I don’t need you guys to care about me!', 'Because the universe cares!']",589,7,13,"[6, 7, 8]","5812,5813,5814"
3,Earl,"['anger', 'joy', 'joy']","00:19:25,414","0:19:30,396","['I don’t need you guys to care about me!', 'Because the universe cares!', 'The whole universe!']",589,7,13,"[7, 8, 9]","5813,5814,5815"
3,Earl,"['joy', 'joy', 'sadness']","0:19:28,041","00:19:40,553","['Because the universe cares!', 'The whole universe!', 'I really wished they’d care just a little bit though.']",589,7,13,"[8, 9, 10]","5814,5815,5816"
2,Earl,"['joy', 'sadness']","0:19:29,960","00:19:40,553","['The whole universe!', 'I really wished they’d care just a little bit though.']",589,7,13,"[9, 10]","5815,5816"
3,Joey,"['neutral', 'neutral', 'anger']","00:11:24,850","0:11:30,074","['This is Ross, okay?', ""He's our friend."", 'He obviously went crazy.']",592,5,12,"[7, 8, 9]","5852,5853,5854"
3,Joey,"['neutral', 'anger', 'anger']","0:11:26,852","00:11:32,232","[""He's our friend."", 'He obviously went crazy.', 'He obviously lost his mind.']",592,5,12,"[8, 9, 10]","5853,5854,5855"
3,Robert,"['sadness', 'sadness', 'anger']","0:17:50,152","0:17:55,617","['Oh God!', 'Here we go again.', 'Why does this keep happening to me?']",593,3,13,"[3, 4, 5]","5864,5865,5866"
3,Robert,"['sadness', 'anger', 'sadness']","0:17:51,534","0:17:58,264","['Here we go again.', 'Why does this keep happening to me?', 'Is it something I’m putting out there?']",593,3,13,"[4, 5, 6]","5865,5866,5867"
3,Robert,"['anger', 'sadness', 'sadness']","0:17:53,655","0:18:01,497","['Why does this keep happening to me?', 'Is it something I’m putting out there?', 'Is this my fault?']",593,3,13,"[5, 6, 7]","5866,5867,5868"
3,Joey,"['sadness', 'sadness', 'neutral']","0:18:43,248","0:18:46,766","['Please!', 'Look, I just lost my other job.', 'Okay?']",594,7,4,"[2, 3, 4]","5874,5875,5876"
3,Joey,"['sadness', 'neutral', 'sadness']","0:18:44,414","00:18:50,128","['Look, I just lost my other job.', 'Okay?', 'You have no idea how much I need this.']",594,7,4,"[3, 4, 5]","5875,5876,5877"
3,Joey,"['neutral', 'sadness', 'sadness']","0:18:46,500","00:18:54,173","['Okay?', 'You have no idea how much I need this.', 'Please, help me out, for old times sake.']",594,7,4,"[4, 5, 6]","5876,5877,5878"
2,Chandler,"['joy', 'surprise']","0:12:50,706","00:13:01,696","['Hey!', 'There’s no back to this couch!']",597,6,14,"[1, 2]","5913,5914"
3,Ross,"['joy', 'joy', 'anger']","00:05:16,733","00:05:24,364","['Of course he is!', 'What, do you think I’d just use my son as-as an excuse?', 'What kind of father do you think I am?']",598,6,6,"[0, 1, 2]","5924,5925,5926"
2,Ross,"['joy', 'anger']","00:05:19,319","00:05:24,364","['What, do you think I’d just use my son as-as an excuse?', 'What kind of father do you think I am?']",598,6,6,"[1, 2]","5925,5926"
2,Julie,"['surprise', 'fear']","00:21:44,970","00:21:47,513","['Really?', ""You don't think they'll judge and ridicule me?""]",605,1,24,"[5, 6]","5995,5997"
3,Steve,"['neutral', 'neutral', 'surprise']","00:18:43,872","00:18:51,504","['Look, you guys wanna meet the group?', 'Come on.', 'So, are you one of the ones who fooled around with my dad?']",606,2,5,"[9, 10, 11]","6010,6011,6012"
2,Steve,"['neutral', 'surprise']","00:18:46,959","00:18:51,504","['Come on.', 'So, are you one of the ones who fooled around with my dad?']",606,2,5,"[10, 11]","6011,6012"
2,Chandler,"['anger', 'neutral']","00:16:54,847","00:17:02,937","[""Hey, y'know, I have had it with you guys and your cancer and your emphysema and your heart disease."", 'The bottom line is, smoking is cool, and you know it.']",607,1,3,"[2, 3]","6015,6016"
3,Chandler,"['surprise', 'surprise', 'joy']","0:17:08,986","00:17:14,407","['Really?', 'He does?', ""Hey, buddy, what's up!""]",607,1,3,"[5, 6, 7]","6018,6019,6020"
3,Chandler,"['surprise', 'joy', 'surprise']","0:17:09,529","00:17:18,369","['He does?', ""Hey, buddy, what's up!"", 'Oh, she told you about that, huh.']",607,1,3,"[6, 7, 8]","6019,6020,6021"
3,Chandler,"['joy', 'surprise', 'neutral']","00:17:12,239","0:17:20,675","[""Hey, buddy, what's up!"", 'Oh, she told you about that, huh.', 'Well, yeah, I have one now and then.']",607,1,3,"[7, 8, 9]","6020,6021,6022"
3,Chandler,"['surprise', 'neutral', 'neutral']","00:17:16,035","0:17:23,217","['Oh, she told you about that, huh.', 'Well, yeah, I have one now and then.', 'Well, yeah, now.']",607,1,3,"[8, 9, 10]","6021,6022,6023"
3,Chandler,"['neutral', 'neutral', 'joy']","0:17:20,675","00:17:38,723","['Well, yeah, now.', ""Well, it's not that big- ..well, that's true,.. Gee, y'know, no-one- no-one's ever put it like that before."", 'Well, okay, thanks!']",607,1,3,"[10, 11, 12]","6023,6024,6025"
2,Chandler,"['neutral', 'joy']","00:17:24,084","00:17:38,723","[""Well, it's not that big- ..well, that's true,.. Gee, y'know, no-one- no-one's ever put it like that before."", 'Well, okay, thanks!']",607,1,3,"[11, 12]","6024,6025"
3,Phoebe,"['surprise', 'neutral', 'neutral']","0:20:45,160","00:20:57,505","['Oh, look look look.', ""The last candle's about to burn out."", '10, 9, 8, 7... ... negative 46, negative 47, negative 48....']",608,1,7,"[0, 1, 2]","6050,6051,6052"
2,Ross,"['joy', 'neutral']","00:21:12,479","00:21:16,316","['OK, guys, guys? I have the definitive one. Mwwwooooo-hah-hah...', 'Oh.. oh... oh.']",608,1,7,"[7, 8]","6057,6058"
2,Ross,"['joy', 'neutral']","00:30:43,007","00:30:50,764","[""Oh, I can't tell you how great it was to look at the crowd and see your face!"", 'I mean... uh, did you know you were  mouthing the words along with me?']",610,9,23,"[1, 2]","6062,6063"
3,Rachel,"['surprise', 'neutral', 'neutral']","00:22:09,202","00:22:18,044","['Nooo!', 'Hello?', ""Oh, yeah, no, I know, I-I haven't been using it much.""]",611,1,4,"[7, 8, 9]","6076,6077,6078"
3,Rachel,"['neutral', 'neutral', 'joy']","00:22:12,914","00:22:21,756","['Hello?', ""Oh, yeah, no, I know, I-I haven't been using it much."", ""Oh, well, thanks, but, I'm okay, really.""]",611,1,4,"[8, 9, 10]","6077,6078,6079"
2,Rachel,"['neutral', 'joy']","00:22:14,166","00:22:21,756","[""Oh, yeah, no, I know, I-I haven't been using it much."", ""Oh, well, thanks, but, I'm okay, really.""]",611,1,4,"[9, 10]","6078,6079"
3,Chandler,"['fear', 'anger', 'neutral']","00:19:19,408","0:19:25,765","['Du-du-I wrote it, I wrote it on the board!', 'I wrote it on the board, then I went all over New York City looking for ya!', 'I went to Ross’s!']",612,6,20,"[5, 6, 7]","6089,6090,6091"
3,Chandler,"['anger', 'neutral', 'neutral']","00:19:21,827","0:19:26,727","['I wrote it on the board, then I went all over New York City looking for ya!', 'I went to Ross’s!', 'I went to the coffeehouse!']",612,6,20,"[6, 7, 8]","6090,6091,6092"
2,Phoebe,"['neutral', 'surprise']","00:18:45,207","00:19:00,429","['Oh, you Americans always butcher the French language.', 'Yes!!  Oh.']",613,7,3,"[7, 8]","6101,6103"
3,Rachel,"['neutral', 'neutral', 'joy']","0:15:06,572","0:15:07,986","['Oh but you could.', 'You can.', 'Absolutely!']",614,5,18,"[11, 12, 13]","6117,6118,6119"
3,Rachel,"['neutral', 'joy', 'joy']","0:15:07,424","0:15:09,334","['You can.', 'Absolutely!', 'We can help each other out!']",614,5,18,"[12, 13, 14]","6118,6119,6120"
3,Rachel,"['joy', 'joy', 'neutral']","0:15:07,842","0:15:11,126","['Absolutely!', 'We can help each other out!', 'We can get--what are those--those patches!']",614,5,18,"[13, 14, 15]","6119,6120,6121"
3,Rachel,"['joy', 'neutral', 'joy']","0:15:08,032","00:15:13,620","['We can help each other out!', 'We can get--what are those--those patches!', 'We could be like the Patch Sisters!']",614,5,18,"[14, 15, 16]","6120,6121,6122"
2,Rachel,"['neutral', 'joy']","0:15:09,334","00:15:13,620","['We can get--what are those--those patches!', 'We could be like the Patch Sisters!']",614,5,18,"[15, 16]","6121,6122"
2,All,"['disgust', 'anger']","00:14:19,358","00:14:24,237","['Nooo..', ""Oh, hey, don't do that! Cut it out!""]",615,1,3,"[2, 3]","6130,6131"
3,Chandler,"['anger', 'anger', 'disgust']","00:14:37,167","00:14:44,215","['And Ross, with his over-pronouncing every single word?', 'And Monica, with that snort when she laughs?', 'I mean, what the hell is that thing?']",615,1,3,"[10, 11, 12]","6138,6139,6140"
3,Chandler,"['anger', 'disgust', 'anger']","00:14:39,545","00:14:49,470","['And Monica, with that snort when she laughs?', 'I mean, what the hell is that thing?', ""...I accept all those flaws, why can't you accept me for this?""]",615,1,3,"[11, 12, 13]","6139,6140,6141"
2,Chandler,"['disgust', 'anger']","00:14:41,881","00:14:49,470","['I mean, what the hell is that thing?', ""...I accept all those flaws, why can't you accept me for this?""]",615,1,3,"[12, 13]","6140,6141"
3,Phoebe,"['neutral', 'disgust', 'neutral']","00:03:18,698","0:03:24,839","['Probably?', ""Yeah, I don't like that word."", 'Kind of what ‘probably’ really means.']",617,7,10,"[2, 3, 4]","6158,6159,6160"
3,Phoebe,"['disgust', 'neutral', 'neutral']","00:03:20,033","0:03:26,299","[""Yeah, I don't like that word."", 'Kind of what ‘probably’ really means.', 'Yeah, uh-huh.']",617,7,10,"[3, 4, 5]","6159,6160,6161"
3,Phoebe,"['neutral', 'neutral', 'anger']","0:03:23,077","00:03:32,711","['Kind of what ‘probably’ really means.', 'Yeah, uh-huh.', 'Yeah, oh, ""Your mom probably won\'t kill herself,"" y’know?']",617,7,10,"[4, 5, 6]","6160,6161,6162"
3,Phoebe,"['neutral', 'anger', 'anger']","0:03:24,839","00:03:36,340","['Yeah, uh-huh.', 'Yeah, oh, ""Your mom probably won\'t kill herself,"" y’know?', 'I\'m sorry, but I\'m not hanging all my hopes of Rachel and I living together on-on ""Probably!""']",617,7,10,"[5, 6, 7]","6161,6162,6163"
3,Phoebe,"['anger', 'anger', 'neutral']","00:03:26,456","0:03:38,384","['Yeah, oh, ""Your mom probably won\'t kill herself,"" y’know?', 'I\'m sorry, but I\'m not hanging all my hopes of Rachel and I living together on-on ""Probably!""', 'You gotta take care of yourselves!']",617,7,10,"[6, 7, 8]","6162,6163,6165"
3,Phoebe,"['anger', 'neutral', 'neutral']","00:03:32,879","0:03:39,201","['I\'m sorry, but I\'m not hanging all my hopes of Rachel and I living together on-on ""Probably!""', 'You gotta take care of yourselves!', 'In']",617,7,10,"[7, 8, 9]","6163,6165,6166"
3,Rachel,"['anger', 'anger', 'neutral']","0:08:53,854","00:09:02,071","['They’re having their baby!', 'It’s not fair Ross we got here first!', 'Right after you left they wheeled her off into delivery.']",621,8,23,"[3, 4, 5]","6184,6185,6186"
3,Rachel,"['anger', 'neutral', 'neutral']","0:08:55,773","00:09:08,411","['It’s not fair Ross we got here first!', 'Right after you left they wheeled her off into delivery.', 'Oh but not before she gave me a juicy shot of little Jamie just crowning away.']",621,8,23,"[4, 5, 6]","6185,6186,6187"
2,Rachel,"['sadness', 'neutral']","0:00:16,099","0:00:20,623","['Oh, what is wrong with me lately?', 'I mean it’s like every guy I see—I mean look here.']",622,8,11,"[4, 5]","6193,6194"
3,Joey,"['disgust', 'fear', 'anger']","0:12:01,011","00:12:05,181","['Ugh!', 'I don’t know what I’m going to do!', 'I called the company that sent and th-they don’t care!']",623,4,22,"[0, 1, 2]","6204,6205,6206"
3,Joey,"['fear', 'anger', 'anger']","0:12:02,430","00:12:09,519","['I don’t know what I’m going to do!', 'I called the company that sent and th-they don’t care!', 'Then I called 9-1-1 and they laughed at me, if this isn’t an emergency, then what is?']",623,4,22,"[1, 2, 3]","6205,6206,6207"
3,Ross,"['joy', 'joy', 'surprise']","00:12:19,989","0:12:27,351","['Y’know, one of them had never been to a bachelor party before.', 'Yeah!', 'And-and another one had never been to a party before, so']",623,4,22,"[9, 10, 11]","6213,6214,6215"
2,Ross,"['joy', 'surprise']","0:12:23,242","0:12:27,351","['Yeah!', 'And-and another one had never been to a party before, so']",623,4,22,"[10, 11]","6214,6215"
3,Joey,"['anger', 'neutral', 'anger']","0:11:38,072","00:11:44,577","['Ah yeah—wait a second now!', 'Look we’re gonna have to set a spending limit on the date.', 'I don’t have the money to take her to a fancy place like that.']",625,7,17,"[11, 12, 13]","6235,6236,6237"
2,Joey,"['neutral', 'anger']","0:11:39,634","00:11:44,577","['Look we’re gonna have to set a spending limit on the date.', 'I don’t have the money to take her to a fancy place like that.']",625,7,17,"[12, 13]","6236,6237"
3,Joey,"['surprise', 'neutral', 'surprise']","0:01:42,560","00:01:47,606","['Oh!', 'Hey, somebody left their keys.', 'Ooohh, to a Porsche!']",628,6,5,"[0, 1, 2]","6259,6260,6261"
3,Joey,"['neutral', 'surprise', 'neutral']","0:01:43,937","00:01:50,609","['Hey, somebody left their keys.', 'Ooohh, to a Porsche!', 'Hey Gunther, these yours?']",628,6,5,"[1, 2, 3]","6260,6261,6265"
2,Joey,"['surprise', 'neutral']","00:01:44,562","00:01:50,609","['Ooohh, to a Porsche!', 'Hey Gunther, these yours?']",628,6,5,"[2, 3]","6261,6265"
3,Monica,"['surprise', 'anger', 'anger']","0:14:42,172","0:14:45,008","['What?!', 'Are you crazy?', 'You just had Ross’s baby!']",632,9,1,"[2, 3, 4]","6313,6314,6315"
3,Monica,"['anger', 'anger', 'disgust']","0:14:43,106","0:14:49,082","['You just had Ross’s baby!', 'It’s-it’s so  inappropriate.', 'No, it’s worse than that.']",632,9,1,"[4, 5, 6]","6315,6316,6317"
3,Monica,"['anger', 'disgust', 'disgust']","0:14:46,468","0:14:50,332","['It’s-it’s so  inappropriate.', 'No, it’s worse than that.', 'It’s wrong.']",632,9,1,"[5, 6, 7]","6316,6317,6318"
3,Monica,"['disgust', 'disgust', 'surprise']","0:14:48,070","00:14:53,182","['No, it’s worse than that.', 'It’s wrong.', 'It’s… It is bigger than  mine!']",632,9,1,"[6, 7, 8]","6317,6318,6319"
2,Monica,"['disgust', 'surprise']","0:14:49,082","00:14:53,182","['It’s wrong.', 'It’s… It is bigger than  mine!']",632,9,1,"[7, 8]","6318,6319"
2,Rachel,"['sadness', 'neutral']","00:17:56,950","00:18:05,625","['Look he doesn’t have any brothers or sisters, somebody’s gonna have to teach him this stuff!', 'And I haven’t taught him anything that a normal 6-year-old doesn’t know anyway!']",634,7,16,"[5, 6]","6348,6349"
3,Rachel,"['joy', 'neutral', 'joy']","0:12:16,360","00:12:20,321","['Okay!', 'Y’know what?', 'I realized it was stupid to get upset about not having a husband and kids.']",636,7,14,"[0, 1, 2]","6366,6367,6368"
3,Rachel,"['neutral', 'joy', 'neutral']","0:12:17,072","00:12:22,824","['Y’know what?', 'I realized it was stupid to get upset about not having a husband and kids.', 'All I really needed was a plan.']",636,7,14,"[1, 2, 3]","6367,6368,6369"
3,Rachel,"['joy', 'neutral', 'neutral']","00:12:17,570","00:12:25,034","['I realized it was stupid to get upset about not having a husband and kids.', 'All I really needed was a plan.', 'See I wanna have three kids']",636,7,14,"[2, 3, 4]","6368,6369,6370"
3,Joanna,"['neutral', 'surprise', 'neutral']","0:06:34,143","0:06:38,209","['Filing system?', 'Oh-oh!', 'You mean those-those little colored labels you put on all the folders?']",640,4,9,"[2, 3, 4]","6413,6414,6415"
3,Joanna,"['surprise', 'neutral', 'joy']","0:06:35,228","00:06:41,650","['Oh-oh!', 'You mean those-those little colored labels you put on all the folders?', 'It certainly did brighten up the inside of the filing cabinets.']",640,4,9,"[3, 4, 5]","6414,6415,6416"
2,Joanna,"['neutral', 'joy']","0:06:38,065","00:06:41,650","['You mean those-those little colored labels you put on all the folders?', 'It certainly did brighten up the inside of the filing cabinets.']",640,4,9,"[4, 5]","6415,6416"
2,Ross,"['neutral', 'joy']","00:13:16,921","00:13:36,773","['So after awhile he-he goes over to her and uh, after a minute or two, I see them kissing.', 'Now, I know what you’re thinking, Chandler’s not the type of guy who just goes to bars and makes out with girls, and you’re right, Chandler’s not the type of guy who just goes to bars and makes out with…girls.']",644,7,4,"[4, 5]","6446,6447"
3,Rachel,"['neutral', 'neutral', 'sadness']","00:14:06,542","00:14:19,972","['I’ve read all kinds of books on pregnancy and giving birth, but I-I just didn’t think to read the part about what to do when the baby comes.', 'And-and then guess what?', 'The baby’s coming and I don’t know what to do.']",645,8,20,"[3, 4, 5]","6456,6457,6458"
3,Rachel,"['neutral', 'sadness', 'sadness']","00:14:14,216","00:14:19,972","['And-and then guess what?', 'The baby’s coming and I don’t know what to do.', 'Oh, can I throw up in my diaper genie?']",645,8,20,"[4, 5, 6]","6457,6458,6459"
3,Monica,"['neutral', 'anger', 'anger']","00:08:58,788","00:09:07,379","[""It's not just the drum noise."", 'Every five minutes, Joey throws his sticks in the air, and I have to hear, ""Oh my eye!', 'Oh god, my eye!""']",648,7,10,"[0, 1, 2]","6495,6496,6497"
3,Joey,"['joy', 'neutral', 'neutral']","00:04:37,068","00:04:45,909","['And, a brownie!', 'Well, half a brownie.', 'Actually, it’s just bag.']",649,8,12,"[3, 4, 5]","6505,6506,6507"
3,Rachel,"['joy', 'joy', 'neutral']","0:04:52,710","00:05:01,758","['This is so great!', 'I actually feel like I’m going on a real date!', 'Although, I have a hint of morning sickness, and I’m wearing underwear that goes up to about……there.']",649,8,12,"[8, 9, 10]","6510,6511,6512"
2,Rachel,"['joy', 'neutral']","00:04:53,835","00:05:01,758","['I actually feel like I’m going on a real date!', 'Although, I have a hint of morning sickness, and I’m wearing underwear that goes up to about……there.']",649,8,12,"[9, 10]","6511,6512"
3,Joey,"['neutral', 'neutral', 'surprise']","00:05:03,303","0:05:11,729","['Hey come on now, this is a real date.', 'Uh, so…nice place you got here.', 'Foosball, huh?']",649,8,12,"[11, 12, 13]","6513,6514,6515"
3,Joey,"['neutral', 'surprise', 'neutral']","00:05:06,681","0:05:13,548","['Uh, so…nice place you got here.', 'Foosball, huh?', 'Pizza box.']",649,8,12,"[12, 13, 14]","6514,6515,6516"
3,Joey,"['surprise', 'neutral', 'surprise']","0:05:10,018","00:05:17,399","['Foosball, huh?', 'Pizza box.', 'Oh, a subscription to']",649,8,12,"[13, 14, 15]","6515,6516,6517"
2,Joey,"['neutral', 'surprise']","0:05:11,729","00:05:17,399","['Pizza box.', 'Oh, a subscription to']",649,8,12,"[14, 15]","6516,6517"
2,Chandler,"['neutral', 'joy']","00:02:04,541","00:02:12,172","['No,', ""There's a beautiful woman at eight, nine, ten o'clock!""]",652,1,6,"[4, 5]","6553,6555"
3,Chandler,"['joy', 'neutral', 'neutral']","00:15:27,843","00:15:46,819","['This is great!  Helen, could you come in here for a moment?', ""Thank you Helen, that'll be all."", 'Last time I do that, I promise.']",653,1,15,"[2, 3, 4]","6569,6570,6571"
3,Ross,"['surprise', 'neutral', 'neutral']","0:20:08,790","00:20:16,589","['Wow!', 'It actually is in the handbook.', 'I can’t date you or have a hot plate in my office.']",655,6,18,"[0, 1, 2]","6581,6582,6583"
3,Ross,"['neutral', 'neutral', 'sadness']","0:20:09,374","00:20:21,886","['It actually is in the handbook.', 'I can’t date you or have a hot plate in my office.', 'I can’t believe we have to stop seeing each other.']",655,6,18,"[1, 2, 3]","6582,6583,6584"
2,Ross,"['neutral', 'sadness']","00:20:11,960","00:20:21,886","['I can’t date you or have a hot plate in my office.', 'I can’t believe we have to stop seeing each other.']",655,6,18,"[2, 3]","6583,6584"
2,Megan,"['joy', 'neutral']","00:04:32,146","00:04:34,731","['Oooh it’s getting close!', 'So uh, who’s your photographer?']",657,7,17,"[7, 8]","6605,6607"
3,Rachel,"['neutral', 'neutral', 'disgust']","00:05:00,466","00:05:08,724","['Oh y’know what?', 'Now that you know what you want you should go to Kleinman’s and get it half off.', 'This place is so overpriced.']",657,7,17,"[16, 17, 18]","6615,6617,6618"
3,Rachel,"['neutral', 'disgust', 'neutral']","00:05:02,719","00:05:16,023","['Now that you know what you want you should go to Kleinman’s and get it half off.', 'This place is so overpriced.', 'So, does this  come in another color or']",657,7,17,"[17, 18, 19]","6617,6618,6619"
2,Rachel,"['disgust', 'neutral']","00:05:06,597","00:05:16,023","['This place is so overpriced.', 'So, does this  come in another color or']",657,7,17,"[18, 19]","6618,6619"
3,Chandler,"['neutral', 'surprise', 'joy']","00:01:45,688","00:01:53,904","['I am telling you, years from now, schoolchildren will study it as one of the greatest first dates of all time.', 'It was unbelievable!', ""We could totally be ourselves, we didn't have to play any games...""]",658,1,20,"[0, 1, 2]","6620,6621,6622"
2,Chandler,"['surprise', 'joy']","00:01:49,400","00:01:53,904","['It was unbelievable!', ""We could totally be ourselves, we didn't have to play any games...""]",658,1,20,"[1, 2]","6621,6622"
3,Chandler,"['fear', 'anger', 'joy']","0:01:55,074","0:02:01,037","['Let her know I like her?', 'What are you, insane?', ""It's the next day!""]",658,1,20,"[4, 5, 6]","6624,6625,6626"
3,Chandler,"['anger', 'joy', 'neutral']","0:01:55,992","0:02:02,529","['What are you, insane?', ""It's the next day!"", 'How needy do I want to seem?']",658,1,20,"[5, 6, 7]","6625,6626,6627"
3,Chandler,"['joy', 'neutral', 'neutral']","0:01:59,744","00:02:04,039","[""It's the next day!"", 'How needy do I want to seem?', ""I'm right, right?""]",658,1,20,"[6, 7, 8]","6626,6627,6628"
2,Ross,"['neutral', 'sadness']","00:15:20,377","00:15:30,386","['Hey, do you think...would it be too weird if I invited Carol over to join us?', ""Cause she's, she's alone now, and pregnant, and, and sad.""]",659,1,14,"[5, 6]","6646,6647"
3,Ross,"['neutral', 'neutral', 'joy']","0:15:41,198","0:15:46,738","[""These people'll scooch down."", ""You guys'll scooch, won't you?"", ""Let's try scooching!""]",659,1,14,"[11, 12, 13]","6652,6653,6654"
3,Ross,"['neutral', 'joy', 'neutral']","00:15:42,358","0:15:47,072","[""You guys'll scooch, won't you?"", ""Let's try scooching!"", 'Come on.']",659,1,14,"[12, 13, 14]","6653,6654,6655"
3,Ross,"['joy', 'neutral', 'neutral']","0:15:45,736","0:15:48,746","[""Let's try scooching!"", 'Come on.', 'Come on.']",659,1,14,"[13, 14, 15]","6654,6655,6656"
3,Ross,"['neutral', 'neutral', 'joy']","00:15:56,455","00:16:22,188","['Carol, Kristin.', 'Uh, Carol teaches sixth grade.', ""And, Kristin, Kristin......does something that, funnily enough, wasn't even her major!""]",659,1,14,"[17, 18, 19]","6658,6659,6660"
2,Ross,"['neutral', 'joy']","00:15:59,083","00:16:22,188","['Uh, Carol teaches sixth grade.', ""And, Kristin, Kristin......does something that, funnily enough, wasn't even her major!""]",659,1,14,"[18, 19]","6659,6660"
3,Paul,"['neutral', 'anger', 'sadness']","00:05:03,261","00:05:15,105","['I wanted a big wheel.', 'And instead my parents got me this little plastic chicken that you hop around on.', 'It was embarrassing, kids made fun of me.']",660,6,23,"[3, 4, 5]","6665,6666,6667"
3,Paul,"['anger', 'sadness', 'sadness']","00:05:05,471","00:05:17,107","['And instead my parents got me this little plastic chicken that you hop around on.', 'It was embarrassing, kids made fun of me.', 'That was a pretty tough year.']",660,6,23,"[4, 5, 6]","6666,6667,6668"
3,Rachel,"['joy', 'neutral', 'joy']","0:05:18,484","0:05:23,129","['That’s-that’s great!', 'See?', 'I already feel like I know you a little better!']",660,6,23,"[7, 8, 9]","6669,6670,6671"
3,Rachel,"['neutral', 'joy', 'joy']","0:05:19,569","0:05:24,209","['See?', 'I already feel like I know you a little better!', 'Thank you.']",660,6,23,"[8, 9, 10]","6670,6671,6672"
3,Rachel,"['joy', 'joy', 'neutral']","0:05:20,987","0:05:25,075","['I already feel like I know you a little better!', 'Thank you.', 'Okay, come on.']",660,6,23,"[9, 10, 11]","6671,6672,6673"
3,Rachel,"['joy', 'neutral', 'neutral']","0:05:23,129","0:05:25,667","['Thank you.', 'Okay, come on.', 'Now we can go eat.']",660,6,23,"[10, 11, 12]","6672,6673,6674"
2,Chandler,"['anger', 'neutral']","00:16:52,886","00:17:03,980","['Hey, this isn’t like swimming after you eat, pick up the phone!!', ""Y'know that whole swimming thing is a myth.""]",664,3,15,"[4, 5]","6710,6711"
3,Rachel,"['anger', 'sadness', 'anger']","00:16:06,924","00:16:14,722","['Oh God, oh.', ""Great, Monica, y'know what, you could've called, I have been up here, I've been worried..."", 'Monica? Monica!']",670,1,21,"[1, 2, 3]","6778,6779,6780"
2,Rachel,"['sadness', 'anger']","00:16:11,261","00:16:14,722","[""Great, Monica, y'know what, you could've called, I have been up here, I've been worried..."", 'Monica? Monica!']",670,1,21,"[2, 3]","6779,6780"
3,Monica,"['joy', 'anger', 'joy']","00:16:40,165","00:16:52,677","['No, it is me!', ""Y'know, I'm not just the person who needs to fluff the pillows and pay the bills as soon as they come in!"", ""Y'know, when I'm with her, I am so much more than that.""]",670,1,21,"[8, 9, 10]","6785,6786,6787"
3,Monica,"['anger', 'joy', 'joy']","00:16:42,084","00:16:54,512","[""Y'know, I'm not just the person who needs to fluff the pillows and pay the bills as soon as they come in!"", ""Y'know, when I'm with her, I am so much more than that."", ""I'm- I'm Monana!""]",670,1,21,"[9, 10, 11]","6786,6787,6788"
2,Ross,"['neutral', 'surprise']","00:16:26,610","00:16:34,909","[""Yeah, yeah that means... you know? We just... we don't have time    for this."", ""Ok, but you know what? I gotta say, I'm really impressed that    you were able to memorize all this so quickly!""]",671,9,21,"[7, 8]","6800,6802"
2,Joey,"['surprise', 'neutral']","0:16:43,348","00:16:58,182","['No idea!', 'But the guy I said it to dies in the next scene so I    guess it means ""you\'re gonna get eaten by a bear"".']",671,9,21,"[11, 12]","6805,6806"
3,Ross,"['neutral', 'joy', 'joy']","0:07:25,457","00:07:37,247","['Well, I wanted to be thorough.', 'I mean this-this is clearly very, very important to you, to us!', 'And so I wanted to read every word carefully, twice!']",672,4,1,"[4, 5, 6]","6816,6817,6818"
3,Ross,"['surprise', 'surprise', 'fear']","00:16:15,474","00:16:24,983","['Ooh!', 'There’s no way to do this without her?', '‘Cause I kinda all ready told her uh, it was, it was already taken care of.']",673,6,2,"[18, 19, 20]","6847,6848,6849"
2,Ross,"['surprise', 'fear']","00:16:18,519","00:16:24,983","['There’s no way to do this without her?', '‘Cause I kinda all ready told her uh, it was, it was already taken care of.']",673,6,2,"[19, 20]","6848,6849"
3,Rachel,"['surprise', 'surprise', 'sadness']","0:10:13,904","0:10:18,819","[""That's crazy!"", ""You can't do that!"", 'What are you going to tell her?']",676,5,5,"[1, 2, 3]","6869,6870,6871"
3,Rachel,"['surprise', 'sadness', 'fear']","0:10:15,426","00:10:26,333","[""You can't do that!"", 'What are you going to tell her?', 'Oh God.']",676,5,5,"[2, 3, 4]","6870,6871,6872"
3,Rachel,"['sadness', 'fear', 'sadness']","0:10:16,488","00:10:29,377","['What are you going to tell her?', 'Oh God.', ""Ohh, you already agreed to this, haven't you?""]",676,5,5,"[3, 4, 5]","6871,6872,6873"
2,Rachel,"['fear', 'sadness']","00:10:24,123","00:10:29,377","['Oh God.', ""Ohh, you already agreed to this, haven't you?""]",676,5,5,"[4, 5]","6872,6873"
3,Joey,"['fear', 'anger', 'anger']","00:00:54,929","00:01:06,231","['But I got to act with a robot Pheebs, and-and I don’t know anything about technology!', 'I can’t even use Chandler’s computer except to find porn!', 'And-and that’s only ‘cause it’s right there when you turn it on!']",679,6,21,"[12, 13, 14]","6919,6920,6921"
3,Monica,"['surprise', 'joy', 'neutral']","00:08:57,954","00:09:06,545","['I know!', 'Now look, there’s only one problem though.', 'There’s only room for one, so I guess one of you will have to stay at Joey’s.']",680,6,18,"[2, 3, 4]","6926,6927,6928"
2,Monica,"['joy', 'neutral']","00:09:01,249","00:09:06,545","['Now look, there’s only one problem though.', 'There’s only room for one, so I guess one of you will have to stay at Joey’s.']",680,6,18,"[3, 4]","6927,6928"
3,Monica,"['joy', 'joy', 'neutral']","0:09:20,643","00:09:26,398","['So Rach!', 'You’re the first guest at Hotel Monica!', 'Umm, you’ll just have to tell me how you like your eggs in the morning.']",680,6,18,"[9, 10, 11]","6933,6934,6935"
3,Monica,"['joy', 'neutral', 'neutral']","0:09:21,186","00:09:28,650","['You’re the first guest at Hotel Monica!', 'Umm, you’ll just have to tell me how you like your eggs in the morning.', 'And I thought I would bring them to you, y’know, in bed.']",680,6,18,"[10, 11, 12]","6934,6935,6936"
3,Monica,"['neutral', 'neutral', 'sadness']","00:09:24,272","00:09:30,402","['Umm, you’ll just have to tell me how you like your eggs in the morning.', 'And I thought I would bring them to you, y’know, in bed.', 'Oh, you have been through so much.']",680,6,18,"[11, 12, 13]","6935,6936,6937"
2,Monica,"['neutral', 'sadness']","00:09:26,566","00:09:30,402","['And I thought I would bring them to you, y’know, in bed.', 'Oh, you have been through so much.']",680,6,18,"[12, 13]","6936,6937"
3,Ross,"['sadness', 'neutral', 'neutral']","00:20:29,436","00:20:52,375","['Ben, I want you to know that there may be some times when I may not be around, like this.', ""But I'll still always come back, like this."", 'And sometimes I may be away longer, like this.']",682,1,23,"[0, 1, 2]","6945,6946,6947"
3,Monica,"['sadness', 'joy', 'neutral']","0:12:49,727","00:12:57,192","['You’re right, I’m sorry.', 'Actually you were a big help tonight.', 'Yeah, and thanks for putting my grandmother in the cab and making sure she got to the hotel safely.']",686,7,23,"[6, 7, 8]","6979,6980,6981"
2,Monica,"['joy', 'neutral']","0:12:51,709","00:12:57,192","['Actually you were a big help tonight.', 'Yeah, and thanks for putting my grandmother in the cab and making sure she got to the hotel safely.']",686,7,23,"[7, 8]","6980,6981"
3,Rachel,"['neutral', 'neutral', 'surprise']","0:03:41,638","0:03:44,160","['Okay, thank you.', 'That’ll be all.', 'Wait!']",687,7,9,"[2, 3, 4]","6987,6988,6989"
3,Rachel,"['neutral', 'surprise', 'surprise']","0:03:42,310","0:03:44,687","['That’ll be all.', 'Wait!', 'Wait!']",687,7,9,"[3, 4, 5]","6988,6989,6990"
3,Mr. Treeger,"['neutral', 'anger', 'anger']","00:04:43,950","00:04:54,835","[': Yeah, well your friends are in violation of it.', 'I’ve been a nice guy up until now, but uh, I don’t need this grief.', 'I’m gonna call the landlord and tell him that Monica is illegally subletting here grandmother’s apartment.']",693,4,4,"[1, 2, 3]","7023,7024,7025"
3,Rachel,"['surprise', 'anger', 'anger']","00:16:18,852","00:16:24,399","['What?!', 'She just called and said that she was gonna be working late!', 'She keeps lying to me!']",696,5,12,"[3, 4, 5]","7042,7043,7044"
3,Rachel,"['anger', 'anger', 'sadness']","0:15:23,152","00:15:30,929","['Ross, come on!', 'No!', 'Listen, look I thought a lot about how to tell you this and the bottom line, Ross, is we can not stay married.']",700,6,1,"[4, 5, 6]","7083,7084,7085"
2,Rachel,"['anger', 'sadness']","0:15:23,624","00:15:30,929","['No!', 'Listen, look I thought a lot about how to tell you this and the bottom line, Ross, is we can not stay married.']",700,6,1,"[5, 6]","7084,7085"
3,Phoebe,"['anger', 'neutral', 'neutral']","00:16:32,282","0:16:37,413","['Oh whoa-whoa-whoa!', 'Wait a minute, open up your hand; let me take a look.', 'Quarter.']",707,5,10,"[0, 1, 2]","7138,7139,7140"
3,Phoebe,"['neutral', 'neutral', 'surprise']","0:16:41,041","0:16:44,132","[""What's this?"", 'A Canadian coin?', 'Get outta here!']",707,5,10,"[6, 7, 8]","7144,7145,7146"
3,Phoebe,"['neutral', 'surprise', 'surprise']","0:16:43,103","00:16:50,049","['A Canadian coin?', 'Get outta here!', 'Whoa-whoa-whoa!']",707,5,10,"[7, 8, 9]","7145,7146,7147"
3,Phoebe,"['surprise', 'surprise', 'anger']","0:16:43,979","00:16:50,550","['Get outta here!', 'Whoa-whoa-whoa!', 'No drinks near the bucket!']",707,5,10,"[8, 9, 10]","7146,7147,7148"
3,Phoebe,"['surprise', 'anger', 'anger']","00:16:48,340","00:16:53,553","['Whoa-whoa-whoa!', 'No drinks near the bucket!', 'Set it down over there and then you can make a contribution!']",707,5,10,"[9, 10, 11]","7147,7148,7149"
3,Phoebe,"['anger', 'anger', 'joy']","00:16:50,718","0:16:59,995","['Set it down over there and then you can make a contribution!', 'And you can leave the hurt bunny look over there too!', 'Hi Bob!']",707,5,10,"[11, 12, 13]","7149,7150,7151"
3,Phoebe,"['anger', 'joy', 'anger']","00:16:54,972","0:17:03,155","['And you can leave the hurt bunny look over there too!', 'Hi Bob!', 'I thought I told you to get outta here!']",707,5,10,"[12, 13, 14]","7150,7151,7152"
2,Phoebe,"['joy', 'anger']","0:16:59,143","0:17:03,155","['Hi Bob!', 'I thought I told you to get outta here!']",707,5,10,"[13, 14]","7151,7152"
2,The Head Librarian,"['neutral', 'sadness']","00:10:33,341","00:10:39,721","['But as far as increasing security, I’m afraid the library is very understaffed.', 'I, I can’t help you.']",716,7,7,"[0, 1]","7181,7182"
3,Phoebe,"['surprise', 'neutral', 'surprise']","00:17:13,699","0:17:24,387","['No! No! Look at that!  It’s a line of ants! They’re working as a team!', 'Right, oh yeah.', 'Wow, oh, it looks like Ross is breaking up with her.']",717,3,24,"[2, 3, 4]","7189,7191,7192"
3,Phoebe,"['neutral', 'surprise', 'neutral']","0:17:20,205","00:17:26,044","['Right, oh yeah.', 'Wow, oh, it looks like Ross is breaking up with her.', 'Uff, I hope he lets her down easy.']",717,3,24,"[3, 4, 5]","7191,7192,7193"
2,Phoebe,"['surprise', 'neutral']","0:17:21,547","00:17:26,044","['Wow, oh, it looks like Ross is breaking up with her.', 'Uff, I hope he lets her down easy.']",717,3,24,"[4, 5]","7192,7193"
3,Rachel,"['anger', 'neutral', 'neutral']","0:17:26,295","0:17:31,107","['Come on Phoebe, look at that!', 'They are not breaking up, look at them.', 'Okay that’s, you know what that is?']",717,3,24,"[6, 7, 8]","7195,7196,7197"
3,Rachel,"['neutral', 'neutral', 'sadness']","0:17:27,557","0:17:32,517","['They are not breaking up, look at them.', 'Okay that’s, you know what that is?', 'That is a, that is a second date, that’s what that is!']",717,3,24,"[7, 8, 9]","7196,7197,7198"
3,Rachel,"['neutral', 'sadness', 'neutral']","0:17:29,465","00:17:35,470","['Okay that’s, you know what that is?', 'That is a, that is a second date, that’s what that is!', 'Look at that, she just put her hand on his thigh...']",717,3,24,"[8, 9, 10]","7197,7198,7199"
2,Rachel,"['sadness', 'neutral']","0:17:31,107","00:17:35,470","['That is a, that is a second date, that’s what that is!', 'Look at that, she just put her hand on his thigh...']",717,3,24,"[9, 10]","7198,7199"
2,Joey,"['neutral', 'anger']","00:09:20,059","00:09:32,320","['Sorry.', 'Ahhh..']",720,5,7,"[1, 2]","7218,7219"
2,Chandler,"['neutral', 'fear']","00:10:36,552","00:10:41,389","['Okay.', 'No-no-no-no!']",720,5,7,"[14, 15]","7231,7232"
2,Joey,"['anger', 'neutral']","0:16:01,970","00:16:12,095","[""No, eh, oh-oi, easy, it's not a hot dog!"", 'How good is that?']",722,5,20,"[10, 11]","7247,7248"
2,Joey,"['neutral', 'surprise']","00:16:14,890","00:16:17,642","['See?', 'Oh-whoa-hey, dude, what are you doing?!']",722,5,20,"[13, 14]","7250,7252"
3,Chandler,"['anger', 'neutral', 'neutral']","00:00:13,888","00:00:24,189","['It just keeps getting worse and worse!', 'I mean it’s bad enough that I’m in love with my roommates girlfriend—which by the way, I think she knows.', 'Because every time we’re in the room together there’s this weird like energy between us.']",728,4,7,"[2, 3, 4]","7297,7299,7300"
3,Joey,"['surprise', 'neutral', 'neutral']","00:11:21,847","00:11:30,772","[""Oh, that's what she meant!"", ""You know, if they're    gonna shorten it, they should call it the MUSE!"", 'You know, short for museum,    and avoid all the confusion!']",730,9,21,"[0, 1, 2]","7310,7311,7312"
3,Ross,"['neutral', 'neutral', 'joy']","00:11:47,665","00:11:57,424","['You know what?', 'She loves architecture, you know what you should do?', ""You should take a walk down fifth to the Saint Patrick's Cathedral and there    there's this great little pastry shop that she'd love.""]",730,9,21,"[6, 7, 8]","7316,7317,7318"
2,Ross,"['neutral', 'joy']","00:11:47,665","00:11:57,424","['She loves architecture, you know what you should do?', ""You should take a walk down fifth to the Saint Patrick's Cathedral and there    there's this great little pastry shop that she'd love.""]",730,9,21,"[7, 8]","7317,7318"
3,Ross,"['neutral', 'fear', 'fear']","00:09:36,367","00:09:47,836","['Wait uh, listen.', 'I-I, I have to tell you something.', 'Umm, I’ve been thinking, I’m just gonna come out and say it.']",736,4,17,"[7, 8, 9]","7370,7371,7372"
3,Ross,"['fear', 'fear', 'joy']","00:09:42,832","00:09:52,674","['Umm, I’ve been thinking, I’m just gonna come out and say it.', 'Okay?', 'I-I-I ah, I-I think I love you.']",736,4,17,"[9, 10, 11]","7372,7373,7374"
2,Ross,"['fear', 'joy']","00:09:44,959","00:09:52,674","['Okay?', 'I-I-I ah, I-I think I love you.']",736,4,17,"[10, 11]","7373,7374"
3,Chandler,"['surprise', 'anger', 'neutral']","00:04:17,340","00:04:32,521","['Sorry, I just…can’t sleep.', 'Ooh!', 'Where is that book that you are reading with the two women who were ice-skating and wearing, wearing those hats with the flowers on it?']",737,7,12,"[4, 5, 6]","7381,7382,7383"
3,Chandler,"['anger', 'neutral', 'neutral']","00:04:22,011","00:04:35,857","['Ooh!', 'Where is that book that you are reading with the two women who were ice-skating and wearing, wearing those hats with the flowers on it?', 'Because every time I look at that cover I’m like']",737,7,12,"[5, 6, 7]","7382,7383,7384"
2,Ross,"['neutral', 'surprise']","00:01:58,827","00:02:10,796","['Oh, it looks like mom and dad’s house.', 'Oh, it even has a tree with a broken limb out front and the uh, the window in the attic is…Oh my God!']",738,7,13,"[3, 4]","7389,7390"
3,Joey,"['neutral', 'neutral', 'joy']","00:08:51,697","0:08:58,973","['Look, you and I have been given a gift.', 'We have to do something with it.', 'Like-like, hand modeling!']",739,5,24,"[1, 2, 3]","7400,7402,7403"
3,Joey,"['neutral', 'joy', 'joy']","0:08:54,992","00:08:58,912","['We have to do something with it.', 'Like-like, hand modeling!', 'Or-or magic!']",739,5,24,"[2, 3, 4]","7402,7403,7405"
3,Joey,"['joy', 'joy', 'anger']","00:09:05,878","00:09:12,801","['We could have our own show!', ""Y'know we could clap our hands together people will love it!"", 'Huh?']",739,5,24,"[10, 11, 12]","7412,7413,7414"
3,Joey,"['joy', 'anger', 'joy']","00:09:07,672","00:09:14,886","[""Y'know we could clap our hands together people will love it!"", 'Huh?', 'And-and-and I wrote a song for us!']",739,5,24,"[11, 12, 13]","7413,7414,7415"
3,Joey,"['anger', 'joy', 'joy']","00:09:11,759","00:09:28,400","['Huh?', 'And-and-and I wrote a song for us!', '(Singing, to the tune of']",739,5,24,"[12, 13, 14]","7414,7415,7416"
3,Ross,"['neutral', 'anger', 'anger']","00:12:07,268","00:12:21,448","['Dad, that won’t matter to her.', 'Look, all my stuff is safe and dry and all hers is-is, is growing new stuff!', 'See, this is exactly the kind of thing that makes her think you guys love me more than you love her.']",740,7,13,"[1, 2, 3]","7420,7421,7422"
3,Ross,"['neutral', 'neutral', 'joy']","00:12:41,302","00:12:49,934","['Okay, grab…grab some empty boxes.', 'Okay?', 'We’ll-we’ll take stuff from mine and whatever we can pass off as hers we’ll-we’ll put ‘em in there.']",740,7,13,"[11, 12, 13]","7430,7431,7432"
2,Ross,"['neutral', 'joy']","00:12:43,095","00:12:49,934","['Okay?', 'We’ll-we’ll take stuff from mine and whatever we can pass off as hers we’ll-we’ll put ‘em in there.']",740,7,13,"[12, 13]","7431,7432"
3,Shelley,"['surprise', 'fear', 'anger']","00:00:36,953","00:00:47,671","['Well yeah!', '...Oh God.', 'I- just- I thought- Good, Shelley.']",744,1,8,"[7, 8, 9]","7454,7455,7456"
3,Shelley,"['fear', 'anger', 'disgust']","00:00:38,663","00:00:47,671","['...Oh God.', 'I- just- I thought- Good, Shelley.', ""I'm just gonna go flush myself down the toilet now...""]",744,1,8,"[8, 9, 10]","7455,7456,7457"
3,Shelley,"['anger', 'disgust', 'disgust']","00:00:38,663","00:00:49,048","['I- just- I thought- Good, Shelley.', ""I'm just gonna go flush myself down the toilet now..."", 'Okay, goodbye...']",744,1,8,"[9, 10, 11]","7456,7457,7458"
3,Joey,"['neutral', 'anger', 'neutral']","00:02:11,047","0:02:19,931","['Maybe you can tell me.', ""My agent would like to know why I didn't show up at the audition I didn't know I had today."", 'The first good thing she gets me in weeks.']",745,3,4,"[6, 7, 8]","7465,7466,7467"
3,Joey,"['anger', 'neutral', 'anger']","00:02:14,175","0:02:21,995","[""My agent would like to know why I didn't show up at the audition I didn't know I had today."", 'The first good thing she gets me in weeks.', 'How could you not give me the message?']",745,3,4,"[7, 8, 9]","7466,7467,7468"
2,Joey,"['neutral', 'anger']","0:02:18,054","0:02:21,995","['The first good thing she gets me in weeks.', 'How could you not give me the message?']",745,3,4,"[8, 9]","7467,7468"
3,Ross,"['joy', 'neutral', 'anger']","0:08:19,540","00:08:22,584","['Yeah!', 'I don’t know.', 'I mean, last year Elizabeth now-now this kid.']",747,7,18,"[8, 9, 10]","7481,7482,7483"
3,Ross,"['neutral', 'anger', 'joy']","0:08:19,642","00:08:26,588","['I don’t know.', 'I mean, last year Elizabeth now-now this kid.', 'What-what-what-what is it?!']",747,7,18,"[9, 10, 11]","7482,7483,7484"
3,Ross,"['anger', 'joy', 'anger']","00:08:19,874","00:08:29,341","['I mean, last year Elizabeth now-now this kid.', 'What-what-what-what is it?!', 'Am I giving out some kind of…sexy professor vibe?']",747,7,18,"[10, 11, 12]","7483,7484,7485"
2,Ross,"['joy', 'anger']","00:08:22,752","00:08:29,341","['What-what-what-what is it?!', 'Am I giving out some kind of…sexy professor vibe?']",747,7,18,"[11, 12]","7484,7485"
3,Rachel,"['sadness', 'joy', 'neutral']","00:08:39,769","00:08:49,986","['Oh, see now I feel bad for the kid!', 'I had a crush on a teacher once and it was so hard!', 'Y’know you—I couldn’t concentrate and I blushed every time he looked at me.']",747,7,18,"[15, 16, 17]","7488,7489,7490"
3,Rachel,"['joy', 'neutral', 'neutral']","00:08:42,021","00:08:53,240","['I had a crush on a teacher once and it was so hard!', 'Y’know you—I couldn’t concentrate and I blushed every time he looked at me.', 'I mean come on, you remember what’s it’s like to be 19 and in love.']",747,7,18,"[16, 17, 18]","7489,7490,7491"
3,Richard,"['neutral', 'neutral', 'sadness']","00:14:55,311","0:15:02,944","['Take as much time as you want.', 'Ten, even twenty minutes if you need it.', 'I’ll be here.']",750,6,25,"[1, 2, 3]","7502,7503,7504"
3,Richard,"['neutral', 'sadness', 'sadness']","00:14:58,439","0:15:04,936","['Ten, even twenty minutes if you need it.', 'I’ll be here.', 'Not smoking.']",750,6,25,"[2, 3, 4]","7503,7504,7505"
3,Monica,"['neutral', 'surprise', 'neutral']","00:11:44,036","0:11:48,721","['So, how’d the lasagne go over?', 'Really?!', 'Good.']",756,3,13,"[0, 1, 2]","7537,7538,7539"
3,Monica,"['surprise', 'neutral', 'neutral']","0:11:46,706","0:11:50,764","['Really?!', 'Good.', 'So you owe me three pretty things.']",756,3,13,"[1, 2, 3]","7538,7539,7540"
3,Monica,"['neutral', 'neutral', 'sadness']","0:11:48,721","00:11:59,467","['So you owe me three pretty things.', 'Yeah, I’ve been thinking a lot about you too.', 'It’s hard this whole platonic thing.']",756,3,13,"[3, 4, 5]","7540,7541,7543"
3,Monica,"['neutral', 'sadness', 'surprise']","00:11:51,961","00:12:01,970","['Yeah, I’ve been thinking a lot about you too.', 'It’s hard this whole platonic thing.', 'It’s a word!']",756,3,13,"[4, 5, 6]","7541,7543,7544"
3,Monica,"['sadness', 'surprise', 'neutral']","00:11:55,548","00:12:11,771","['It’s hard this whole platonic thing.', 'It’s a word!', 'Yeah, I do think it’s better this way.  Yeah, we’re being smart.   Yes, I’m sure.']",756,3,13,"[5, 6, 7]","7543,7544,7545"
2,Monica,"['surprise', 'neutral']","00:11:59,927","00:12:11,771","['It’s a word!', 'Yeah, I do think it’s better this way.  Yeah, we’re being smart.   Yes, I’m sure.']",756,3,13,"[6, 7]","7544,7545"
2,Janice,"['disgust', 'sadness']","00:17:31,425","00:17:41,267","[""Or, else you're pretending that you're seeing somebody, which just makes you so pathetic that I could start crying right here in the cereal aisle."", 'So like which of these two guys do you want to be?']",759,3,4,"[13, 14]","7579,7580"
3,Joey,"['joy', 'neutral', 'neutral']","00:17:25,085","00:17:43,895","[""Look at me! I'm Chandler! Could I"", ""Whew, it's hot with all of this stuff on."", ""I ah, I better not do any, I don't know, lunges.""]",762,3,2,"[2, 3, 4]","7600,7602,7603"
3,Chandler,"['sadness', 'neutral', 'neutral']","0:09:26,107","00:09:35,115","['Hi, listen, I’m sorry about before.', 'I don’t need to have a game room.', 'I mean when I was a kid I only played those games because I couldn’t get girls, and now I']",763,6,3,"[2, 3, 4]","7606,7607,7608"
3,Ross,"['neutral', 'neutral', 'sadness']","00:16:21,981","0:16:31,794","['That does not sound stupid to me.', ""You know, it's like the first time I had to make dinner for myself, after Carol left me?"", ""I'm sorry, that's all the time we have.""]",767,1,5,"[1, 2, 3]","7626,7627,7628"
3,Ross,"['neutral', 'sadness', 'neutral']","00:16:24,566","0:16:32,996","[""You know, it's like the first time I had to make dinner for myself, after Carol left me?"", ""I'm sorry, that's all the time we have."", 'Next on Ross... Uh-oh.']",767,1,5,"[2, 3, 4]","7627,7628,7629"
2,Ross,"['sadness', 'neutral']","0:16:30,072","0:16:32,996","[""I'm sorry, that's all the time we have."", 'Next on Ross... Uh-oh.']",767,1,5,"[3, 4]","7628,7629"
3,Ross,"['fear', 'neutral', 'neutral']","00:16:35,744","00:16:46,713","[""Uh-oh, uh-oh, the laundry's done."", ""It's, uh, it's a song."", 'The laundry song that we sing.']",767,1,5,"[6, 7, 8]","7631,7632,7633"
3,Chandler,"['neutral', 'neutral', 'anger']","00:08:19,081","00:08:30,509","['I hear ya, Mugsy!', 'But look, all these rooms are fine okay?', 'Can you just pick one so I can watch--have a perfect, magical weekend together with you.']",770,5,5,"[3, 4, 5]","7652,7653,7654"
2,Chandler,"['neutral', 'anger']","00:08:21,751","00:08:30,509","['But look, all these rooms are fine okay?', 'Can you just pick one so I can watch--have a perfect, magical weekend together with you.']",770,5,5,"[4, 5]","7653,7654"
3,Joey,"['neutral', 'neutral', 'anger']","00:15:49,990","00:16:05,880","['But what about how much taller he is than me?', 'I mean, there’s no way I can make myself taller now, y’know?', 'And who knows what science will come up with in the future, but Chandler, what if I die an unsuccessful, regular sized man?']",771,5,1,"[12, 13, 14]","7679,7680,7681"
3,Joey,"['neutral', 'anger', 'surprise']","00:15:53,953","00:16:10,885","['I mean, there’s no way I can make myself taller now, y’know?', 'And who knows what science will come up with in the future, but Chandler, what if I die an unsuccessful, regular sized man?', 'Hey, Monica, wow you’ve been in the bathroom for like a half-hour.']",771,5,1,"[13, 14, 15]","7680,7681,7682"
2,Joey,"['anger', 'surprise']","00:15:58,123","00:16:10,885","['And who knows what science will come up with in the future, but Chandler, what if I die an unsuccessful, regular sized man?', 'Hey, Monica, wow you’ve been in the bathroom for like a half-hour.']",771,5,1,"[14, 15]","7681,7682"
3,Rachel,"['joy', 'joy', 'neutral']","0:21:08,392","00:21:14,897","['Hi, Joey!', 'It’s Rachel!', 'Umm, I am free tomorrow night.']",772,6,15,"[12, 13, 14]","7697,7698,7699"
3,Rachel,"['joy', 'neutral', 'neutral']","0:21:09,435","00:21:19,568","['It’s Rachel!', 'Umm, I am free tomorrow night.', 'Yeah, sure, sure I can bring some sandwiches.']",772,6,15,"[13, 14, 15]","7698,7699,7700"
3,Rachel,"['sadness', 'sadness', 'fear']","00:00:02,961","00:00:13,846","['Mom, would you relax.', 'That was 10 blocks from here and, the, the woman was walking alone at night, I would never do that.', ""Mom, c'mon, stop worrying.""]",774,2,4,"[0, 1, 2]","7704,7705,7706"
3,Rachel,"['sadness', 'fear', 'neutral']","00:00:05,338","00:00:17,391","['That was 10 blocks from here and, the, the woman was walking alone at night, I would never do that.', ""Mom, c'mon, stop worrying."", ""This is a safe street, this is a safe building, there's nothing""]",774,2,4,"[1, 2, 3]","7705,7706,7707"
2,Rachel,"['fear', 'neutral']","00:00:11,386","00:00:17,391","[""Mom, c'mon, stop worrying."", ""This is a safe street, this is a safe building, there's nothing""]",774,2,4,"[2, 3]","7706,7707"
2,Ross,"['neutral', 'joy']","00:06:19,545","00:06:31,098","['The ride broke down.', 'So, Carol and I went behind a couple of those mechanical Dutch children... then they fixed the ride, and we were asked never to return to the Magic Kingdom.']",775,1,7,"[11, 12]","7763,7764"
3,Ross,"['surprise', 'surprise', 'neutral']","00:15:42,566","00:15:57,413","['Really?!', 'Hey, y’know what?', 'Since you have such a great sense of what I need, uh ooh, here’s-here’s 60 bucks, why don’t you take Phoebe down to that Colonial flea market of yours and get me some stuff.']",777,6,11,"[6, 7, 8]","7729,7730,7731"
2,Ross,"['surprise', 'neutral']","00:15:45,319","00:15:57,413","['Hey, y’know what?', 'Since you have such a great sense of what I need, uh ooh, here’s-here’s 60 bucks, why don’t you take Phoebe down to that Colonial flea market of yours and get me some stuff.']",777,6,11,"[7, 8]","7730,7731"
2,Phoebe,"['neutral', 'surprise']","00:09:31,821","00:09:48,962","[""Sure, yeah, no I can do that, yeah, because umm, y'know, the muscles in the siadic area can get y’know, real  nice and tight."", 'So umm, tell me Rick, how umm, how did you injure the area.']",778,4,4,"[5, 6]","7742,7743"
3,Phoebe,"['neutral', 'neutral', 'anger']","00:02:45,415","0:02:50,202","['Crew guy.', 'Yeah.', 'Why have you been following me?']",780,3,3,"[0, 1, 2]","7753,7754,7755"
3,Phoebe,"['neutral', 'anger', 'neutral']","0:02:48,376","00:02:52,629","['Yeah.', 'Why have you been following me?', ""I mean, all week long everywhere I look there's you.""]",780,3,3,"[1, 2, 3]","7754,7755,7756"
2,Phoebe,"['anger', 'neutral']","0:02:48,710","00:02:52,629","['Why have you been following me?', ""I mean, all week long everywhere I look there's you.""]",780,3,3,"[2, 3]","7755,7756"
3,Mark,"['fear', 'joy', 'fear']","00:00:38,121","00:00:48,797","['I’ve kinda of had this ah, this crush on you.', 'But since you were with Ross, I-I didn’t do anything about it.', 'But, now that you’re not, I’d really like to ask you out sometime.']",782,3,19,"[6, 7, 8]","7769,7770,7771"
3,Mark,"['joy', 'fear', 'fear']","00:00:41,791","00:00:53,343","['But since you were with Ross, I-I didn’t do anything about it.', 'But, now that you’re not, I’d really like to ask you out sometime.', 'So-so that’s-that’s what I’m doing, now.']",782,3,19,"[7, 8, 9]","7770,7771,7772"
3,Phoebe,"['neutral', 'joy', 'joy']","00:09:56,679","00:10:08,273","['Hello, tiny embryos.', 'Well, I’m-I’m Phoebe Buffay, hi!', 'I’m-I’m-I’m hoping to be your uterus for the next nine months.']",783,4,12,"[0, 1, 2]","7775,7776,7777"
2,Phoebe,"['joy', 'neutral']","00:10:23,497","00:10:41,556","['Okay, and-and I promise that I’ll keep you safe and warm until you’re ready to have them take you home, so… Oh!', 'And also, umm next time you see me, I’m screaming, don’t worry, that’s what’s supposed to happen.']",783,4,12,"[5, 6]","7780,7781"
3,Chandler,"['joy', 'neutral', 'neutral']","00:20:52,626","00:21:13,771","['Ho-oh, he’s gonna get some!', 'Of the glare from the streetlight out of his apartment.', 'Y’know so umm, he’s closed the drapes there so he can have a nice, pleasant conversation with your little sister.']",788,6,13,"[1, 2, 3]","7805,7806,7807"
3,Joey,"['fear', 'neutral', 'fear']","0:09:02,625","0:09:08,304","['Uhh, look Katie, uh listen, we-we need to talk.', 'Okay?', 'Umm, look I like you.']",789,5,15,"[3, 4, 5]","7812,7813,7814"
3,Joey,"['neutral', 'fear', 'fear']","0:09:05,920","0:09:11,316","['Okay?', 'Umm, look I like you.', 'I-I really do, I like you a lot.']",789,5,15,"[4, 5, 6]","7813,7814,7815"
3,Joey,"['fear', 'fear', 'anger']","0:09:06,212","0:09:11,462","['Umm, look I like you.', 'I-I really do, I like you a lot.', 'Okay?']",789,5,15,"[5, 6, 7]","7814,7815,7816"
3,Joey,"['fear', 'anger', 'joy']","0:09:08,304","00:09:20,392","['I-I really do, I like you a lot.', 'Okay?', ""But sometimes when you, when you playfully punch me like that it-it feels like someone's hitting me with a very tiny but very""]",789,5,15,"[6, 7, 8]","7815,7816,7817"
2,Joey,"['anger', 'joy']","0:09:11,316","00:09:20,392","['Okay?', ""But sometimes when you, when you playfully punch me like that it-it feels like someone's hitting me with a very tiny but very""]",789,5,15,"[7, 8]","7816,7817"
3,Rachel,"['sadness', 'neutral', 'joy']","0:02:31,568","00:02:41,410","['Ooh, I miss dating.', 'Gettin’ all dressed up and going to a fancy restaurant.', 'I’m not gonna be able to do that for so long, and it’s so much fun!']",791,8,12,"[9, 10, 11]","7829,7830,7831"
3,Rachel,"['neutral', 'joy', 'neutral']","0:02:33,737","00:02:46,248","['Gettin’ all dressed up and going to a fancy restaurant.', 'I’m not gonna be able to do that for so long, and it’s so much fun!', 'I mean not that sitting at home worrying about giving birth to a sixteen pound baby is not fun.']",791,8,12,"[10, 11, 12]","7830,7831,7832"
2,Rachel,"['joy', 'neutral']","00:02:37,157","00:02:46,248","['I’m not gonna be able to do that for so long, and it’s so much fun!', 'I mean not that sitting at home worrying about giving birth to a sixteen pound baby is not fun.']",791,8,12,"[11, 12]","7831,7832"
3,Joey/Drake,"['surprise', 'sadness', 'sadness']","00:10:15,532","00:10:31,131","['How can I?', ""Knowing I'll never hold you in my arms again,    or touch your skin, or feel your lips, knowing I'll never make love to you?"", 'How can I accept that...']",792,9,19,"[15, 16, 17]","7857,7858,7859"
2,Chandler,"['joy', 'anger']","00:21:18,944","00:21:41,590","[""I know this isn't the kind of Thanksgiving that all of you all planned, but for me, this has been really great, you know, I think because it didn't involve divorce or projectile vomiting."", ""Anyway, I was just thinking, I mean, if you'd gone to Vail, and if you guys'd been with your family, if you didn't have syphilis and stuff, we wouldn't be all together, you know?""]",793,1,9,"[4, 5]","7867,7868"
2,Chandler,"['anger', 'joy']","00:21:33,750","00:21:54,020","[""Anyway, I was just thinking, I mean, if you'd gone to Vail, and if you guys'd been with your family, if you didn't have syphilis and stuff, we wouldn't be all together, you know?"", ""So I guess what I'm trying to say is that I'm very thankful that all of your Thanksgivings sucked.""]",793,1,9,"[5, 6]","7868,7869"
3,Ross,"['anger', 'anger', 'sadness']","00:14:08,764","0:14:15,769","['Oh yeah, I said Rachel’s name, but it didn’t mean anything, Okay?', 'She’s-she’s just a friend and that’s all!', 'That’s all!']",794,5,1,"[3, 4, 5]","7877,7878,7879"
3,Ross,"['anger', 'sadness', 'anger']","0:14:12,017","00:14:18,815","['She’s-she’s just a friend and that’s all!', 'That’s all!', 'Now just tell Emily that I love her and that I can’t imagine spending my life with anyone else.']",794,5,1,"[4, 5, 6]","7878,7879,7880"
3,Ross,"['sadness', 'anger', 'sadness']","0:14:13,477","00:14:22,443","['That’s all!', 'Now just tell Emily that I love her and that I can’t imagine spending my life with anyone else.', 'Please, promise me that you’ll tell her that.']",794,5,1,"[5, 6, 7]","7879,7880,7881"
2,Ross,"['anger', 'sadness']","00:14:15,855","00:14:22,443","['Now just tell Emily that I love her and that I can’t imagine spending my life with anyone else.', 'Please, promise me that you’ll tell her that.']",794,5,1,"[6, 7]","7880,7881"
3,Chandler,"['fear', 'surprise', 'neutral']","00:13:48,994","0:13:57,775","['But only because I was up all night worried about this  meeting, ain’t that funny?', 'Irony?', 'Not a fan, alright .']",796,9,2,"[5, 6, 7]","7899,7900,7901"
3,Chandler,"['surprise', 'neutral', 'neutral']","0:13:55,042","00:14:01,047","['Irony?', 'Not a fan, alright .', 'See, here’s  the thing.']",796,9,2,"[6, 7, 8]","7900,7901,7902"
3,Chandler,"['neutral', 'neutral', 'joy']","00:13:59,713","0:14:06,742","['See, here’s  the thing.', 'I went home and told my wife about Tulsa and she won’t go.', 'See, me, I  love Tulsa!']",796,9,2,"[8, 9, 10]","7902,7903,7904"
3,Chandler,"['neutral', 'joy', 'joy']","00:14:01,215","0:14:08,488","['I went home and told my wife about Tulsa and she won’t go.', 'See, me, I  love Tulsa!', 'Tulsa is heaven!']",796,9,2,"[9, 10, 11]","7903,7904,7905"
3,Chandler,"['joy', 'joy', 'fear']","0:14:05,010","00:14:11,015","['See, me, I  love Tulsa!', 'Tulsa is heaven!', 'Tulsa is Italy—Please don’t make me go  there!']",796,9,2,"[10, 11, 12]","7904,7905,7906"
2,Chandler,"['joy', 'fear']","0:14:06,742","00:14:11,015","['Tulsa is heaven!', 'Tulsa is Italy—Please don’t make me go  there!']",796,9,2,"[11, 12]","7905,7906"
3,Chandler,"['fear', 'neutral', 'joy']","0:14:12,155","00:14:19,858","['No no no!', 'Look, Carol, can I call you Carol?', 'Wh-why  would I when your name is Elaine?']",796,9,2,"[14, 15, 16]","7908,7909,7910"
3,Chandler,"['neutral', 'joy', 'joy']","00:14:12,935","00:14:27,740","['Look, Carol, can I call you Carol?', 'Wh-why  would I when your name is Elaine?', 'Oh what a great picture of your son,  strapping!']",796,9,2,"[15, 16, 17]","7909,7910,7911"
3,Chandler,"['joy', 'joy', 'sadness']","00:14:25,072","00:14:36,749","['Oh what a great picture of your son,  strapping!', 'That’s a picture of your daughter, isn’t it,  well she’s lovely.', 'I like a girl with a strong jaw.']",796,9,2,"[17, 18, 19]","7911,7912,7913"
3,Chandler,"['joy', 'sadness', 'neutral']","00:14:29,869","00:14:41,754","['That’s a picture of your daughter, isn’t it,  well she’s lovely.', 'I like a girl with a strong jaw.', 'I’ll call you from Tulsa.']",796,9,2,"[18, 19, 20]","7912,7913,7914"
2,Chandler,"['sadness', 'neutral']","00:14:33,122","00:14:41,754","['I like a girl with a strong jaw.', 'I’ll call you from Tulsa.']",796,9,2,"[19, 20]","7913,7914"
3,Monica,"['surprise', 'sadness', 'sadness']","0:18:22,476","00:18:29,107","[""I just can't believe you're in here."", 'I mean, what am I gonna do without you?', ""Who's gonna crash the embassy parties with me?""]",797,1,21,"[10, 11, 12]","7925,7926,7927"
3,Monica,"['neutral', 'anger', 'anger']","00:10:26,334","00:10:33,173","[""All right, Ross, don't squeeze it so hard."", ""Honey, really, don't squeeze it so hard!"", 'Let go of my hand!']",801,2,6,"[6, 7, 8]","7952,7953,7955"
3,Monica,"['surprise', 'joy', 'joy']","00:14:55,227","00:15:04,903","['Look honey, you don’t have to do this, okay?', 'It’s the strength you have inside that means the most to me.', 'You’re loyal, you’re honest, and you have integrity!']",803,8,6,"[2, 3, 4]","7963,7964,7965"
2,Mr. Treeger,"['anger', 'disgust']","00:01:21,748","00:01:34,510","[': Oh yeah, of course you don’t!', ': ‘Cause you’re a little princess! ""Daddy, buy me a pizza. Daddy, buy me a candy factory. Daddy, make the cast of']",804,4,4,"[5, 6]","7974,7976"
2,Mr. Treeger,"['disgust', 'anger']","00:01:21,748","00:01:41,517","[': ‘Cause you’re a little princess! ""Daddy, buy me a pizza. Daddy, buy me a candy factory. Daddy, make the cast of', ': You think you could make a mess and the big man in coveralls will come in here and clean it up, huh?']",804,4,4,"[6, 7]","7976,7978"
3,Ross,"['joy', 'neutral', 'neutral']","00:00:08,341","00:00:15,097","['Hello!', ""What's this?"", ""Oh right its that girl's phone number.""]",805,4,5,"[0, 1, 2]","7981,7982,7983"
3,Ross,"['neutral', 'neutral', 'joy']","00:00:10,552","00:00:24,023","[""What's this?"", ""Oh right its that girl's phone number."", 'Yeah-yeah, there it is, just a phone number a really hot girl gave me.']",805,4,5,"[1, 2, 3]","7982,7983,7984"
3,Ross,"['neutral', 'joy', 'surprise']","00:00:12,095","00:00:35,701","[""Oh right its that girl's phone number."", 'Yeah-yeah, there it is, just a phone number a really hot girl gave me.', ""It's no big deal, I mean it is her home phone number, but... Whoa!""]",805,4,5,"[2, 3, 4]","7983,7984,7985"
3,Ross,"['joy', 'surprise', 'joy']","00:00:18,143","00:00:41,749","['Yeah-yeah, there it is, just a phone number a really hot girl gave me.', ""It's no big deal, I mean it is her home phone number, but... Whoa!"", 'Whoa-whoops, I almost lost this baby!']",805,4,5,"[3, 4, 5]","7984,7985,7986"
3,Ross,"['surprise', 'joy', 'anger']","00:00:25,775","00:00:46,962","[""It's no big deal, I mean it is her home phone number, but... Whoa!"", 'Whoa-whoops, I almost lost this baby!', 'Yeah, the lovely Amanda gives me her number and I-I go and drop it.']",805,4,5,"[4, 5, 6]","7985,7986,7987"
2,Ross,"['joy', 'anger']","00:00:37,829","00:00:46,962","['Whoa-whoops, I almost lost this baby!', 'Yeah, the lovely Amanda gives me her number and I-I go and drop it.']",805,4,5,"[5, 6]","7986,7987"
3,Joey,"['fear', 'neutral', 'joy']","00:18:14,009","00:18:32,110","['Listen I uh…  It’s a scary world out there especially if you’re a single mom.', 'Y’know, I always felt like you and I have this-this special bond.', 'So,  Rachel Green will you marry me?']",806,8,2,"[15, 16, 17]","8004,8005,8007"
2,Joey,"['neutral', 'joy']","00:18:24,103","00:18:32,110","['Y’know, I always felt like you and I have this-this special bond.', 'So,  Rachel Green will you marry me?']",806,8,2,"[16, 17]","8005,8007"
3,Joey,"['joy', 'joy', 'neutral']","00:08:26,756","00:08:35,680","['$500 that is a loooot of electricity!', 'Whoo-ho-ho!', 'I gotta buy some food.']",809,6,6,"[5, 6, 7]","8023,8024,8025"
2,Joey,"['joy', 'neutral']","00:08:28,633","00:08:35,680","['Whoo-ho-ho!', 'I gotta buy some food.']",809,6,6,"[6, 7]","8024,8025"
2,Chandler,"['anger', 'fear']","00:09:13,761","00:09:26,565","['No! No! No! No——one can beat me.', 'See? Now, that’s why only the little fake men are supposed to do all the kicking.']",809,6,6,"[14, 15]","8032,8033"
3,Chandler,"['sadness', 'fear', 'fear']","0:06:22,840","0:06:27,033","['Don’t worry, I’m brave!', 'I am brave!', 'I…I am brave!']",810,7,9,"[1, 2, 3]","8035,8036,8037"
3,Chandler,"['fear', 'fear', 'neutral']","0:06:24,968","00:06:33,809","['I…I am brave!', 'No-no-no-no!!', 'Can you tell me who is there please?']",810,7,9,"[3, 4, 5]","8037,8038,8039"
2,Chandler,"['fear', 'neutral']","00:06:28,471","00:06:33,809","['No-no-no-no!!', 'Can you tell me who is there please?']",810,7,9,"[4, 5]","8038,8039"
3,Janice,"['sadness', 'sadness', 'neutral']","00:20:52,084","00:21:14,063","['I-I am so sorry, I’ll go.', 'Good-bye Monica , I wish you a lifetime of happiness with him.', 'Chandler,  you call me when this goes in the pooper.']",816,7,7,"[2, 3, 4]","8103,8104,8105"
2,Janice,"['sadness', 'neutral']","00:21:02,511","00:21:14,063","['Good-bye Monica , I wish you a lifetime of happiness with him.', 'Chandler,  you call me when this goes in the pooper.']",816,7,7,"[3, 4]","8104,8105"
3,Phoebe,"['anger', 'neutral', 'neutral']","00:20:34,608","0:20:42,167","['Would you stop that!', 'Do you wanna know the first thing she said when she came back from her lunch with Richard?', ""She didn't feel anything for him.""]",817,5,23,"[7, 8, 9]","8114,8115,8116"
3,Phoebe,"['neutral', 'neutral', 'sadness']","00:20:36,902","0:20:43,286","['Do you wanna know the first thing she said when she came back from her lunch with Richard?', ""She didn't feel anything for him."", 'She loves you!']",817,5,23,"[8, 9, 10]","8115,8116,8117"
2,Phoebe,"['neutral', 'sadness']","0:20:40,405","0:20:43,286","[""She didn't feel anything for him."", 'She loves you!']",817,5,23,"[9, 10]","8116,8117"
3,Monica,"['neutral', 'disgust', 'joy']","00:07:01,712","00:07:10,345","['I mean, why should I let them meet him?', ""I mean, I bring a guy home, and within five minutes they're all over him."", ""I mean, they're like- coyotes, picking off the weak members of the herd.""]",818,1,3,"[0, 1, 2]","8122,8123,8124"
2,Monica,"['disgust', 'joy']","00:07:03,381","00:07:10,345","[""I mean, I bring a guy home, and within five minutes they're all over him."", ""I mean, they're like- coyotes, picking off the weak members of the herd.""]",818,1,3,"[1, 2]","8123,8124"
3,Joey,"['neutral', 'joy', 'joy']","00:00:22,814","00:00:34,783","['Oh, it’s this big budget period movie about these three Italian brothers who come to America around the turn of the century.', 'It’s really classy!', 'Oh, and the director is supposed to be the next next Martin Scorcese.']",820,7,19,"[7, 8, 9]","8158,8159,8160"
3,Joey,"['neutral', 'neutral', 'joy']","00:00:38,079","00:00:48,630","['Yeah, there’s this guy from Chicago who’s supposed to be the next Martin Scorcese, all right?', 'But then this guy’s right after him.', 'Hello!']",820,7,19,"[11, 12, 13]","8162,8163,8164"
3,Joey,"['neutral', 'joy', 'joy']","00:00:42,083","00:00:55,888","['But then this guy’s right after him.', 'Hello!', 'They loved me!']",820,7,19,"[12, 13, 14]","8163,8164,8165"
3,Joey,"['joy', 'joy', 'surprise']","00:00:54,804","00:01:18,118","['They loved me!', 'Oh my God!', 'Are you kidding me? I never rent a movie without it!  Oh.  Uh, okay uh let me call you back.']",820,7,19,"[14, 15, 16]","8165,8166,8167"
2,Joey,"['joy', 'surprise']","00:00:59,809","00:01:18,118","['Oh my God!', 'Are you kidding me? I never rent a movie without it!  Oh.  Uh, okay uh let me call you back.']",820,7,19,"[15, 16]","8166,8167"
3,Ross,"['joy', 'surprise', 'neutral']","00:10:25,041","00:10:38,011","['Listen, I gotta tell ya, I-I’m having a great time!', 'Y’know how before you said it might be weird, the whole student teacher thing, and to be frank I thought it would be too, but it’s not.', 'I mean it’s not at all.']",821,6,18,"[10, 11, 12]","8183,8184,8185"
2,Ross,"['surprise', 'neutral']","00:10:28,586","00:10:38,011","['Y’know how before you said it might be weird, the whole student teacher thing, and to be frank I thought it would be too, but it’s not.', 'I mean it’s not at all.']",821,6,18,"[11, 12]","8184,8185"
3,Monica,"['fear', 'neutral', 'neutral']","0:05:04,429","00:05:15,230","['Okay, all right don’t judge me to much.', 'Okay?', 'Um, but I saw this info-mercial, and um, I swear to you I have never-ever bought anything on TV before, except for this mop.']",827,3,16,"[5, 6, 7]","8229,8230,8231"
3,Monica,"['neutral', 'neutral', 'joy']","0:05:06,765","00:05:18,358","['Okay?', 'Um, but I saw this info-mercial, and um, I swear to you I have never-ever bought anything on TV before, except for this mop.', 'But there was this stuff on leg waxing, it just, it looked so amazing....']",827,3,16,"[6, 7, 8]","8230,8231,8232"
2,Monica,"['neutral', 'joy']","00:05:07,348","00:05:18,358","['Um, but I saw this info-mercial, and um, I swear to you I have never-ever bought anything on TV before, except for this mop.', 'But there was this stuff on leg waxing, it just, it looked so amazing....']",827,3,16,"[7, 8]","8231,8232"
3,Chandler,"['joy', 'joy', 'anger']","00:22:07,451","0:22:13,764","['Varrrrrroom!', 'Hey!', 'Watch it lady!']",830,3,7,"[0, 1, 2]","8259,8260,8261"
3,Chandler,"['joy', 'anger', 'joy']","0:22:11,246","00:22:15,583","['Hey!', 'Watch it lady!', 'Varrrrrrrrrrom!']",830,3,7,"[1, 2, 3]","8260,8261,8262"
3,Chandler,"['anger', 'joy', 'joy']","0:22:11,708","00:22:21,922","['Watch it lady!', 'Varrrrrrrrrrom!', 'Hey-hey good lookin’!']",830,3,7,"[2, 3, 4]","8261,8262,8263"
3,Chandler,"['joy', 'joy', 'sadness']","00:22:19,504","00:22:33,559","['Hey-hey good lookin’!', 'Varrrrrrrrroom.', 'All right, I’ll leave.']",830,3,7,"[4, 5, 6]","8263,8264,8265"
3,Chandler,"['joy', 'sadness', 'sadness']","00:22:26,678","00:22:35,978","['Varrrrrrrrroom.', 'All right, I’ll leave.', 'My bed’s so boring.']",830,3,7,"[5, 6, 7]","8264,8265,8266"
3,Rachel,"['anger', 'anger', 'neutral']","00:12:08,060","0:12:15,921","['Ross do you realise this is the first time in my life I’m doing something I actually care about.', 'This is the first time in my life I’m doing something that I’m actually good at.', 'I mean.']",831,3,15,"[0, 1, 2]","8267,8268,8269"
3,Rachel,"['anger', 'neutral', 'anger']","00:12:12,314","0:12:16,997","['This is the first time in my life I’m doing something that I’m actually good at.', 'I mean.', 'if you don’t get that...']",831,3,15,"[1, 2, 3]","8268,8269,8270"
2,Rachel,"['neutral', 'anger']","0:12:15,609","0:12:16,997","['I mean.', 'if you don’t get that...']",831,3,15,"[2, 3]","8269,8270"
3,Ross,"['anger', 'anger', 'sadness']","00:12:17,111","0:12:23,910","['No, hey, I get that, okay, I get that big time.', 'And I’m happy for ya, but I’m tired of having a relationship with your answering machine!', 'Okay, I don’t know what to do anymore.']",831,3,15,"[4, 5, 6]","8271,8272,8273"
2,Ross,"['anger', 'sadness']","00:12:17,111","0:12:23,910","['And I’m happy for ya, but I’m tired of having a relationship with your answering machine!', 'Okay, I don’t know what to do anymore.']",831,3,15,"[5, 6]","8272,8273"
2,Ross,"['anger', 'neutral']","00:00:02,794","00:00:06,755","['Hey!', 'I’m sorry I’m late, did I miss anything?']",832,4,10,"[0, 1]","8275,8276"
2,Ross,"['neutral', 'joy']","00:00:44,669","00:00:50,632","['No, I’m getting back down ‘cause she lives in Poughkeepsie.', 'She seems really great, but she’s like totally great, but she lives two and a half hours away.']",832,4,10,"[12, 13]","8287,8288"
2,Phoebe,"['anger', 'neutral']","00:16:33,033","00:16:38,913","['You’re making one right now!', 'And-']",839,6,14,"[1, 2]","8344,8345"
3,Phoebe,"['anger', 'disgust', 'disgust']","0:17:02,187","0:17:07,026","['And stop using my name!', 'And shame on you!', 'And shame on all of you!']",839,6,14,"[11, 12, 13]","8354,8355,8356"
2,Monica,"['anger', 'neutral']","00:20:08,415","0:20:15,131","['Honey, we were at this beautiful place, and I-I-I just put our names down for fun!', 'I mean, what’s the harm in that?']",841,6,22,"[4, 5]","8379,8380"
2,Chandler,"['anger', 'sadness']","00:20:21,803","00:20:32,313","['Phoebe and Rachel!', 'So the people that knew about our wedding before me were you, Phoebe and Rachel, Heldi, and apparently some band called Starlight Magic 7 who are available by the way!']",841,6,22,"[8, 9]","8383,8384"
3,Chandler,"['sadness', 'anger', 'neutral']","00:12:31,208","00:12:44,220","['I don’t know, my mother spent most of her money on her fourth wedding.', 'She’s saving the rest for her divorce.', 'And any extra cash my father has he saves for his yearly trips to']",843,7,2,"[1, 2, 3]","8423,8424,8425"
2,Chandler,"['anger', 'neutral']","00:12:36,839","00:12:44,220","['She’s saving the rest for her divorce.', 'And any extra cash my father has he saves for his yearly trips to']",843,7,2,"[2, 3]","8424,8425"
2,Ross,"['neutral', 'sadness']","00:17:04,773","00:17:22,999","[""Y'know, we work in a museum of natural history, and yet there is something unnatural about the way we eat lunch."", 'Now, I look around this cafeteria, and y’know what I see, I see-I see division.']",844,4,11,"[4, 5]","8441,8442"
2,Ross,"['sadness', 'fear']","00:17:18,787","00:17:30,673","['Now, I look around this cafeteria, and y’know what I see, I see-I see division.', 'Division, between people in white coats and people in blue blazers, and I ask myself, ""My God why?!""']",844,4,11,"[5, 6]","8442,8443"
3,Ross,"['fear', 'neutral', 'joy']","00:17:23,208","00:17:46,272","['Division, between people in white coats and people in blue blazers, and I ask myself, ""My God why?!""', 'Now, I say we shed these-these coats that separate us, and we get to know the people underneath.', 'I’m Ross!']",844,4,11,"[6, 7, 8]","8443,8444,8445"
3,Ross,"['neutral', 'joy', 'joy']","00:17:32,843","00:17:49,776","['Now, I say we shed these-these coats that separate us, and we get to know the people underneath.', 'I’m Ross!', 'I’m divorced, and I have a kid!']",844,4,11,"[7, 8, 9]","8444,8445,8446"
3,Doug,"['neutral', 'joy', 'neutral']","00:04:02,492","0:04:08,785","['So thanks for the warm welcome.', 'It’s good to have you guys on my team, and I come to play.', 'I hope you do too.']",845,3,24,"[0, 1, 2]","8458,8459,8460"
3,Doug,"['joy', 'neutral', 'joy']","0:04:04,327","00:04:11,416","['It’s good to have you guys on my team, and I come to play.', 'I hope you do too.', 'Now, let’s go out there and get ‘em!']",845,3,24,"[1, 2, 3]","8459,8460,8461"
3,Doug,"['neutral', 'joy', 'neutral']","0:04:07,539","00:04:14,211","['I hope you do too.', 'Now, let’s go out there and get ‘em!', 'And remember, there is no ‘I’ in team.']",845,3,24,"[2, 3, 4]","8460,8461,8463"
2,Doug,"['joy', 'neutral']","00:04:08,957","00:04:14,211","['Now, let’s go out there and get ‘em!', 'And remember, there is no ‘I’ in team.']",845,3,24,"[3, 4]","8461,8463"
3,Doug,"['neutral', 'joy', 'joy']","0:04:24,889","00:04:31,436","['No-no, I heard what you said, funny.', 'I like funny.', 'This team is about hard work, but it’s also about having fun.']",845,3,24,"[8, 9, 10]","8467,8468,8469"
2,Rachel,"['surprise', 'sadness']","00:15:25,132","00:15:32,138","['Oh my God.', 'Oh my God Ross, no, hang up the phone, give me the phone Ross, give me the phone, give me the phone, give me the.']",848,4,21,"[3, 4]","8485,8486"
3,Ross,"['joy', 'joy', 'disgust']","00:04:20,176","00:04:25,222","[""Yeah well, he's not gonna get this one."", 'Ben is way cuter than that kid.', 'I mean look at him, look at you,']",849,5,18,"[5, 6, 7]","8501,8502,8503"
2,Ross,"['joy', 'disgust']","00:04:20,176","00:04:25,222","['Ben is way cuter than that kid.', 'I mean look at him, look at you,']",849,5,18,"[6, 7]","8502,8503"
3,Joey,"['neutral', 'joy', 'neutral']","0:05:53,949","0:05:55,349","['Yeah!', 'Yeah!', 'Right down there.']",851,7,17,"[9, 10, 11]","8524,8525,8526"
3,Joey,"['joy', 'neutral', 'neutral']","0:05:54,471","00:05:57,314","['Yeah!', 'Right down there.', 'Hey listen.. let me give you a little tip.']",851,7,17,"[10, 11, 12]","8525,8526,8527"
3,Joey,"['neutral', 'neutral', 'joy']","0:05:54,805","00:06:02,319","['Right down there.', 'Hey listen.. let me give you a little tip.', 'Do not take a nap on this stoop  or you can wake up with your shoes gone.']",851,7,17,"[11, 12, 13]","8526,8527,8528"
2,Joey,"['neutral', 'joy']","00:05:55,480","00:06:02,319","['Hey listen.. let me give you a little tip.', 'Do not take a nap on this stoop  or you can wake up with your shoes gone.']",851,7,17,"[12, 13]","8527,8528"
3,Phoebe,"['neutral', 'neutral', 'sadness']","0:19:01,932","00:19:09,313","['Hey.', 'Listen, um...', ""I'm sorry.""]",852,1,17,"[0, 1, 2]","8537,8538,8539"
3,Phoebe,"['neutral', 'sadness', 'neutral']","0:19:02,824","00:19:21,742","['Listen, um...', ""I'm sorry."", "": Yeah, um...  You know you, you should just forget about what I said under the bridge, I was talkin'""]",852,1,17,"[1, 2, 3]","8538,8539,8540"
3,Phoebe,"['sadness', 'neutral', 'sadness']","00:19:08,272","00:19:33,087","[""I'm sorry."", "": Yeah, um...  You know you, you should just forget about what I said under the bridge, I was talkin'"", ""That's right, I don't... But I was, I was drunk on you!""]",852,1,17,"[2, 3, 4]","8539,8540,8541"
3,Phoebe,"['neutral', 'sadness', 'neutral']","00:19:12,609","00:19:37,049","["": Yeah, um...  You know you, you should just forget about what I said under the bridge, I was talkin'"", ""That's right, I don't... But I was, I was drunk on you!"", ""Okay, yeah, so it's not gonna work.""]",852,1,17,"[3, 4, 5]","8540,8541,8542"
3,Phoebe,"['sadness', 'neutral', 'neutral']","00:19:26,832","00:19:44,473","[""That's right, I don't... But I was, I was drunk on you!"", ""Okay, yeah, so it's not gonna work."", 'If it was, would you stop hanging out with her?']",852,1,17,"[4, 5, 6]","8541,8542,8543"
3,Phoebe,"['neutral', 'neutral', 'anger']","00:19:34,256","00:19:57,278","[""Okay, yeah, so it's not gonna work."", 'If it was, would you stop hanging out with her?', ""Um, then yes, it's 'cause of Phoebe! So, you know, it's either her or me.""]",852,1,17,"[5, 6, 7]","8542,8543,8544"
3,Phoebe,"['neutral', 'anger', 'sadness']","00:19:41,680","00:20:10,625","['If it was, would you stop hanging out with her?', ""Um, then yes, it's 'cause of Phoebe! So, you know, it's either her or me."", ""You know...  You're gonna be really, really hard to get over.""]",852,1,17,"[6, 7, 8]","8543,8544,8545"
2,Phoebe,"['anger', 'sadness']","00:19:50,397","00:20:10,625","[""Um, then yes, it's 'cause of Phoebe! So, you know, it's either her or me."", ""You know...  You're gonna be really, really hard to get over.""]",852,1,17,"[7, 8]","8544,8545"
2,Joey,"['joy', 'anger']","00:11:12,421","00:11:22,722","['Everything on your application looks really good—Ohh!', 'Just one last question umm, are you and your friends gonna be over here all the time like partying and hanging out?']",855,6,3,"[0, 1]","8567,8568"
3,Ross,"['surprise', 'neutral', 'neutral']","00:11:54,046","00:12:02,137","['No!', 'For all I know, she’s trying to find me but couldn’t because I kept moving around.', 'No, from now on, I’m staying in one place.']",857,5,1,"[0, 1, 2]","8580,8581,8582"
3,Phoebe,"['neutral', 'fear', 'neutral']","00:13:21,759","00:13:31,935","['Okay.', 'Umm look, you’re coming on a little strong.', 'But I’m going to give you the benefit of the doubt, because it seems the universe really wants to be together.']",860,8,17,"[1, 2, 3]","8611,8612,8613"
3,Phoebe,"['fear', 'neutral', 'neutral']","00:13:23,385","0:13:33,874","['Umm look, you’re coming on a little strong.', 'But I’m going to give you the benefit of the doubt, because it seems the universe really wants to be together.', 'So, why don’t we just start over okay?']",860,8,17,"[2, 3, 4]","8612,8613,8614"
2,Monica,"['surprise', 'neutral']","00:04:34,983","00:04:45,158","['Oh God!', 'The fuzzy little mints at the bottom of her purse.']",861,1,8,"[11, 12]","8637,8638"
3,Ross,"['surprise', 'disgust', 'joy']","00:04:45,326","00:04:52,040","['Oh!', '...Yeah, they were gross.', 'Oh, you know what I loved?']",861,1,8,"[13, 14, 15]","8639,8640,8641"
3,Ross,"['disgust', 'joy', 'joy']","00:04:47,287","00:04:54,084","['...Yeah, they were gross.', 'Oh, you know what I loved?', ""Her Sweet 'n' Los.""]",861,1,8,"[14, 15, 16]","8640,8641,8642"
3,Monica,"['anger', 'neutral', 'anger']","00:12:01,637","00:12:17,402","['Limited seating my ass. Let’s see who made the cut.  Hi!', 'I’m Monica Gellar. Who do you know the bride and groom?', 'Used to work with her. Used to! I’m a relative and I didn’t get invited! A']",865,7,11,"[1, 2, 3]","8663,8664,8665"
2,Monica,"['neutral', 'anger']","00:12:06,851","00:12:17,402","['I’m Monica Gellar. Who do you know the bride and groom?', 'Used to work with her. Used to! I’m a relative and I didn’t get invited! A']",865,7,11,"[2, 3]","8664,8665"
2,Monica,"['joy', 'neutral']","00:12:25,327","00:12:34,127","['So, how about you huh? How do you know the happy couple?', 'Okay, you’re fine.']",865,7,11,"[5, 6]","8667,8668"
3,Chandler,"['anger', 'anger', 'neutral']","0:12:37,048","00:12:44,053","[""Look, don't you see what's happening here."", ""Instead of hitting on her right away, he's becoming her confidant."", ""Now he's gonna be the guy she goes too to complain about you.""]",869,3,12,"[2, 3, 4]","8695,8696,8697"
2,Chandler,"['anger', 'neutral']","00:12:37,298","00:12:44,053","[""Instead of hitting on her right away, he's becoming her confidant."", ""Now he's gonna be the guy she goes too to complain about you.""]",869,3,12,"[3, 4]","8696,8697"
3,Joey,"['anger', 'anger', 'joy']","00:13:11,624","00:13:21,633","[""And you'll be all, 'Ohh, man!'"", ""And he'll be all, 'Yes!'"", ""And us, we'll be like, 'Wh-whoa, dude.'""]",869,3,12,"[12, 13, 14]","8705,8706,8707"
3,Joey,"['anger', 'joy', 'disgust']","00:13:14,960","00:13:34,229","[""And he'll be all, 'Yes!'"", ""And us, we'll be like, 'Wh-whoa, dude.'"", ""And pretty soon you'll be like,  'Hhiii,' and, and, and, 'I can't go, Rachel and Mark might be there.'""]",869,3,12,"[13, 14, 15]","8706,8707,8708"
3,Joey,"['joy', 'disgust', 'disgust']","00:13:19,006","00:13:38,149","[""And us, we'll be like, 'Wh-whoa, dude.'"", ""And pretty soon you'll be like,  'Hhiii,' and, and, and, 'I can't go, Rachel and Mark might be there.'"", ""And we'll be like, 'Man get over it, it's been four years!!'""]",869,3,12,"[14, 15, 16]","8707,8708,8709"
3,Chandler,"['neutral', 'sadness', 'neutral']","00:04:38,695","00:04:49,538","['Hey, y’know what, if you’re gonna do that, if you’re gonna name him Joey, you should name him Chandler.', 'Oh, come on!', 'Chandler’s funny, sophisticated, and he’s very loveable, once you get to know him.']",871,4,18,"[0, 1, 2]","8720,8721,8722"
2,Chandler,"['sadness', 'neutral']","00:04:43,449","00:04:49,538","['Oh, come on!', 'Chandler’s funny, sophisticated, and he’s very loveable, once you get to know him.']",871,4,18,"[1, 2]","8721,8722"
3,Joey,"['sadness', 'anger', 'sadness']","0:21:21,280","00:21:26,617","[""I don't wanna give up the bag."", ""I don't have to give up the bag!"", 'Do I Rach?']",874,5,13,"[5, 6, 7]","8753,8754,8755"
3,Joey,"['anger', 'sadness', 'anger']","0:21:22,842","00:21:32,456","[""I don't have to give up the bag!"", 'Do I Rach?', 'Oh, you think I should give up the bag!']",874,5,13,"[6, 7, 8]","8754,8755,8756"
2,Joey,"['sadness', 'anger']","00:21:24,116","00:21:32,456","['Do I Rach?', 'Oh, you think I should give up the bag!']",874,5,13,"[7, 8]","8755,8756"
2,Rachel,"['neutral', 'sadness']","00:21:32,749","00:21:44,051","['Honey wait, Joey, I’m sorry I mean as terrific as I think you are with it', ""I just don't know if the world is ready for you and your bag.""]",874,5,13,"[9, 10]","8757,8759"
3,Rachel,"['sadness', 'anger', 'neutral']","0:21:48,390","00:21:59,275","['Wait a minute!', 'Wait a minute!', ""I'm not saying that you shouldn’t have a bag, I just—it's just there are other bags that are a little less umm,  controversial.""]",874,5,13,"[12, 13, 14]","8761,8762,8763"
2,Rachel,"['anger', 'neutral']","0:21:49,242","00:21:59,275","['Wait a minute!', ""I'm not saying that you shouldn’t have a bag, I just—it's just there are other bags that are a little less umm,  controversial.""]",874,5,13,"[13, 14]","8762,8763"
2,Chandler,"['anger', 'neutral']","00:02:32,694","00:02:46,081","['Look, Joey, Kathy is clearly not fulfilling your emotional needs.', 'But Casey, I mean granted I only saw the back of her head, but I got this sense that she’s-she’s smart, and funny, and gets you.']",884,4,7,"[13, 14]","8817,8818"
3,Chandler,"['joy', 'neutral', 'neutral']","0:13:18,395","00:13:24,010","['Hi!', 'Listen, can we watch cartoons on your television?', 'We need a porn break.']",886,4,17,"[1, 2, 3]","8828,8829,8830"
3,Phoebe,"['joy', 'disgust', 'neutral']","00:13:41,570","00:13:57,961","['Oh this, well I’m glad you asked.', 'Now, don’t you hate it when you have to cut a tin can with an ordinary steak knife?', 'Ahh!']",886,4,17,"[11, 12, 13]","8838,8839,8840"
3,Phoebe,"['disgust', 'neutral', 'neutral']","00:13:47,576","00:13:57,961","['Now, don’t you hate it when you have to cut a tin can with an ordinary steak knife?', 'Ahh!', 'Now, I know what you’re thinking']",886,4,17,"[12, 13, 14]","8839,8840,8841"
2,Ross,"['neutral', 'anger']","00:19:35,632","00:19:42,305","['No, I mean it’s okay, I mean, they’re-they’re my friends.', 'In fact, I-I-I was married to one of them.']",887,6,17,"[4, 5]","8854,8855"
3,Ross,"['surprise', 'surprise', 'neutral']","0:19:46,651","0:19:53,125","['No-no!', 'No, I tired!', 'But I couldn’t.']",887,6,17,"[8, 9, 10]","8858,8859,8860"
3,Ross,"['surprise', 'neutral', 'anger']","00:19:47,936","0:19:54,611","['No, I tired!', 'But I couldn’t.', 'That’s why I’m here.']",887,6,17,"[9, 10, 11]","8859,8860,8861"
3,Ross,"['neutral', 'anger', 'neutral']","0:19:51,773","00:19:57,695","['But I couldn’t.', 'That’s why I’m here.', 'Maybe we could attack them together?']",887,6,17,"[10, 11, 12]","8860,8861,8862"
3,Ross,"['anger', 'neutral', 'neutral']","0:19:53,125","00:20:01,908","['That’s why I’m here.', 'Maybe we could attack them together?', 'That-that’s a no.']",887,6,17,"[11, 12, 13]","8861,8862,8863"
3,Monica,"['neutral', 'neutral', 'joy']","00:04:26,350","00:04:37,194","['No.', 'He teaches a course on food criticism at the New School, so before we go to the movies I wanna go by there and make him try my bouillabaisse again.', 'Oh, I cannot wait to read the front page of the Post tomorrow!']",892,8,21,"[12, 13, 14]","8914,8915,8916"
2,Monica,"['neutral', 'joy']","00:04:26,350","00:04:37,194","['He teaches a course on food criticism at the New School, so before we go to the movies I wanna go by there and make him try my bouillabaisse again.', 'Oh, I cannot wait to read the front page of the Post tomorrow!']",892,8,21,"[13, 14]","8915,8916"
3,Joey,"['neutral', 'neutral', 'anger']","0:05:07,807","00:05:14,813","['I’m an actor right?', 'So I won’t get nervous talking in front of people.', 'I won’t spit, and I won’t stare at Monica’s breasts!']",893,7,16,"[7, 8, 9]","8926,8927,8930"
3,Joey,"['neutral', 'anger', 'joy']","0:05:08,975","00:05:18,275","['So I won’t get nervous talking in front of people.', 'I won’t spit, and I won’t stare at Monica’s breasts!', 'Everyone knows I’m an ass man!']",893,7,16,"[8, 9, 10]","8927,8930,8932"
2,Joey,"['anger', 'joy']","00:05:11,269","00:05:18,275","['I won’t spit, and I won’t stare at Monica’s breasts!', 'Everyone knows I’m an ass man!']",893,7,16,"[9, 10]","8930,8932"
2,Joey,"['anger', 'surprise']","00:07:47,091","0:07:52,985","['What the hell is that?', 'Whoa! Whoa! Whoa! Treeger, what are you doing?']",895,8,3,"[2, 3]","8944,8945"
3,Mr. Treeger,"['neutral', 'neutral', 'anger']","0:07:55,981","0:08:04,285","['Because by the time I find it on this thing , the whole place might have exploded.', 'If that happens at another building that I manage, people are gonna start asking questions.', 'Come on!']",895,8,3,"[6, 7, 8]","8948,8949,8950"
3,Mr. Treeger,"['neutral', 'anger', 'sadness']","00:07:59,729","0:08:05,377","['If that happens at another building that I manage, people are gonna start asking questions.', 'Come on!', 'Hurry up.']",895,8,3,"[7, 8, 9]","8949,8950,8951"
2,Mr. Treeger,"['anger', 'sadness']","0:08:03,733","0:08:05,377","['Come on!', 'Hurry up.']",895,8,3,"[8, 9]","8950,8951"
3,Phoebe,"['sadness', 'sadness', 'neutral']","0:03:53,566","00:03:59,321","['Oh, I’m so sorry.', 'Um, and maybe I’m wrong!', 'I but—y’know I’m gonna go out with him again, I’ll find out more.']",896,8,16,"[1, 2, 3]","8954,8955,8956"
2,Phoebe,"['sadness', 'neutral']","0:03:54,738","00:03:59,321","['Um, and maybe I’m wrong!', 'I but—y’know I’m gonna go out with him again, I’ll find out more.']",896,8,16,"[2, 3]","8955,8956"
3,Ross,"['neutral', 'sadness', 'neutral']","00:11:25,726","00:11:38,613","['Little girl misses her cat.', 'Crazy lady thinks her mother is in a cat.', ""Okay, y'know what, I have to go have dinner with my son, can I trust that when you see Phoebe, you will tell her.""]",897,4,2,"[1, 2, 3]","8962,8963,8964"
2,Ross,"['sadness', 'neutral']","00:11:28,270","00:11:38,613","['Crazy lady thinks her mother is in a cat.', ""Okay, y'know what, I have to go have dinner with my son, can I trust that when you see Phoebe, you will tell her.""]",897,4,2,"[2, 3]","8963,8964"
3,Phoebe,"['joy', 'neutral', 'neutral']","00:04:08,081","0:04:12,391","['Nice,  thank you.', 'This is me.', 'Here.']",900,3,15,"[4, 5, 6]","8983,8984,8985"
3,Phoebe,"['neutral', 'joy', 'surprise']","00:04:44,659","00:04:49,454","[""Okay, y'know what, you don’t have to do that now."", 'No-no-no-no!!', 'Not him, you don’t!']",900,3,15,"[10, 11, 12]","8989,8990,8991"
3,Phoebe,"['joy', 'surprise', 'neutral']","00:04:44,659","00:04:56,378","['No-no-no-no!!', 'Not him, you don’t!', 'Well the moment’s over.']",900,3,15,"[11, 12, 13]","8990,8991,8992"
3,Phoebe,"['surprise', 'neutral', 'neutral']","00:04:48,204","00:05:06,430","['Not him, you don’t!', 'Well the moment’s over.', 'Oh.']",900,3,15,"[12, 13, 14]","8991,8992,8993"
2,Joey,"['surprise', 'anger']","00:06:50,410","00:07:00,585","['Whoa, whoa, whoa, wait, whoa.', 'Do you ah, want to get her something speacial, get her flowers, get her candy, get her gum, girls love gum.']",901,3,8,"[3, 4]","8998,8999"
3,Monica,"['neutral', 'neutral', 'sadness']","0:21:19,653","00:21:27,159","['All right.', 'The super couldn’t figure out what it did.', 'A $200 an hour electrician couldn’t figure out what it did.']",904,4,15,"[0, 1, 2]","9035,9036,9037"
3,Monica,"['neutral', 'sadness', 'sadness']","0:21:20,585","00:21:30,538","['The super couldn’t figure out what it did.', 'A $200 an hour electrician couldn’t figure out what it did.', 'I’ve had seven pretty serious shocks.']",904,4,15,"[1, 2, 3]","9036,9037,9038"
3,Monica,"['sadness', 'sadness', 'disgust']","00:21:23,115","0:21:32,395","['A $200 an hour electrician couldn’t figure out what it did.', 'I’ve had seven pretty serious shocks.', 'I officially give up.']",904,4,15,"[2, 3, 4]","9037,9038,9039"
2,Monica,"['sadness', 'disgust']","00:21:27,327","0:21:32,395","['I’ve had seven pretty serious shocks.', 'I officially give up.']",904,4,15,"[3, 4]","9038,9039"
2,Phoebe,"['neutral', 'anger']","00:06:33,726","00:06:39,940","[""Oh. Oh! Ma'am? Excuse me, ma'am?"", ""You can't put your cigarette out on a tree!""]",907,5,16,"[0, 1]","9066,9068"
3,Ross,"['surprise', 'surprise', 'anger']","0:09:07,142","0:09:16,279","['These pants are burning up!', 'Oh come on, she wants to snuggle now!', 'What is she trying to kill me?']",912,5,11,"[1, 2, 3]","9130,9131,9132"
3,Ross,"['surprise', 'anger', 'surprise']","0:09:11,926","00:09:18,932","['Oh come on, she wants to snuggle now!', 'What is she trying to kill me?', ""It's like a volcano in here!""]",912,5,11,"[2, 3, 4]","9131,9132,9133"
3,Ross,"['anger', 'surprise', 'neutral']","0:09:14,768","00:09:23,436","['What is she trying to kill me?', ""It's like a volcano in here!"", 'Are you hot?']",912,5,11,"[3, 4, 5]","9132,9133,9134"
3,Ross,"['surprise', 'neutral', 'neutral']","00:09:16,389","00:09:26,523","[""It's like a volcano in here!"", 'Are you hot?', 'Okay, it must just be me then.']",912,5,11,"[4, 5, 6]","9133,9134,9135"
3,Ross,"['neutral', 'joy', 'neutral']","00:12:40,634","00:12:53,188","['I mean, there’s no point in spending time with someone if-if it’s just fun.', 'It’s gotta be, it’s gotta be going somewhere right?', 'So where-where is it going?']",916,8,11,"[5, 6, 7]","9170,9171,9172"
3,Ross,"['joy', 'neutral', 'surprise']","00:12:45,806","00:12:57,233","['It’s gotta be, it’s gotta be going somewhere right?', 'So where-where is it going?', 'Ah!']",916,8,11,"[6, 7, 8]","9171,9172,9173"
3,Ross,"['neutral', 'surprise', 'neutral']","00:12:50,227","00:13:02,238","['So where-where is it going?', 'Ah!', 'That’s-that’s the real question.']",916,8,11,"[7, 8, 9]","9172,9173,9174"
3,Ross,"['surprise', 'neutral', 'joy']","00:12:55,691","00:13:14,667","['Ah!', 'That’s-that’s the real question.', 'And-and the answer is…is it’s going somewhere…fun.']",916,8,11,"[8, 9, 10]","9173,9174,9175"
3,Ross,"['neutral', 'joy', 'neutral']","00:12:58,360","00:13:23,760","['That’s-that’s the real question.', 'And-and the answer is…is it’s going somewhere…fun.', 'Now I-I know what you’re thinking, fun was fine for you like ten years ago y’know, but you’re-you’re not getting any younger.']",916,8,11,"[9, 10, 11]","9174,9175,9176"
3,Ross,"['joy', 'neutral', 'fear']","00:13:08,537","00:13:29,849","['And-and the answer is…is it’s going somewhere…fun.', 'Now I-I know what you’re thinking, fun was fine for you like ten years ago y’know, but you’re-you’re not getting any younger.', 'No I mean—No not you, not you, you—you']",916,8,11,"[10, 11, 12]","9175,9176,9177"
2,Ross,"['neutral', 'fear']","00:13:12,666","00:13:29,849","['Now I-I know what you’re thinking, fun was fine for you like ten years ago y’know, but you’re-you’re not getting any younger.', 'No I mean—No not you, not you, you—you']",916,8,11,"[11, 12]","9176,9177"
3,Chandler,"['neutral', 'joy', 'joy']","00:15:08,449","00:15:18,291","['Y’know what?', 'I am going to take you out to dinner tonight.', 'I found this place that makes the greatest mozzarella sticks and jalepino poppers .']",917,8,16,"[0, 1, 2]","9179,9180,9181"
3,Chandler,"['joy', 'joy', 'anger']","00:15:11,160","0:15:20,670","['I am going to take you out to dinner tonight.', 'I found this place that makes the greatest mozzarella sticks and jalepino poppers .', 'No?']",917,8,16,"[1, 2, 3]","9180,9181,9182"
3,Chandler,"['joy', 'anger', 'surprise']","00:15:13,829","0:15:21,052","['I found this place that makes the greatest mozzarella sticks and jalepino poppers .', 'No?', 'Really?']",917,8,16,"[2, 3, 4]","9181,9182,9183"
3,Chandler,"['anger', 'surprise', 'joy']","0:15:20,044","0:15:22,122","['No?', 'Really?', 'They taste so good.']",917,8,16,"[3, 4, 5]","9182,9183,9184"
2,Chandler,"['surprise', 'joy']","0:15:20,670","0:15:22,122","['Really?', 'They taste so good.']",917,8,16,"[4, 5]","9183,9184"
2,Chandler,"['anger', 'neutral']","00:20:29,895","00:20:40,571","['Hey, look, this name has been holding me back my entire life.', 'Okay, it’s probably why kids picked on me in school, and why I never do well with women… So, as of 4 o’clock tomorrow, I’m either gonna be Mark Johnson or John Markson.']",918,4,18,"[5, 6]","9190,9191"
3,Phoebe,"['anger', 'sadness', 'anger']","0:20:42,157","0:20:48,539","['You got problems because of you!', 'Not your name!', 'All right, this has got to stop!']",918,4,18,"[7, 8, 9]","9192,9193,9194"
3,Phoebe,"['sadness', 'anger', 'anger']","0:20:44,076","0:20:51,093","['Not your name!', 'All right, this has got to stop!', 'Chandler is a great name!']",918,4,18,"[8, 9, 10]","9193,9194,9195"
3,Phoebe,"['anger', 'anger', 'sadness']","0:20:47,329","00:20:58,839","['All right, this has got to stop!', 'Chandler is a great name!', 'In fact—yes,  I’m, I’m sorry.']",918,4,18,"[9, 10, 11]","9194,9195,9196"
3,Phoebe,"['anger', 'sadness', 'neutral']","0:20:48,539","00:21:03,261","['Chandler is a great name!', 'In fact—yes,  I’m, I’m sorry.', 'I know you really wanted me to name the baby Joey, but eh, so, I’m-I’m, I’m gonna, I’m gonna name the baby Chandler.']",918,4,18,"[10, 11, 12]","9195,9196,9197"
2,Phoebe,"['sadness', 'neutral']","00:20:52,308","00:21:03,261","['In fact—yes,  I’m, I’m sorry.', 'I know you really wanted me to name the baby Joey, but eh, so, I’m-I’m, I’m gonna, I’m gonna name the baby Chandler.']",918,4,18,"[11, 12]","9196,9197"
3,Eric,"['sadness', 'fear', 'sadness']","0:17:18,912","00:17:26,919","['No-no it’s not!', 'I don’t want to lose you!', 'It’s-it’s like I was saying to Ursula when I was making love to her and I thought she was you—Yeah it is too weird.']",921,8,7,"[5, 6, 7]","9211,9212,9213"
2,Eric,"['fear', 'sadness']","0:17:19,634","00:17:26,919","['I don’t want to lose you!', 'It’s-it’s like I was saying to Ursula when I was making love to her and I thought she was you—Yeah it is too weird.']",921,8,7,"[6, 7]","9212,9213"
2,Phoebe,"['neutral', 'sadness']","00:16:18,632","00:16:31,353","['No not you, Dr. Drake Remoray. You can ask him questions and see what’s he like. People tell doctors everything.', 'But lately all the guys I meet seem really nice at first, then they turn out to be the biggest jerks.']",924,8,23,"[4, 5]","9244,9246"
3,Chandler,"['neutral', 'neutral', 'joy']","0:01:40,266","0:01:44,317","['Oh, listen.', 'If this is about those prank memos, I had nothing to do with them.', 'Really.']",925,1,15,"[3, 4, 5]","9251,9252,9253"
3,Chandler,"['neutral', 'joy', 'neutral']","0:01:41,059","0:01:45,444","['If this is about those prank memos, I had nothing to do with them.', 'Really.', 'Nothing at all.']",925,1,15,"[4, 5, 6]","9252,9253,9254"
3,Chandler,"['joy', 'neutral', 'joy']","0:01:43,895","0:01:45,786","['Really.', 'Nothing at all.', 'Really.']",925,1,15,"[5, 6, 7]","9253,9254,9255"
3,Chandler,"['neutral', 'joy', 'neutral']","0:01:44,317","0:01:46,362","['Nothing at all.', 'Really.', 'Nothing.']",925,1,15,"[6, 7, 8]","9254,9255,9256"
2,Chandler,"['joy', 'neutral']","0:01:45,444","0:01:46,362","['Really.', 'Nothing.']",925,1,15,"[7, 8]","9255,9256"
3,Chandler,"['anger', 'sadness', 'neutral']","00:03:12,192","00:03:21,825","['No, no, I keep trying, y’know?', 'I can get out, ""Joey, I have too…"" but then I lose my nerve and I always finish with, ""…go to the bathroom.""', 'He may think I’m sick.']",926,6,2,"[4, 5, 6]","9261,9262,9263"
2,Chandler,"['sadness', 'neutral']","00:03:15,737","00:03:21,825","['I can get out, ""Joey, I have too…"" but then I lose my nerve and I always finish with, ""…go to the bathroom.""', 'He may think I’m sick.']",926,6,2,"[5, 6]","9262,9263"
3,Ross,"['joy', 'neutral', 'neutral']","00:02:39,617","00:02:48,375","['And it’ll be cool to see it again! Yeah!', 'Die Hard', 'Dude, you didn’t say']",930,7,6,"[9, 10, 11]","9303,9304,9305"
3,Joey/Drake,"['joy', 'anger', 'disgust']","00:22:41,360","00:22:49,909","['I know you botched that operation on purpose.', ""I can't prove    it yet, but when I do, you'll be going to jail for murder."", ""I don't care if you    are my brother.""]",931,9,11,"[0, 1, 2]","9310,9311,9312"
2,Joey/Drake,"['anger', 'disgust']","00:22:43,862","00:22:49,909","[""I can't prove    it yet, but when I do, you'll be going to jail for murder."", ""I don't care if you    are my brother.""]",931,9,11,"[1, 2]","9311,9312"
3,Phoebe,"['neutral', 'neutral', 'sadness']","00:16:36,370","0:16:41,327","['So go fix it!', 'Go find Chandler!', ""He's probably up in your room!""]",935,5,23,"[5, 6, 7]","9360,9361,9362"
3,Phoebe,"['neutral', 'sadness', 'anger']","0:16:38,580","00:16:43,376","['Go find Chandler!', ""He's probably up in your room!"", ""Tell him that you're sorry and that you love him.""]",935,5,23,"[6, 7, 8]","9361,9362,9363"
2,Phoebe,"['sadness', 'anger']","0:16:39,957","00:16:43,376","[""He's probably up in your room!"", ""Tell him that you're sorry and that you love him.""]",935,5,23,"[7, 8]","9362,9363"
3,Rachel,"['fear', 'sadness', 'neutral']","0:20:37,903","00:20:45,451","['Yeah, I know, I know, I know he does.', 'But I have to tell him how I feel!', 'He deserves to have all the information and then he can make an informed decision.']",936,4,23,"[7, 8, 9]","9376,9377,9378"
2,Rachel,"['sadness', 'neutral']","0:20:39,155","00:20:45,451","['But I have to tell him how I feel!', 'He deserves to have all the information and then he can make an informed decision.']",936,4,23,"[8, 9]","9377,9378"
3,Phoebe,"['sadness', 'sadness', 'anger']","0:20:55,379","00:21:04,720","['No!', 'Because he’s in love with the British chippy!', 'Look, Rachel, if you go, you’re just gonna mess with his head and ruin his wedding!']",936,4,23,"[14, 15, 16]","9383,9384,9385"
3,Phoebe,"['sadness', 'anger', 'anger']","0:20:58,401","0:21:07,440","['Because he’s in love with the British chippy!', 'Look, Rachel, if you go, you’re just gonna mess with his head and ruin his wedding!', 'Y’know, it’s too late!']",936,4,23,"[15, 16, 17]","9384,9385,9386"
3,Phoebe,"['anger', 'anger', 'sadness']","00:21:00,467","0:21:07,577","['Look, Rachel, if you go, you’re just gonna mess with his head and ruin his wedding!', 'Y’know, it’s too late!', 'You missed you’re chance!']",936,4,23,"[16, 17, 18]","9385,9386,9387"
3,Phoebe,"['anger', 'sadness', 'sadness']","0:21:04,888","00:21:14,146","['Y’know, it’s too late!', 'You missed you’re chance!', 'I’m sorry, I know this must be really hard, it’s over.']",936,4,23,"[17, 18, 19]","9386,9387,9388"
3,Joey,"['neutral', 'sadness', 'sadness']","00:21:52,185","00:22:10,536","['Well, so anyway Beth, what I’m saying is I should’ve considered your feelings before I went home with you that night.', 'I’ve ah, I’ve recently learned what’s it like to be on your side of it, and I’m sorry.', 'So, do you think you can forgive me?']",938,3,20,"[0, 1, 2]","9398,9399,9400"
3,Joey,"['sadness', 'sadness', 'joy']","00:22:04,573","0:22:12,248","['I’ve ah, I’ve recently learned what’s it like to be on your side of it, and I’m sorry.', 'So, do you think you can forgive me?', 'Great.']",938,3,20,"[1, 2, 3]","9399,9400,9401"
3,Joey,"['sadness', 'joy', 'joy']","00:22:07,826","0:22:13,805","['So, do you think you can forgive me?', 'Great.', 'Thanks.']",938,3,20,"[2, 3, 4]","9400,9401,9402"
3,Joey,"['joy', 'joy', 'neutral']","0:22:11,747","00:22:16,083","['Great.', 'Thanks.', 'Okay, bye.']",938,3,20,"[3, 4, 5]","9401,9402,9403"
3,Joey,"['joy', 'neutral', 'neutral']","0:22:12,248","00:22:25,676","['Thanks.', 'Okay, bye.', 'Hello, Jennifer?']",938,3,20,"[4, 5, 6]","9402,9403,9404"
3,Joey,"['neutral', 'neutral', 'surprise']","00:22:13,915","00:22:28,596","['Okay, bye.', 'Hello, Jennifer?', 'Oh hi, Mrs. Loreo, is Jennifer there?']",938,3,20,"[5, 6, 7]","9403,9404,9405"
3,Joey,"['neutral', 'surprise', 'surprise']","00:22:23,925","00:22:30,723","['Hello, Jennifer?', 'Oh hi, Mrs. Loreo, is Jennifer there?', 'Oh, she’s not home huh?']",938,3,20,"[6, 7, 8]","9404,9405,9406"
3,Joey,"['surprise', 'surprise', 'neutral']","00:22:25,844","00:22:35,811","['Oh hi, Mrs. Loreo, is Jennifer there?', 'Oh, she’s not home huh?', 'Well ah, actually I kinda need to talk to you too.']",938,3,20,"[7, 8, 9]","9405,9406,9407"
2,Joey,"['surprise', 'neutral']","00:22:28,764","00:22:35,811","['Oh, she’s not home huh?', 'Well ah, actually I kinda need to talk to you too.']",938,3,20,"[8, 9]","9406,9407"
3,Phoebe,"['surprise', 'joy', 'sadness']","0:06:08,159","00:06:16,500","['Are you kidding?', 'I’m like the one who talked him into it.', 'I  like to think of myself as the puppet master of the group.']",939,9,1,"[6, 7, 8]","9414,9415,9416"
2,Phoebe,"['joy', 'sadness']","0:06:08,994","00:06:16,500","['I’m like the one who talked him into it.', 'I  like to think of myself as the puppet master of the group.']",939,9,1,"[7, 8]","9415,9416"
3,Monica,"['neutral', 'anger', 'neutral']","00:13:27,223","00:13:35,396","['Okay, here’s batch 22.', 'Oh, maybe these’ll taste a little like your grandmother’s.', 'This has a little bit of orange peel, but no nutmeg.']",943,7,3,"[0, 1, 2]","9462,9463,9464"
2,Monica,"['anger', 'neutral']","00:13:30,434","00:13:35,396","['Oh, maybe these’ll taste a little like your grandmother’s.', 'This has a little bit of orange peel, but no nutmeg.']",943,7,3,"[1, 2]","9463,9464"
3,Rachel,"['sadness', 'disgust', 'anger']","00:05:03,094","00:05:19,735","['Oh honey, come on, I’m sorry, I didn’t....', ""I don’t mind paying my dues, y'know, its just how much am I gonna learn about fashion by walking Mira, the arthritic seamstress, to the bathroom."", 'Hi! Is my misery amusing to you?']",945,3,11,"[4, 5, 6]","9475,9476,9477"
2,Rachel,"['disgust', 'anger']","00:05:05,930","00:05:19,735","[""I don’t mind paying my dues, y'know, its just how much am I gonna learn about fashion by walking Mira, the arthritic seamstress, to the bathroom."", 'Hi! Is my misery amusing to you?']",945,3,11,"[5, 6]","9476,9477"
3,Monica,"['surprise', 'neutral', 'neutral']","0:00:09,968","00:00:21,103","['Oh my God.', 'Phoebe.', ""Don't look now, but behind us is a guy who has the potential to break our hearts and plunge us into a pit of depression.""]",946,1,11,"[3, 4, 5]","9490,9491,9492"
3,Phoebe,"['neutral', 'neutral', 'joy']","00:06:26,887","00:06:38,607","[""But I'm told for fifty pesos you can buy a    human spleen."", 'Human spleeeen.', 'Olé!']",948,9,19,"[1, 2, 3]","9521,9522,9523"
2,Phoebe,"['neutral', 'joy']","00:06:33,352","00:06:38,607","['Human spleeeen.', 'Olé!']",948,9,19,"[2, 3]","9522,9523"
2,Ross,"['anger', 'disgust']","00:18:02,706","00:18:12,465","['This year was supposed to be great!', ""But, it's only the second day and I'm a loser with stupid leather pants that don't even fit!""]",950,5,11,"[2, 3]","9551,9552"
2,Phoebe,"['anger', 'sadness']","00:08:23,669","00:08:34,888","[""No, Mike, I don't want to kill him!"", 'I thought we were just gonna    capture him and, and you know, set him free in the country side where he can    maybe meet a friendly possom and a wisecracking owl.']",953,9,12,"[6, 7]","9583,9584"
3,Phoebe,"['neutral', 'fear', 'sadness']","0:08:37,267","0:08:43,283","[""I'll find Bob, I'll get him."", 'Bob?', 'Bob!']",953,9,12,"[9, 10, 11]","9586,9587,9588"
3,Phoebe,"['fear', 'sadness', 'anger']","0:08:39,101","00:08:45,815","['Bob?', 'Bob!', 'Robert!']",953,9,12,"[10, 11, 12]","9587,9588,9589"
3,Phoebe,"['sadness', 'anger', 'neutral']","0:08:39,663","00:08:49,194","['Bob!', 'Robert!', 'Oh wait, I think I hear him.']",953,9,12,"[11, 12, 13]","9588,9589,9590"
3,Phoebe,"['anger', 'neutral', 'surprise']","00:08:43,397","0:08:54,826","['Robert!', 'Oh wait, I think I hear him.', 'Oh - Oh my god!']",953,9,12,"[12, 13, 14]","9589,9590,9591"
3,Phoebe,"['neutral', 'surprise', 'surprise']","00:08:47,485","0:08:56,078","['Oh wait, I think I hear him.', 'Oh - Oh my god!', 'Bob    had babies!']",953,9,12,"[13, 14, 15]","9590,9591,9592"
3,Rachel,"['anger', 'anger', 'neutral']","00:08:49,779","00:09:01,456","['So if I said yes, he would know I had nothing better to do than wait around for an invitation to his stupid party.', 'I said, ""No!""', 'Which puts']",955,5,7,"[2, 3, 4]","9608,9609,9610"
2,Rachel,"['anger', 'neutral']","00:08:57,078","00:09:01,456","['I said, ""No!""', 'Which puts']",955,5,7,"[3, 4]","9609,9610"
2,Danny,"['anger', 'neutral']","00:17:52,738","00:18:05,917","['Oh great! That', 'Do-do you, do you have brothers?']",956,5,10,"[4, 5]","9617,9619"
3,Ross,"['neutral', 'sadness', 'neutral']","00:05:30,580","0:05:45,445","['I didn’t even realise how late it was, until I noticed the 5 o’clock shadow on her head.', 'Anyway, she didn’t want to stay.', 'I called a cab. she just left.']",959,4,1,"[0, 1, 2]","9634,9635,9636"
2,Ross,"['sadness', 'neutral']","0:05:41,382","0:05:45,445","['Anyway, she didn’t want to stay.', 'I called a cab. she just left.']",959,4,1,"[1, 2]","9635,9636"
3,Monica,"['neutral', 'disgust', 'disgust']","00:09:24,397","00:09:32,737","['All right, that I’ll retract.', 'But I stand by my review, I know food and that wasn’t it.', 'You’re marinara sauce tasted like tomato juice!']",960,4,9,"[2, 3, 4]","9646,9647,9648"
2,Phoebe,"['neutral', 'anger']","00:05:50,433","00:05:59,900","['Okay, then what happened?', ""Ohh. Uh-huh. Uh-huh.  You'll get your turn!""]",961,5,12,"[0, 1]","9655,9656"
3,Monica,"['neutral', 'joy', 'joy']","0:21:28,735","00:21:40,120","['I know.', 'Hey, do you realize we may have just changed our lives forever?', 'We may have just started a family.']",962,8,24,"[1, 2, 3]","9671,9672,9673"
3,Ross,"['surprise', 'anger', 'anger']","0:12:48,726","0:12:51,800","['I knew it!', 'I knew it!', 'I always knew she liked him!']",963,3,19,"[1, 2, 3]","9677,9678,9679"
3,Ross,"['anger', 'anger', 'neutral']","0:12:49,936","0:12:54,068","['I always knew she liked him!', ""Y'know, she’d say no, but here we are!"", 'Right?']",963,3,19,"[3, 4, 5]","9679,9680,9681"
3,Ross,"['anger', 'neutral', 'anger']","0:12:52,062","00:12:56,649","[""Y'know, she’d say no, but here we are!"", 'Right?', 'We just broke up, first thing she does!']",963,3,19,"[4, 5, 6]","9680,9681,9682"
2,Ross,"['neutral', 'anger']","0:12:53,834","00:12:56,649","['Right?', 'We just broke up, first thing she does!']",963,3,19,"[5, 6]","9681,9682"
2,Ross,"['joy', 'neutral']","0:06:35,395","0:06:41,851","[""Well, y'know how I'm trying to work things out with Emily."", ""Well, there's this one thing… Okay,  here goes.""]",964,5,5,"[2, 3]","9700,9701"
3,Rachel,"['sadness', 'sadness', 'anger']","00:06:58,126","0:07:01,680","['Oh God.', 'No!', 'Oh not again!']",964,5,5,"[7, 8, 9]","9705,9706,9707"
3,Rachel,"['sadness', 'anger', 'sadness']","0:07:00,420","00:07:03,755","['No!', 'Oh not again!', 'This-this happened when my grandfather died.']",964,5,5,"[8, 9, 10]","9706,9707,9708"
3,Rachel,"['anger', 'sadness', 'disgust']","0:07:01,422","0:07:04,925","['Oh not again!', 'This-this happened when my grandfather died.', ""It's ugh!""]",964,5,5,"[9, 10, 11]","9707,9708,9709"
3,Rachel,"['sadness', 'disgust', 'sadness']","00:07:01,796","0:07:05,972","['This-this happened when my grandfather died.', ""It's ugh!"", 'Sorry.']",964,5,5,"[10, 11, 12]","9708,9709,9710"
3,Rachel,"['disgust', 'sadness', 'neutral']","0:07:03,923","00:07:11,721","[""It's ugh!"", 'Sorry.', ""Oh, okay, so I'm sorry, what-what were you-what did you want to tell me?""]",964,5,5,"[11, 12, 13]","9709,9710,9711"
2,Rachel,"['sadness', 'neutral']","0:07:04,925","00:07:11,721","['Sorry.', ""Oh, okay, so I'm sorry, what-what were you-what did you want to tell me?""]",964,5,5,"[12, 13]","9710,9711"
3,Rachel,"['surprise', 'surprise', 'joy']","0:03:23,560","00:03:30,040","['Wow!', 'She is kicking so much!', 'Oh, she’s like umm…oh…who’s that kind of annoying girl soccer player?']",967,8,14,"[2, 3, 4]","9733,9734,9735"
2,Rachel,"['surprise', 'joy']","0:03:25,200","00:03:30,040","['She is kicking so much!', 'Oh, she’s like umm…oh…who’s that kind of annoying girl soccer player?']",967,8,14,"[3, 4]","9734,9735"
3,Ross,"['anger', 'neutral', 'neutral']","00:08:59,914","00:09:11,716","['Yeah!', 'Anyway, I-I still think we should try to patch things up, y’know?', 'Like uh, maybe we could get him to get tickets to another Knicks game and invite him.']",969,6,23,"[0, 1, 2]","9750,9751,9752"
2,Joey,"['joy', 'neutral']","0:09:17,723","0:09:20,903","['Hey-hey-hey-ho-ho, I got this one.', 'Here you go.']",969,6,23,"[5, 6]","9756,9757"
3,Ross,"['neutral', 'neutral', 'joy']","0:13:49,787","00:13:55,667","['Oh right.', 'Right.', 'Ooh, remember the time I uh, I pinned you down and tickled you ‘til you cried?']",972,7,19,"[4, 5, 6]","9766,9767,9768"
3,Ross,"['neutral', 'joy', 'sadness']","0:13:50,788","00:14:00,421","['Right.', 'Ooh, remember the time I uh, I pinned you down and tickled you ‘til you cried?', 'We’re probably too old to do that now.']",972,7,19,"[5, 6, 7]","9767,9768,9769"
2,Ross,"['joy', 'sadness']","00:13:49,787","00:14:00,421","['Ooh, remember the time I uh, I pinned you down and tickled you ‘til you cried?', 'We’re probably too old to do that now.']",972,7,19,"[6, 7]","9768,9769"
3,Phoebe,"['neutral', 'neutral', 'joy']","00:13:29,058","00:13:40,610","[""All right, betting and wagering of any kind, are, I'm sure, not permitted in the happy place."", 'Okay.', 'Just-just, you know, the-the lovely waterfalls, and the, the trickling fountains.']",973,3,1,"[14, 15, 16]","9788,9789,9790"
3,Phoebe,"['neutral', 'joy', 'neutral']","00:13:33,145","00:13:45,740","['Okay.', 'Just-just, you know, the-the lovely waterfalls, and the, the trickling fountains.', 'And the-the calming sounds of the babbling brook....']",973,3,1,"[15, 16, 17]","9789,9790,9791"
2,Phoebe,"['joy', 'neutral']","00:13:38,067","00:13:45,740","['Just-just, you know, the-the lovely waterfalls, and the, the trickling fountains.', 'And the-the calming sounds of the babbling brook....']",973,3,1,"[16, 17]","9790,9791"
3,Rachel,"['anger', 'neutral', 'neutral']","0:21:18,777","0:21:34,522","[""I'm not jealous."", ""All right this is about, umm, people feeling certain things y'know about strippers."", ""And y'know, and um, I...""]",977,3,12,"[6, 7, 8]","9821,9822,9823"
3,Rachel,"['joy', 'neutral', 'joy']","00:21:54,217","00:22:04,905","['Don’t say anything.', 'I don’t wanna speak, I don’t wanna think.', 'I just want you to take me and kiss me and make love to me right here, right now.']",978,3,6,"[1, 2, 3]","9831,9832,9833"
2,Rachel,"['neutral', 'joy']","00:21:56,773","00:22:04,905","['I don’t wanna speak, I don’t wanna think.', 'I just want you to take me and kiss me and make love to me right here, right now.']",978,3,6,"[2, 3]","9832,9833"
3,Ross,"['neutral', 'neutral', 'sadness']","0:12:42,303","00:12:46,639","['Hi.', 'How?s it going.', 'This is the hardest letter I?ve ever had to write.']",980,3,11,"[1, 2, 3]","9920,9921,9922"
3,Ross,"['neutral', 'sadness', 'disgust']","0:12:42,846","00:12:50,351","['How?s it going.', 'This is the hardest letter I?ve ever had to write.', 'What the hell?s a matter with you?']",980,3,11,"[2, 3, 4]","9921,9922,9923"
3,Ross,"['sadness', 'disgust', 'anger']","00:12:44,180","00:12:53,229","['This is the hardest letter I?ve ever had to write.', 'What the hell?s a matter with you?', 'How do you think Joey?s going to react when he finds out that you blew off his sister with a letter?']",980,3,11,"[3, 4, 5]","9922,9923,9924"
2,Ross,"['disgust', 'anger']","00:12:46,807","00:12:53,229","['What the hell?s a matter with you?', 'How do you think Joey?s going to react when he finds out that you blew off his sister with a letter?']",980,3,11,"[4, 5]","9923,9924"
3,Phoebe,"['surprise', 'joy', 'neutral']","00:03:17,572","0:03:22,008","[""Oh, I can't believe it!"", ""I mean I think it's great!"", 'For him.']",986,5,14,"[3, 4, 5]","9889,9890,9891"
3,Phoebe,"['joy', 'neutral', 'neutral']","0:03:19,532","00:03:23,660","[""I mean I think it's great!"", 'For him.', 'She might be able to do better.']",986,5,14,"[4, 5, 6]","9890,9891,9892"
3,Joey,"['neutral', 'neutral', 'joy']","0:03:51,910","00:03:59,821","[""It doesn't matter who knows what."", 'Now, enough of us know that we can just tell them that we know!', 'Then all the lying and the secrets would finally be over!']",986,5,14,"[14, 15, 16]","9901,9902,9903"
2,Joey,"['neutral', 'joy']","00:03:53,441","00:03:59,821","['Now, enough of us know that we can just tell them that we know!', 'Then all the lying and the secrets would finally be over!']",986,5,14,"[15, 16]","9902,9903"
3,Phoebe,"['surprise', 'sadness', 'sadness']","00:18:49,461","00:19:01,889","['How could it not be?', 'I mean pretty soon they’re gonna be having kids, and then they’re just gonna be hanging out with other couples who have kids.', 'And then maybe they’re gonna have to leave the city to be near a']",988,7,21,"[2, 3, 4]","9907,9908,9909"
3,Joey,"['neutral', 'sadness', 'neutral']","00:13:31,769","00:13:44,030","[""Y'know what I mean, about how I'm always going out with all these women."", ""And I always figured, when the right one comes along, I'd be able to be a stand-up guy and go the distance, y'know?"", ""Now I'm looking at my dad, thinking...""]",990,1,13,"[5, 6, 7]","9930,9931,9932"
2,Joey,"['sadness', 'neutral']","00:13:35,022","00:13:44,030","[""And I always figured, when the right one comes along, I'd be able to be a stand-up guy and go the distance, y'know?"", ""Now I'm looking at my dad, thinking...""]",990,1,13,"[6, 7]","9931,9932"
3,Monica,"['surprise', 'neutral', 'neutral']","0:13:29,226","00:13:37,484","['Oh no!', 'I don’t know anything about cooking.', 'I had to ask someone what it’s called when the, when the water makes those little bubbles.']",991,8,21,"[8, 9, 10]","9953,9954,9955"
2,Phoebe,"['joy', 'neutral']","00:15:56,789","00:16:06,547","[""Good. Oh oh! Roger's having a dinner thing and he wanted me to invite you guys."", ""So what's going on?""]",992,1,13,"[3, 4]","9963,9964"
3,Joey,"['anger', 'neutral', 'neutral']","00:15:17,082","00:15:27,592","[""Y'know, I-I don't even feel like I know you anymore man!"", ""All right, look, I'm just gonna ask you this one time."", ""And whatever you say, I'll believe ya.""]",994,5,5,"[3, 4, 5]","9983,9984,9985"
3,Joey,"['neutral', 'neutral', 'anger']","00:15:20,961","00:15:33,097","[""All right, look, I'm just gonna ask you this one time."", ""And whatever you say, I'll believe ya."", 'Were you, or were you not on a gay cruise?']",994,5,5,"[4, 5, 6]","9984,9985,9986"
2,Joey,"['neutral', 'anger']","00:15:25,007","00:15:33,097","[""And whatever you say, I'll believe ya."", 'Were you, or were you not on a gay cruise?']",994,5,5,"[5, 6]","9985,9986"
3,Ross,"['joy', 'anger', 'anger']","00:10:53,069","00:11:10,710","['Postpone it?', 'Emily, do you think Monica realises how much our parents spent on this wedding?', 'Do you my sister’s teeny-tiny little brain comprehends that people took time out of their lives to fly thousands of miles to be here, huh?']",996,4,23,"[2, 3, 4]","9992,9993,9994"
3,Ross,"['anger', 'anger', 'neutral']","00:10:56,072","00:11:16,049","['Emily, do you think Monica realises how much our parents spent on this wedding?', 'Do you my sister’s teeny-tiny little brain comprehends that people took time out of their lives to fly thousands of miles to be here, huh?', 'This isn’t right.']",996,4,23,"[3, 4, 5]","9993,9994,9995"
2,Ross,"['anger', 'neutral']","00:11:00,493","00:11:16,049","['Do you my sister’s teeny-tiny little brain comprehends that people took time out of their lives to fly thousands of miles to be here, huh?', 'This isn’t right.']",996,4,23,"[4, 5]","9994,9995"
3,Monica,"['neutral', 'neutral', 'joy']","00:04:55,837","00:05:08,181","[""I'm at work, ordinary day, you know, chop chop chop, sauti, sauti, sauti."", 'All of a sudden, Leon, the manager, calls me into his office.', 'It turns out they fired the head lunch chef, and guess who got the job.']",1001,2,5,"[1, 2, 3]","10034,10035,10036"
2,Monica,"['neutral', 'joy']","00:05:01,884","00:05:08,181","['All of a sudden, Leon, the manager, calls me into his office.', 'It turns out they fired the head lunch chef, and guess who got the job.']",1001,2,5,"[2, 3]","10035,10036"
3,Monica,"['joy', 'joy', 'neutral']","00:05:14,897","0:05:23,782","['And, they made me head of purchasing, thank you very much.', 'Anyway, I just ran into Ross and Chandler downstairs, and they think we should go out and celebrate.', ""Y'know, someplace nice.""]",1001,2,5,"[6, 7, 8]","10039,10040,10041"
2,Monica,"['joy', 'neutral']","00:05:19,694","0:05:23,782","['Anyway, I just ran into Ross and Chandler downstairs, and they think we should go out and celebrate.', ""Y'know, someplace nice.""]",1001,2,5,"[7, 8]","10040,10041"
3,Phoebe,"['neutral', 'neutral', 'joy']","00:15:06,405","00:15:18,499","['That—this milk is mine.', ""I bought this today, 'cause I was thirsty for milk, y'know."", ""Okay, let's go!""]",1005,5,7,"[8, 9, 10]","10075,10076,10077"
2,Phoebe,"['neutral', 'joy']","00:15:06,405","00:15:18,499","[""I bought this today, 'cause I was thirsty for milk, y'know."", ""Okay, let's go!""]",1005,5,7,"[9, 10]","10076,10077"
3,Phoebe,"['anger', 'neutral', 'anger']","00:15:33,599","00:15:48,404","['Okay, stop!', ""Larry, okay, can't you just be Larry and not Larry the health inspector guy?"", ""Y'know I mean it was really exciting at first but now it's like, okay, so where are we gonna eat ever?""]",1005,5,7,"[14, 15, 16]","10081,10082,10083"
2,Phoebe,"['neutral', 'anger']","00:15:36,018","00:15:48,404","[""Larry, okay, can't you just be Larry and not Larry the health inspector guy?"", ""Y'know I mean it was really exciting at first but now it's like, okay, so where are we gonna eat ever?""]",1005,5,7,"[15, 16]","10082,10083"
3,Phoebe,"['joy', 'neutral', 'anger']","00:15:52,493","0:15:57,472","['Thank you.', 'Go!', 'Go!']",1005,5,7,"[18, 19, 20]","10085,10087,10088"
3,Phoebe,"['neutral', 'anger', 'disgust']","0:15:54,954","00:16:05,713","['Go!', 'Go!', 'Now, if after dinner you still really need to bust someone, I know a hot dog vendor who picks his nose.']",1005,5,7,"[19, 20, 21]","10087,10088,10089"
2,Phoebe,"['anger', 'disgust']","0:15:55,766","00:16:05,713","['Go!', 'Now, if after dinner you still really need to bust someone, I know a hot dog vendor who picks his nose.']",1005,5,7,"[20, 21]","10088,10089"
3,Ross,"['sadness', 'sadness', 'anger']","00:18:32,903","00:18:42,245","['Well, I lost.', 'Some little girl loaned her uniform to her nineteen year old sister, who went down to the U.S.S.', 'Nimitz, and sold over 2,000 boxes.']",1007,3,10,"[1, 2, 3]","10097,10098,10099"
2,Ross,"['sadness', 'anger']","00:18:34,238","00:18:42,245","['Some little girl loaned her uniform to her nineteen year old sister, who went down to the U.S.S.', 'Nimitz, and sold over 2,000 boxes.']",1007,3,10,"[2, 3]","10098,10099"
3,Rachel,"['anger', 'anger', 'sadness']","0:19:11,567","0:19:15,762","['I can’t!', 'It’s too late!', 'Terry already hired that girl over there.']",1007,3,10,"[10, 11, 12]","10106,10107,10108"
3,Rachel,"['anger', 'sadness', 'sadness']","0:19:13,361","00:19:20,366","['It’s too late!', 'Terry already hired that girl over there.', 'Look at her, she’s even got waitress experience.']",1007,3,10,"[11, 12, 13]","10107,10108,10109"
3,Monica,"['surprise', 'surprise', 'joy']","00:14:35,791","0:14:55,195","[""Wait! Did you say 'G.Stephanopoulos?'"", 'Wait, was this a-a small mediterranean guy with curiously intelligent good looks?', 'Was he wearing a stunning blue suit?']",1009,1,4,"[8, 9, 10]","10130,10131,10132"
2,Monica,"['surprise', 'joy']","00:14:45,009","0:14:55,195","['Wait, was this a-a small mediterranean guy with curiously intelligent good looks?', 'Was he wearing a stunning blue suit?']",1009,1,4,"[9, 10]","10131,10132"
3,Phoebe,"['anger', 'anger', 'surprise']","0:08:24,253","0:08:31,144","['Shh!', 'Doogie, shh!', ""Doesn't anybody understand that I'm gonna be having babies soon?""]",1012,5,3,"[5, 6, 7]","10171,10172,10173"
3,Phoebe,"['anger', 'surprise', 'surprise']","0:08:24,712","0:08:32,235","['Doogie, shh!', ""Doesn't anybody understand that I'm gonna be having babies soon?"", 'Huh?']",1012,5,3,"[6, 7, 8]","10172,10173,10174"
3,Phoebe,"['surprise', 'surprise', 'anger']","0:08:27,882","0:08:34,722","[""Doesn't anybody understand that I'm gonna be having babies soon?"", 'Huh?', 'Go!']",1012,5,3,"[7, 8, 9]","10173,10174,10175"
3,Phoebe,"['surprise', 'anger', 'anger']","0:08:31,144","0:08:34,866","['Huh?', 'Go!', 'Go little boy, go!']",1012,5,3,"[8, 9, 10]","10174,10175,10176"
2,Chandler,"['joy', 'neutral']","00:20:02,492","00:20:07,830","[""You have to give 'em something, you know."", ""Okay, now that was Gerston, Santos, and who's the guy with the moustache?""]",1015,1,22,"[6, 7]","10193,10194"
2,Carol,"['neutral', 'anger']","00:15:56,705","00:16:06,047","['Listen, we both know you’re gonna do it ‘cause you’re not a jerk.', 'So you can either sulk here for a half hour and then go pick them up, or save us both time and sulk in the car.']",1016,3,17,"[17, 18]","10214,10216"
3,Phoebe,"['anger', 'anger', 'joy']","00:13:01,739","0:13:11,743","[""Well, I've been reading up and for your information, minks are not very nice."", 'Okay, I admit it!', 'I love this coat!']",1017,5,6,"[8, 9, 10]","10228,10229,10230"
3,Phoebe,"['anger', 'joy', 'joy']","0:13:08,996","00:13:16,294","['Okay, I admit it!', 'I love this coat!', ""Okay, I—it's the best thing I've ever had wrapped around me, including Phil Huntley!""]",1017,5,6,"[9, 10, 11]","10229,10230,10231"
3,Phoebe,"['joy', 'joy', 'neutral']","0:13:10,623","0:13:18,598","['I love this coat!', ""Okay, I—it's the best thing I've ever had wrapped around me, including Phil Huntley!"", 'Remember Phil Huntley?']",1017,5,6,"[10, 11, 12]","10230,10231,10232"
3,Phoebe,"['joy', 'neutral', 'joy']","00:13:11,874","0:13:20,235","[""Okay, I—it's the best thing I've ever had wrapped around me, including Phil Huntley!"", 'Remember Phil Huntley?', 'He was fine!']",1017,5,6,"[11, 12, 13]","10231,10232,10233"
2,Phoebe,"['neutral', 'joy']","0:13:17,546","0:13:20,235","['Remember Phil Huntley?', 'He was fine!']",1017,5,6,"[12, 13]","10232,10233"
3,Phoebe,"['anger', 'surprise', 'anger']","0:17:02,813","0:17:06,307","['That’s it?!', 'You call that a fight?', 'Come on!']",1018,8,8,"[11, 12, 13]","10245,10246,10247"
3,Phoebe,"['surprise', 'anger', 'anger']","0:17:03,648","0:17:09,332","['You call that a fight?', 'Come on!', '""We were on a break!""']",1018,8,8,"[12, 13, 14]","10246,10247,10248"
3,Phoebe,"['anger', 'anger', 'surprise']","0:17:06,400","0:17:10,143","['""We were on a break!""', '""No we weren’t!""', 'What happened to you two?']",1018,8,8,"[14, 15, 16]","10248,10249,10250"
2,Phoebe,"['anger', 'surprise']","0:17:09,332","0:17:10,143","['""No we weren’t!""', 'What happened to you two?']",1018,8,8,"[15, 16]","10249,10250"
3,Chandler,"['neutral', 'neutral', 'disgust']","0:12:07,530","00:12:16,067","['I can put gel on it.', 'It doesn’t matter, I still wind up with this little  cowlicky thing on the middle part of my head.', 'It’s so annoying.']",1021,3,19,"[1, 2, 3]","10277,10278,10279"
3,Chandler,"['neutral', 'disgust', 'sadness']","00:12:09,478","0:12:17,037","['It doesn’t matter, I still wind up with this little  cowlicky thing on the middle part of my head.', 'It’s so annoying.', 'Does it bug you?']",1021,3,19,"[2, 3, 4]","10278,10279,10280"
2,Chandler,"['disgust', 'sadness']","00:12:12,481","0:12:17,037","['It’s so annoying.', 'Does it bug you?']",1021,3,19,"[3, 4]","10279,10280"
2,Rachel,"['neutral', 'anger']","00:08:11,115","00:08:24,294","['There’s nothing wrong with a woman enjoying a little…erotica.', 'It’s just a healthy expression of female sexuality, which by the way, you will never understand.']",1022,7,2,"[15, 16]","10298,10299"
3,Joey,"['sadness', 'surprise', 'anger']","00:11:58,509","00:12:07,058","['Will you hurry up?', 'Did you not hear me before when I told you that all of Janine’s friends are dancers?!', 'And that they’re going to be drinking alot!']",1025,6,9,"[3, 4, 5]","10335,10336,10337"
2,Joey,"['surprise', 'anger']","00:12:00,010","00:12:07,058","['Did you not hear me before when I told you that all of Janine’s friends are dancers?!', 'And that they’re going to be drinking alot!']",1025,6,9,"[4, 5]","10336,10337"
3,Rachel,"['anger', 'anger', 'fear']","0:12:15,193","00:12:24,367","['Come on!', 'I don’t wanna make any mistakes, alright?', ""This is the only dessert and if I screw it up everybody's gonna be like “Oh, remember that Thanksgiving when Rachel screwed up the trifle?”""]",1025,6,9,"[9, 10, 11]","10342,10343,10344"
2,Rachel,"['anger', 'fear']","0:12:15,611","00:12:24,367","['I don’t wanna make any mistakes, alright?', ""This is the only dessert and if I screw it up everybody's gonna be like “Oh, remember that Thanksgiving when Rachel screwed up the trifle?”""]",1025,6,9,"[10, 11]","10343,10344"
2,Rachel,"['fear', 'neutral']","00:12:17,069","00:12:30,206","[""This is the only dessert and if I screw it up everybody's gonna be like “Oh, remember that Thanksgiving when Rachel screwed up the trifle?”"", 'So why don’t you just let me worry about making the trifle and you just worry about eating it, alright?']",1025,6,9,"[11, 12]","10344,10345"
3,Phoebe,"['neutral', 'sadness', 'sadness']","00:05:39,339","00:06:03,153","[""It's Phoebe."", 'Umm, well I sorta have some bad news, can I come in?', 'Umm, well, umm Grandma died.']",1027,5,13,"[0, 1, 2]","10367,10368,10369"
3,Phoebe,"['sadness', 'sadness', 'joy']","00:05:56,606","00:06:17,459","['Umm, well, umm Grandma died.', ""No, she just died today! Okay, umm, we're having a memorial service tomorrow."", ""No you didn't!""]",1027,5,13,"[2, 3, 4]","10369,10370,10371"
3,Phoebe,"['sadness', 'joy', 'anger']","00:06:06,741","00:06:25,300","[""No, she just died today! Okay, umm, we're having a memorial service tomorrow."", ""No you didn't!"", 'Well, lots of people! Look, are you coming to memorial service or not?']",1027,5,13,"[3, 4, 5]","10370,10371,10372"
2,Phoebe,"['joy', 'anger']","00:06:16,000","00:06:25,300","[""No you didn't!"", 'Well, lots of people! Look, are you coming to memorial service or not?']",1027,5,13,"[4, 5]","10371,10372"
3,Rachel,"['surprise', 'joy', 'joy']","00:04:14,796","00:04:20,008","['I’m funny?', 'Oh thank God!', 'Well hey, I’ve got a ton of these!']",1029,7,16,"[5, 6, 7]","10386,10387,10388"
3,Stanley,"['neutral', 'anger', 'neutral']","0:19:44,808","0:19:47,050","[""I don't know."", 'A week?', 'Maybe two?']",1036,5,22,"[9, 10, 11]","10446,10447,10448"
3,Stanley,"['anger', 'neutral', 'neutral']","0:19:45,700","0:19:48,700","['A week?', 'Maybe two?', 'The money will turn up!']",1036,5,22,"[10, 11, 12]","10447,10448,10449"
3,Joey,"['neutral', 'neutral', 'disgust']","0:00:32,824","00:00:44,334","['Hold it, hold it.', 'I gotta side with Chandler on this one.', ""When I first moved to the city, I went out a couple of times with this girl, really hot, great kisser, but she had the biggest Adam's apple.""]",1038,2,3,"[9, 10, 11]","10470,10471,10472"
3,Joey,"['neutral', 'disgust', 'disgust']","0:00:33,456","00:00:46,587","['I gotta side with Chandler on this one.', ""When I first moved to the city, I went out a couple of times with this girl, really hot, great kisser, but she had the biggest Adam's apple."", 'It made me nuts.']",1038,2,3,"[10, 11, 12]","10471,10472,10473"
